0.000000000000000000e+00
0.000000000000000000e+00
0.000000000000000000e+00
0.000000000000000000e+00
0.000000000000000000e+00
0.000000000000000000e+00
0.000000000000000000e+00
0.000000000000000000e+00
0.000000000000000000e+00
0.000000000000000000e+00
3.952945036793977272e-35
3.961020640492686627e-35
3.969096244191395983e-35
3.977171847890105338e-35
3.985247451588814694e-35
3.993323055287524049e-35
4.001398658986233940e-35
4.009474262684943295e-35
4.017549866383652651e-35
4.025625470082362006e-35
4.033701073781071362e-35
4.041776677479780717e-35
4.049852281178490073e-35
4.057927884877199428e-35
4.066003488575908784e-35
4.074079092274618139e-35
4.082154695973327495e-35
4.284009109190117355e-35
4.679642331924987186e-35
5.075275554659857017e-35
5.470908777394727917e-35
5.866542000129597747e-35
6.262175222864467578e-35
6.657808445599337409e-35
7.053441668334207239e-35
7.449074891069078139e-35
7.844708113803947970e-35
8.240341336538817801e-35
8.635974559273687631e-35
9.031607782008557462e-35
9.427241004743428362e-35
9.822874227478297124e-35
1.021850745021316802e-34
1.061414067294803892e-34
1.341336411573412331e-34
1.861617777857142118e-34
2.381899144140872332e-34
2.902180510424601905e-34
3.422461876708331479e-34
3.942743242992061907e-34
4.463024609275791480e-34
4.983305975559521909e-34
5.503587341843251482e-34
6.023868708126981910e-34
6.544150074410711483e-34
7.064431440694441056e-34
7.584712806978171485e-34
8.104994173261900203e-34
8.625275539545629776e-34
9.145556905829361060e-34
9.665838272113090633e-34
1.396295089028887902e-07
2.792590178057775804e-07
4.188885267086663706e-07
5.585180356115551609e-07
6.981475445144440040e-07
8.377770534173327413e-07
9.774065623202214786e-07
1.117036071223110322e-06
1.256665580125999165e-06
1.396295089028888008e-06
1.535924597931776639e-06
1.675554106834665483e-06
1.815183615737554326e-06
1.954813124640442957e-06
2.094442633543332012e-06
2.234072142446220643e-06
6.450268537980904287e-04
1.930472787600475857e-03
3.215918721402861828e-03
4.501364655205246715e-03
5.786810589007632469e-03
7.072256522810018223e-03
8.357702456612403977e-03
9.643148390414789731e-03
1.092859432421717548e-02
1.221404025801956124e-02
1.349948619182194699e-02
1.478493212562433275e-02
1.607037805942671677e-02
1.735582399322910252e-02
1.864126992703148827e-02
1.992671586083387403e-02
2.121216179463625978e-02
2.486471966257284769e-02
3.088438946464363427e-02
3.690405926671442433e-02
4.292372906878520744e-02
4.894339887085599750e-02
5.496306867292678755e-02
6.098273847499757760e-02
6.700240827706836766e-02
7.302207807913915771e-02
7.904174788120994777e-02
8.506141768328072394e-02
9.108108748535151400e-02
9.710075728742230405e-02
1.031204270894930941e-01
1.091400968915638842e-01
1.151597666936346742e-01
1.211794364957054504e-01
1.312070355805821653e-01
1.452425639482647912e-01
1.592780923159474171e-01
1.733136206836300430e-01
1.873491490513126689e-01
2.013846774189952948e-01
2.154202057866778930e-01
2.294557341543605189e-01
2.434912625220431448e-01
2.575267908897257430e-01
2.715623192574083689e-01
2.855978476250909948e-01
2.996333759927736207e-01
3.136689043604562466e-01
3.277044327281388725e-01
3.417399610958214984e-01
3.557754894635041243e-01
3.664244085579499988e-01
3.770733276523958732e-01
3.877222467468418032e-01
3.983711658412876777e-01
4.090200849357335522e-01
4.196690040301794822e-01
4.303179231246253567e-01
4.409668422190712311e-01
4.516157613135171056e-01
4.622646804079629801e-01
4.729135995024089101e-01
4.835625185968547846e-01
4.942114376913006590e-01
5.048603567857465890e-01
5.155092758801924635e-01
5.261581949746383380e-01
5.351525922410051983e-01
5.424924676792930445e-01
5.498323431175808906e-01
5.571722185558687368e-01
5.645120939941565830e-01
5.718519694324444291e-01
5.791918448707322753e-01
5.865317203090201215e-01
5.938715957473079676e-01
6.012114711855957028e-01
6.085513466238835489e-01
6.158912220621713951e-01
6.232310975004592413e-01
6.305709729387470874e-01
6.379108483770349336e-01
6.452507238153227798e-01
6.525905992536106259e-01
6.575944261671187174e-01
6.602622045558469432e-01
6.629299829445751691e-01
6.655977613333033949e-01
6.682655397220316207e-01
6.709333181107598465e-01
6.736010964994880723e-01
6.762688748882162981e-01
6.789366532769445239e-01
6.816044316656727498e-01
6.842722100544009756e-01
6.869399884431292014e-01
6.896077668318574272e-01
6.922755452205856530e-01
6.949433236093138788e-01
6.976111019980421046e-01
7.002788803867703304e-01
6.967167371296001388e-01
6.931545938724298361e-01
6.895924506152596445e-01
6.860303073580894528e-01
6.824681641009191502e-01
6.789060208437489585e-01
6.753438775865787669e-01
6.717817343294085752e-01
6.682195910722382726e-01
6.646574478150680809e-01
6.610953045578978893e-01
6.575331613007275866e-01
6.539710180435573950e-01
6.504088747863872033e-01
6.468467315292169006e-01
6.432845882720467090e-01
6.396073623833318234e-01
6.358150538630722437e-01
6.320227453428125530e-01
6.282304368225529734e-01
6.244381283022933937e-01
6.206458197820338141e-01
6.168535112617741234e-01
6.130612027415145437e-01
6.092688942212549641e-01
6.054765857009953844e-01
6.016842771807358048e-01
5.978919686604761141e-01
5.940996601402165345e-01
5.903073516199569548e-01
5.865150430996973752e-01
5.827227345794376845e-01
5.789304260591781048e-01
5.746063718460646674e-01
5.697505719400974833e-01
5.648947720341302992e-01
5.600389721281631150e-01
5.551831722221959309e-01
5.503273723162286357e-01
5.454715724102614516e-01
5.406157725042942674e-01
5.357599725983270833e-01
5.309041726923598992e-01
5.260483727863926040e-01
5.211925728804254199e-01
5.163367729744582357e-01
5.114809730684910516e-01
5.066251731625237564e-01
5.017693732565565723e-01
4.969135733505893882e-01
4.920865818946179582e-01
4.872883988886423379e-01
4.824902158826667176e-01
4.776920328766910973e-01
4.728938498707154769e-01
4.680956668647398011e-01
4.632974838587641808e-01
4.584993008527885605e-01
4.537011178468129402e-01
4.489029348408372644e-01
4.441047518348616441e-01
4.393065688288860238e-01
4.345083858229104035e-01
4.297102028169347276e-01
4.249120198109591073e-01
4.201138368049834870e-01
4.153156537990078667e-01
4.126007493673454207e-01
4.098858449356830302e-01
4.071709405040205842e-01
4.044560360723581938e-01
4.017411316406957478e-01
3.990262272090333573e-01
3.963113227773709113e-01
3.935964183457085208e-01
3.908815139140460748e-01
3.881666094823836843e-01
3.854517050507212383e-01
3.827368006190588479e-01
3.800218961873964019e-01
3.773069917557340114e-01
3.745920873240715654e-01
3.718771828924091749e-01
3.691520151179055742e-01
3.664165840005608743e-01
3.636811528832161189e-01
3.609457217658714190e-01
3.582102906485267191e-01
3.554748595311819637e-01
3.527394284138372638e-01
3.500039972964925084e-01
3.472685661791478084e-01
3.445331350618031085e-01
3.417977039444583531e-01
3.390622728271136532e-01
3.363268417097688978e-01
3.335914105924241979e-01
3.308559794750794980e-01
3.281205483577347426e-01
3.253851172403900427e-01
3.220634406783770554e-01
3.181555186716958916e-01
3.142475966650146724e-01
3.103396746583334531e-01
3.064317526516522894e-01
3.025238306449710701e-01
2.986159086382899064e-01
2.947079866316086871e-01
2.908000646249275234e-01
2.868921426182463041e-01
2.829842206115650849e-01
2.790762986048839212e-01
2.751683765982027019e-01
2.712604545915215382e-01
2.673525325848403189e-01
2.634446105781591552e-01
2.595366885714779359e-01
2.574468636391527010e-01
2.553570387068274661e-01
2.532672137745022312e-01
2.511773888421769962e-01
2.490875639098517336e-01
2.469977389775264986e-01
2.449079140452012637e-01
2.428180891128760288e-01
2.407282641805507939e-01
2.386384392482255590e-01
2.365486143159003241e-01
2.344587893835750614e-01
2.323689644512498265e-01
2.302791395189245915e-01
2.281893145865993566e-01
2.260994896542741217e-01
2.238694706691693737e-01
2.214992576312851402e-01
2.191290445934008790e-01
2.167588315555166179e-01
2.143886185176323844e-01
2.120184054797481232e-01
2.096481924418638620e-01
2.072779794039796286e-01
2.049077663660953674e-01
2.025375533282111062e-01
2.001673402903268728e-01
1.977971272524426116e-01
1.954269142145583782e-01
1.930567011766741170e-01
1.906864881387898558e-01
1.883162751009055946e-01
1.859460620630213612e-01
1.840051064486258048e-01
1.824934082577189809e-01
1.809817100668121570e-01
1.794700118759053331e-01
1.779583136849985092e-01
1.764466154940916853e-01
1.749349173031848337e-01
1.734232191122780098e-01
1.719115209213711859e-01
1.703998227304643620e-01
1.688881245395575381e-01
1.673764263486506865e-01
1.658647281577438626e-01
1.643530299668370387e-01
1.628413317759302148e-01
1.613296335850233909e-01
1.598179353941165393e-01
1.583839438102062902e-01
1.570276588332925882e-01
1.556713738563788862e-01
1.543150888794651565e-01
1.529588039025514545e-01
1.516025189256377526e-01
1.502462339487240506e-01
1.488899489718103486e-01
1.475336639948966466e-01
1.461773790179829169e-01
1.448210940410692149e-01
1.434648090641555129e-01
1.421085240872418110e-01
1.407522391103281090e-01
1.393959541334143792e-01
1.380396691565006773e-01
1.366833841795869753e-01
1.355320888869177565e-01
1.343807935942485099e-01
1.332294983015792911e-01
1.320782030089100445e-01
1.309269077162408257e-01
1.297756124235715791e-01
1.286243171309023603e-01
1.274730218382331137e-01
1.263217265455638949e-01
1.251704312528946483e-01
1.240191359602254156e-01
1.228678406675561829e-01
1.217165453748869502e-01
1.205652500822177176e-01
1.194139547895484987e-01
1.182626594968792522e-01
1.171802700007008868e-01
1.161667863010134027e-01
1.151533026013258909e-01
1.141398189016384068e-01
1.131263352019508950e-01
1.121128515022634109e-01
1.110993678025758991e-01
1.100858841028884150e-01
1.090724004032009031e-01
1.080589167035134190e-01
1.070454330038259072e-01
1.060319493041384231e-01
1.050184656044509113e-01
1.040049819047634272e-01
1.029914982050759154e-01
1.019780145053884313e-01
1.009645308057009194e-01
1.000316924788007683e-01
9.917949952468793628e-02
9.832730657057511814e-02
9.747511361646228611e-02
9.662292066234946797e-02
9.577072770823663594e-02
9.491853475412381780e-02
9.406634180001098577e-02
9.321414884589816763e-02
9.236195589178533560e-02
9.150976293767251746e-02
9.065756998355968543e-02
8.980537702944686729e-02
8.895318407533403526e-02
8.810099112122121712e-02
8.724879816710839897e-02
8.639660521299556695e-02
8.574245496690600932e-02
8.508830472081645169e-02
8.443415447472688018e-02
8.378000422863732255e-02
8.312585398254776492e-02
8.247170373645820729e-02
8.181755349036864966e-02
8.116340324427909203e-02
8.050925299818952052e-02
7.985510275209996289e-02
7.920095250601040526e-02
7.854680225992084763e-02
7.789265201383129000e-02
7.723850176774171850e-02
7.658435152165216087e-02
7.593020127556260324e-02
7.528722860327527466e-02
7.465543350479018903e-02
7.402363840630510339e-02
7.339184330782001775e-02
7.276004820933493211e-02
7.212825311084984647e-02
7.149645801236476084e-02
7.086466291387967520e-02
7.023286781539458956e-02
6.960107271690950392e-02
6.896927761842441829e-02
6.833748251993933265e-02
6.770568742145424701e-02
6.707389232296916137e-02
6.644209722448407573e-02
6.581030212599897622e-02
6.517850702751390446e-02
6.462432389105814134e-02
6.414775271663170075e-02
6.367118154220526016e-02
6.319461036777881957e-02
6.271803919335239286e-02
6.224146801892595227e-02
6.176489684449951167e-02
6.128832567007307108e-02
6.081175449564663743e-02
6.033518332122020378e-02
5.985861214679376319e-02
5.938204097236732260e-02
5.890546979794088894e-02
5.842889862351444835e-02
5.795232744908801470e-02
5.747575627466157411e-02
5.699918510023514046e-02
5.653060420891488358e-02
5.607001360070081042e-02
5.560942299248673032e-02
5.514883238427265716e-02
5.468824177605858400e-02
5.422765116784451084e-02
5.376706055963043074e-02
5.330646995141635758e-02
5.284587934320228442e-02
5.238528873498821126e-02
5.192469812677413810e-02
5.146410751856005800e-02
5.100351691034598484e-02
5.054292630213191168e-02
5.008233569391783158e-02
4.962174508570375842e-02
4.916115447748968525e-02
4.877635628820714553e-02
4.839155809892461274e-02
4.800675990964207301e-02
4.762196172035954023e-02
4.723716353107700050e-02
4.685236534179446771e-02
4.646756715251192799e-02
4.608276896322939520e-02
4.569797077394685547e-02
4.531317258466432268e-02
4.492837439538178296e-02
4.454357620609925017e-02
4.415877801681671044e-02
4.377397982753417766e-02
4.338918163825163793e-02
4.300438344896910514e-02
4.267740825622903106e-02
4.240825606003142956e-02
4.213910386383382112e-02
4.186995166763621268e-02
4.160079947143861118e-02
4.133164727524100274e-02
4.106249507904340124e-02
4.079334288284579280e-02
4.052419068664818436e-02
4.025503849045058286e-02
3.998588629425297442e-02
3.971673409805537291e-02
3.944758190185776447e-02
3.917842970566016297e-02
3.890927750946255453e-02
3.864012531326494609e-02
3.837097311706734459e-02
3.812121696672477605e-02
3.789085686223724742e-02
3.766049675774972572e-02
3.743013665326219708e-02
3.719977654877466844e-02
3.696941644428713980e-02
3.673905633979961810e-02
3.650869623531208946e-02
3.627833613082456082e-02
3.604797602633703218e-02
3.581761592184950355e-02
3.558725581736198185e-02
3.535689571287445321e-02
3.512653560838692457e-02
3.489617550389939593e-02
3.466581539941187423e-02
3.443545529492434559e-02
3.419908619870438288e-02
3.395670811075199302e-02
3.371433002279960317e-02
3.347195193484721332e-02
3.322957384689482346e-02
3.298719575894243361e-02
3.274481767099004376e-02
3.250243958303765390e-02
3.226006149508526405e-02
3.201768340713287420e-02
3.177530531918048434e-02
3.153292723122809449e-02
3.129054914327570464e-02
3.104817105532331478e-02
3.080579296737092493e-02
3.056341487941853508e-02
3.032103679146614522e-02
3.011226305821195284e-02
2.990348932495775700e-02
2.969471559170356462e-02
2.948594185844937224e-02
2.927716812519517986e-02
2.906839439194098401e-02
2.885962065868679163e-02
2.865084692543259925e-02
2.844207319217840688e-02
2.823329945892421103e-02
2.802452572567001865e-02
2.781575199241582627e-02
2.760697825916163389e-02
2.739820452590743804e-02
2.718943079265324567e-02
2.698065705939905329e-02
2.680145172998835493e-02
2.665181480442115405e-02
2.650217787885394971e-02
2.635254095328674884e-02
2.620290402771954796e-02
2.605326710215234709e-02
2.590363017658514275e-02
2.575399325101794187e-02
2.560435632545074100e-02
2.545471939988354013e-02
2.530508247431633925e-02
2.515544554874913491e-02
2.500580862318193404e-02
2.485617169761473316e-02
2.470653477204753229e-02
2.455689784648032795e-02
2.440726092091312707e-02
2.424746936663775554e-02
2.407752318365420988e-02
2.390757700067066421e-02
2.373763081768712202e-02
2.356768463470357636e-02
2.339773845172003069e-02
2.322779226873648850e-02
2.305784608575294284e-02
2.288789990276939718e-02
2.271795371978585498e-02
2.254800753680230932e-02
2.237806135381876366e-02
2.220811517083522146e-02
2.203816898785167580e-02
2.186822280486813014e-02
2.169827662188458794e-02
2.152833043890104228e-02
2.137252356855543281e-02
2.121671669820981987e-02
2.106090982786421040e-02
2.090510295751860093e-02
2.074929608717298798e-02
2.059348921682737851e-02
2.043768234648176904e-02
2.028187547613615957e-02
2.012606860579054663e-02
1.997026173544493716e-02
1.981445486509932769e-02
1.965864799475371474e-02
1.950284112440810527e-02
1.934703425406249580e-02
1.919122738371688286e-02
1.903542051337127339e-02
1.890082794988204654e-02
1.878744969324919883e-02
1.867407143661635460e-02
1.856069317998350690e-02
1.844731492335066267e-02
1.833393666671781497e-02
1.822055841008497074e-02
1.810718015345212650e-02
1.799380189681927880e-02
1.788042364018643457e-02
1.776704538355358687e-02
1.765366712692074264e-02
1.754028887028789493e-02
1.742691061365505070e-02
1.731353235702220300e-02
1.720015410038935877e-02
1.708677584375651107e-02
1.698051094489248791e-02
1.688135940379728236e-02
1.678220786270208029e-02
1.668305632160687821e-02
1.658390478051167266e-02
1.648475323941647058e-02
1.638560169832126504e-02
1.628645015722606296e-02
1.618729861613085741e-02
1.608814707503565533e-02
1.598899553394045325e-02
1.588984399284524771e-02
1.579069245175004563e-02
1.569154091065484008e-02
1.559238936955963800e-02
1.549323782846443419e-02
1.539408628736923038e-02
1.528849917305002103e-02
1.517647648550680441e-02
1.506445379796358952e-02
1.495243111042037290e-02
1.484040842287715628e-02
1.472838573533394139e-02
1.461636304779072477e-02
1.450434036024750815e-02
1.439231767270429327e-02
1.428029498516107665e-02
1.416827229761786003e-02
1.405624961007464341e-02
1.394422692253142852e-02
1.383220423498821190e-02
1.372018154744499528e-02
1.360815885990178040e-02
1.349613617235856378e-02
1.342636238641671878e-02
1.335658860047487205e-02
1.328681481453302705e-02
1.321704102859118206e-02
1.314726724264933533e-02
1.307749345670749033e-02
1.300771967076564360e-02
1.293794588482379861e-02
1.286817209888195361e-02
1.279839831294010688e-02
1.272862452699826188e-02
1.265885074105641689e-02
1.258907695511457016e-02
1.251930316917272516e-02
1.244952938323087843e-02
1.237975559728903344e-02
1.231431170484723926e-02
1.225319770590549417e-02
1.219208370696375082e-02
1.213096970802200747e-02
1.206985570908026238e-02
1.200874171013851903e-02
1.194762771119677568e-02
1.188651371225503059e-02
1.182539971331328724e-02
1.176428571437154388e-02
1.170317171542979880e-02
1.164205771648805544e-02
1.158094371754631209e-02
1.151982971860456700e-02
1.145871571966282365e-02
1.139760172072108030e-02
1.133648772177933521e-02
1.127231703095302358e-02
1.120508964824214367e-02
1.113786226553126549e-02
1.107063488282038557e-02
1.100340750010950566e-02
1.093618011739862748e-02
1.086895273468774757e-02
1.080172535197686766e-02
1.073449796926598948e-02
1.066727058655510957e-02
1.060004320384422966e-02
1.053281582113334974e-02
1.046558843842247156e-02
1.039836105571159165e-02
1.033113367300071174e-02
1.026390629028983356e-02
1.019667890757895365e-02
1.014615763238288851e-02
1.009563635718682337e-02
1.004511508199075996e-02
9.994593806794694821e-03
9.944072531598629680e-03
9.893551256402564539e-03
9.843029981206501133e-03
9.792508706010435993e-03
9.741987430814370852e-03
9.691466155618305711e-03
9.640944880422242305e-03
9.590423605226177164e-03
9.539902330030112024e-03
9.489381054834046883e-03
9.438859779637983477e-03
9.388338504441918336e-03
9.341797593932181856e-03
9.299237048108775772e-03
9.256676502285369687e-03
9.214115956461963602e-03
9.171555410638557518e-03
9.128994864815151433e-03
9.086434318991745349e-03
9.043873773168339264e-03
9.001313227344931445e-03
8.958752681521525360e-03
8.916192135698119275e-03
8.873631589874713191e-03
8.831071044051307106e-03
8.788510498227901022e-03
8.745949952404494937e-03
8.703389406581088852e-03
8.660828860757682768e-03
8.619276002853604873e-03
8.578730832868855169e-03
8.538185662884105465e-03
8.497640492899355760e-03
8.457095322914606056e-03
8.416550152929856352e-03
8.376004982945106647e-03
8.335459812960356943e-03
8.294914642975607239e-03
8.254369472990857534e-03
8.213824303006107830e-03
8.173279133021358125e-03
8.132733963036608421e-03
8.092188793051858717e-03
8.051643623067109012e-03
8.011098453082359308e-03
7.970553283097609604e-03
7.926382936970247095e-03
7.878587414700271782e-03
7.830791892430296469e-03
7.782996370160320289e-03
7.735200847890344109e-03
7.687405325620367928e-03
7.639609803350392615e-03
7.591814281080416435e-03
7.544018758810440255e-03
7.496223236540464942e-03
7.448427714270488761e-03
7.400632192000512581e-03
7.352836669730537268e-03
7.305041147460561088e-03
7.257245625190584908e-03
7.209450102920609595e-03
7.161654580650633414e-03
7.124444221598068630e-03
7.087233862545503846e-03
7.050023503492939062e-03
7.012813144440374277e-03
6.975602785387809493e-03
6.938392426335244709e-03
6.901182067282679924e-03
6.863971708230115140e-03
6.826761349177551223e-03
6.789550990124986439e-03
6.752340631072421655e-03
6.715130272019856870e-03
6.677919912967292086e-03
6.640709553914727302e-03
6.603499194862162518e-03
6.566288835809597733e-03
6.534386568007315328e-03
6.507792391455316169e-03
6.481198214903317011e-03
6.454604038351317852e-03
6.428009861799318693e-03
6.401415685247319534e-03
6.374821508695320375e-03
6.348227332143321217e-03
6.321633155591322058e-03
6.295038979039322899e-03
6.268444802487323740e-03
6.241850625935324581e-03
6.215256449383325422e-03
6.188662272831326264e-03
6.162068096279327105e-03
6.135473919727327946e-03
6.108879743175328787e-03
6.083560640810337962e-03
6.059516612632356337e-03
6.035472584454375580e-03
6.011428556276393956e-03
5.987384528098412331e-03
5.963340499920431574e-03
5.939296471742449950e-03
5.915252443564468325e-03
5.891208415386487568e-03
5.867164387208505943e-03
5.843120359030524319e-03
5.819076330852542694e-03
5.795032302674561937e-03
5.770988274496580313e-03
5.746944246318598688e-03
5.722900218140617931e-03
5.698856189962636307e-03
5.671440839743058758e-03
5.644025489523482077e-03
5.616610139303904528e-03
5.589194789084327847e-03
5.561779438864750298e-03
5.534364088645173617e-03
5.506948738425596068e-03
5.479533388206019387e-03
5.452118037986441838e-03
5.424702687766864290e-03
5.397287337547287608e-03
5.369871987327710060e-03
5.342456637108133378e-03
5.315041286888555830e-03
5.287625936668979149e-03
5.260210586449401600e-03
5.233152930948521860e-03
5.206452970166339927e-03
5.179753009384157995e-03
5.153053048601976063e-03
5.126353087819794131e-03
5.099653127037612199e-03
5.072953166255430267e-03
5.046253205473248335e-03
5.019553244691065536e-03
4.992853283908883603e-03
4.966153323126701671e-03
4.939453362344519739e-03
4.912753401562337807e-03
4.886053440780155875e-03
4.859353479997973943e-03
4.832653519215792011e-03
4.805953558433610079e-03
4.782965006112176870e-03
4.763687862251493252e-03
4.744410718390809634e-03
4.725133574530126016e-03
4.705856430669441530e-03
4.686579286808757912e-03
4.667302142948074294e-03
4.648024999087390675e-03
4.628747855226707057e-03
4.609470711366023439e-03
4.590193567505339821e-03
4.570916423644656203e-03
4.551639279783972585e-03
4.532362135923288099e-03
4.513084992062604481e-03
4.493807848201920863e-03
4.474530704341237244e-03
4.457835484894309003e-03
4.443722189861137005e-03
4.429608894827965007e-03
4.415495599794793009e-03
4.401382304761621012e-03
4.387269009728449014e-03
4.373155714695277016e-03
4.359042419662104151e-03
4.344929124628932153e-03
4.330815829595760155e-03
4.316702534562588157e-03
4.302589239529416160e-03
4.288475944496244162e-03
4.274362649463071297e-03
4.260249354429899299e-03
4.246136059396727301e-03
4.232022764363555303e-03
4.210396945999031644e-03
4.188771127634507985e-03
4.167145309269983458e-03
4.145519490905459799e-03
4.123893672540936139e-03
4.102267854176412480e-03
4.080642035811888821e-03
4.059016217447364294e-03
4.037390399082840635e-03
4.015764580718316976e-03
3.994138762353793316e-03
3.972512943989269657e-03
3.950887125624745130e-03
3.929261307260221471e-03
3.907635488895697812e-03
3.886009670531173719e-03
3.867948053785907111e-03
3.853450638659897988e-03
3.838953223533888431e-03
3.824455808407879309e-03
3.809958393281870186e-03
3.795460978155860629e-03
3.780963563029851506e-03
3.766466147903841950e-03
3.751968732777832827e-03
3.737471317651823704e-03
3.722973902525814147e-03
3.708476487399805024e-03
3.693979072273795468e-03
3.679481657147786345e-03
3.664984242021777222e-03
3.650486826895767666e-03
3.635989411769758543e-03
3.623002382663244141e-03
3.611525739576224893e-03
3.600049096489206079e-03
3.588572453402186831e-03
3.577095810315167584e-03
3.565619167228148770e-03
3.554142524141129522e-03
3.542665881054110275e-03
3.531189237967091461e-03
3.519712594880072213e-03
3.508235951793052965e-03
3.496759308706034151e-03
3.485282665619014904e-03
3.473806022531995656e-03
3.462329379444976409e-03
3.450852736357957595e-03
3.439376093270938347e-03
3.426794594452490204e-03
3.414213095634042495e-03
3.401631596815594353e-03
3.389050097997146210e-03
3.376468599178698501e-03
3.363887100360250359e-03
3.351305601541802216e-03
3.338724102723354507e-03
3.326142603904906365e-03
3.313561105086458222e-03
3.300979606268010513e-03
3.288398107449562371e-03
3.275816608631114228e-03
3.263235109812666519e-03
3.250653610994218377e-03
3.238072112175770234e-03
3.226054237145926928e-03
3.214599985904688026e-03
3.203145734663449123e-03
3.191691483422210221e-03
3.180237232180971318e-03
3.168782980939732416e-03
3.157328729698493514e-03
3.145874478457254611e-03
3.134420227216015709e-03
3.122965975974777240e-03
3.111511724733538337e-03
3.100057473492299435e-03
3.088603222251060532e-03
3.077148971009821630e-03
3.065694719768582727e-03
3.054240468527343825e-03
3.042786217286104922e-03
3.032244896097054977e-03
3.022616504960194423e-03
3.012988113823333869e-03
3.003359722686473315e-03
2.993731331549612761e-03
2.984102940412752206e-03
2.974474549275891652e-03
2.964846158139031098e-03
2.955217767002170544e-03
2.945589375865309990e-03
2.935960984728449435e-03
2.926332593591588881e-03
2.916704202454728327e-03
2.907075811317867773e-03
2.897447420181007219e-03
2.887819029044146665e-03
2.878190637907286110e-03
2.868349031307419836e-03
2.858294209244548276e-03
2.848239387181676716e-03
2.838184565118804722e-03
2.828129743055933162e-03
2.818074920993061602e-03
2.808020098930190042e-03
2.797965276867318482e-03
2.787910454804446488e-03
2.777855632741574928e-03
2.767800810678703368e-03
2.757745988615831808e-03
2.747691166552960248e-03
2.737636344490088254e-03
2.727581522427216694e-03
2.717526700364345134e-03
2.707471878301473574e-03
2.698953416788423681e-03
2.690434955275373789e-03
2.681916493762323897e-03
2.673398032249274005e-03
2.664879570736223679e-03
2.656361109223173787e-03
2.647842647710123894e-03
2.639324186197074002e-03
2.630805724684024110e-03
2.622287263170974218e-03
2.613768801657924325e-03
2.605250340144874433e-03
2.596731878631824107e-03
2.588213417118774215e-03
2.579694955605724323e-03
2.571176494092674431e-03
2.562994856660292479e-03
2.555150043308578034e-03
2.547305229956863589e-03
2.539460416605149578e-03
2.531615603253435133e-03
2.523770789901720688e-03
2.515925976550006677e-03
2.508081163198292232e-03
2.500236349846578221e-03
2.492391536494863776e-03
2.484546723143149331e-03
2.476701909791435320e-03
2.468857096439720875e-03
2.461012283088006430e-03
2.453167469736292419e-03
2.445322656384577974e-03
2.437477843032863530e-03
2.429169512899757941e-03
2.420397665985260776e-03
2.411625819070763177e-03
2.402853972156266012e-03
2.394082125241768846e-03
2.385310278327271247e-03
2.376538431412774082e-03
2.367766584498276917e-03
2.358994737583779318e-03
2.350222890669282153e-03
2.341451043754784987e-03
2.332679196840287822e-03
2.323907349925790223e-03
2.315135503011293058e-03
2.306363656096795892e-03
2.297591809182298293e-03
2.288819962267801128e-03
2.280351378819455745e-03
2.272186058837262143e-03
2.264020738855068542e-03
2.255855418872874506e-03
2.247690098890680905e-03
2.239524778908487303e-03
2.231359458926293702e-03
2.223194138944100100e-03
2.215028818961906065e-03
2.206863498979712464e-03
2.198698178997518862e-03
2.190532859015325261e-03
2.182367539033131659e-03
2.174202219050938058e-03
2.166036899068744023e-03
2.157871579086550421e-03
2.149706259104356820e-03
2.146045281414147698e-03
2.142384303723938576e-03
2.138723326033729888e-03
2.135062348343520766e-03
2.131401370653311644e-03
2.127740392963102523e-03
2.124079415272893834e-03
2.120418437582684713e-03
2.116757459892475591e-03
2.113096482202266469e-03
2.109435504512057781e-03
2.105774526821848659e-03
2.102113549131639537e-03
2.098452571441430416e-03
2.094791593751221728e-03
2.091130616061012606e-03
2.086036652452770510e-03
2.079509702926495007e-03
2.072982753400219938e-03
2.066455803873944435e-03
2.059928854347668932e-03
2.053401904821393863e-03
2.046874955295118360e-03
2.040348005768843290e-03
2.033821056242567787e-03
2.027294106716292284e-03
2.020767157190017215e-03
2.014240207663741712e-03
2.007713258137466643e-03
2.001186308611191140e-03
1.994659359084915637e-03
1.988132409558640568e-03
1.981605460032365065e-03
1.976672574153795318e-03
1.973333751922931763e-03
1.969994929692067340e-03
1.966656107461203784e-03
1.963317285230339361e-03
1.959978462999475805e-03
1.956639640768611382e-03
1.953300818537747827e-03
1.949961996306883620e-03
1.946623174076019631e-03
1.943284351845155642e-03
1.939945529614291652e-03
1.936606707383427663e-03
1.933267885152563674e-03
1.929929062921699684e-03
1.926590240690835695e-03
1.923251418459971706e-03
1.915007597252468005e-03
1.906763776044964305e-03
1.898519954837460388e-03
1.890276133629956688e-03
1.882032312422452988e-03
1.873788491214949288e-03
1.865544670007445588e-03
1.857300848799941888e-03
1.849057027592437971e-03
1.840813206384934271e-03
1.832569385177430571e-03
1.824325563969926870e-03
1.816081742762423170e-03
1.807837921554919253e-03
1.799594100347415553e-03
1.791350279139911853e-03
1.785269851063194880e-03
1.781352816117264416e-03
1.777435781171333952e-03
1.773518746225403488e-03
1.769601711279473024e-03
1.765684676333542560e-03
1.761767641387612313e-03
1.757850606441681849e-03
1.753933571495751385e-03
1.750016536549820921e-03
1.746099501603890457e-03
1.742182466657960210e-03
1.738265431712029746e-03
1.734348396766099282e-03
1.730431361820168818e-03
1.726514326874238354e-03
1.722597291928307890e-03
1.717528827563524069e-03
1.711308933779886890e-03
1.705089039996249495e-03
1.698869146212612100e-03
1.692649252428974922e-03
1.686429358645337526e-03
1.680209464861700131e-03
1.673989571078062953e-03
1.667769677294425558e-03
1.661549783510788162e-03
1.655329889727150984e-03
1.649109995943513589e-03
1.642890102159876194e-03
1.636670208376239015e-03
1.630450314592601620e-03
1.624230420808964225e-03
1.618010527025327046e-03
1.613600641129048045e-03
1.611000763120127438e-03
1.608400885111207048e-03
1.605801007102286440e-03
1.603201129093365833e-03
1.600601251084445443e-03
1.598001373075524836e-03
1.595401495066604228e-03
1.592801617057683838e-03
1.590201739048763231e-03
1.587601861039842624e-03
1.585001983030922016e-03
1.582402105022001626e-03
1.579802227013081019e-03
1.577202349004160412e-03
1.574602470995240021e-03
1.572002592986319414e-03
1.568051838262482208e-03
1.564101083538645002e-03
1.560150328814807578e-03
1.556199574090970372e-03
1.552248819367133166e-03
1.548298064643295960e-03
1.544347309919458754e-03
1.540396555195621547e-03
1.536445800471784124e-03
1.532495045747946918e-03
1.528544291024109712e-03
1.524593536300272506e-03
1.520642781576435299e-03
1.516692026852597876e-03
1.512741272128760670e-03
1.508790517404923464e-03
1.505282953532310550e-03
1.502218580510921928e-03
1.499154207489533522e-03
1.496089834468144900e-03
1.493025461446756278e-03
1.489961088425367872e-03
1.486896715403979250e-03
1.483832342382590628e-03
1.480767969361202006e-03
1.477703596339813600e-03
1.474639223318424978e-03
1.471574850297036356e-03
1.468510477275647950e-03
1.465446104254259328e-03
1.462381731232870706e-03
1.459317358211482301e-03
1.456252985190093678e-03
1.453211810698642591e-03
1.450193834737128823e-03
1.447175858775615271e-03
1.444157882814101502e-03
1.441139906852587950e-03
1.438121930891074181e-03
1.435103954929560629e-03
1.432085978968046860e-03
1.429068003006533309e-03
1.426050027045019540e-03
1.423032051083505988e-03
1.420014075121992219e-03
1.416996099160478667e-03
1.413978123198964898e-03
1.410960147237451346e-03
1.407942171275937578e-03
1.404924195314424026e-03
1.402070515406983638e-03
1.399216835499543466e-03
1.396363155592103078e-03
1.393509475684662690e-03
1.390655795777222519e-03
1.387802115869782131e-03
1.384948435962341960e-03
1.382094756054901572e-03
1.379241076147461184e-03
1.376387396240021013e-03
1.373533716332580625e-03
1.370680036425140236e-03
1.367826356517700065e-03
1.364972676610259677e-03
1.362118996702819289e-03
1.359265316795379118e-03
1.355390876076611583e-03
1.350495674546516901e-03
1.345600473016422220e-03
1.340705271486327538e-03
1.335810069956232639e-03
1.330914868426137957e-03
1.326019666896043276e-03
1.321124465365948594e-03
1.316229263835853912e-03
1.311334062305759230e-03
1.306438860775664549e-03
1.301543659245569867e-03
1.296648457715475185e-03
1.291753256185380287e-03
1.286858054655285605e-03
1.281962853125190923e-03
1.277067651595096241e-03
1.273869120865175463e-03
1.272367260935428589e-03
1.270865401005681931e-03
1.269363541075935057e-03
1.267861681146188182e-03
1.266359821216441308e-03
1.264857961286694650e-03
1.263356101356947776e-03
1.261854241427200901e-03
1.260352381497454027e-03
1.258850521567707152e-03
1.257348661637960495e-03
1.255846801708213620e-03
1.254344941778466746e-03
1.252843081848719871e-03
1.251341221918973214e-03
1.249839361989226339e-03
1.247252677438866197e-03
1.243581168267892788e-03
1.239909659096919380e-03
1.236238149925945754e-03
1.232566640754972345e-03
1.228895131583998936e-03
1.225223622413025527e-03
1.221552113242052118e-03
1.217880604071078492e-03
1.214209094900105083e-03
1.210537585729131674e-03
1.206866076558158266e-03
1.203194567387184857e-03
1.199523058216211448e-03
1.195851549045237822e-03
1.192180039874264413e-03
1.188508530703291004e-03
1.185342619773751237e-03
1.182176708844211470e-03
1.179010797914671702e-03
1.175844886985131935e-03
1.172678976055592168e-03
1.169513065126052400e-03
1.166347154196512633e-03
1.163181243266972866e-03
1.160015332337433099e-03
1.156849421407893331e-03
1.153683510478353564e-03
1.150517599548813797e-03
1.147351688619274029e-03
1.144185777689734262e-03
1.141019866760194495e-03
1.137853955830654944e-03
1.135640411995892524e-03
1.134379235255907883e-03
1.133118058515923243e-03
1.131856881775938602e-03
1.130595705035953961e-03
1.129334528295969321e-03
1.128073351555984680e-03
1.126812174816000040e-03
1.125550998076015399e-03
1.124289821336030759e-03
1.123028644596046118e-03
1.121767467856061478e-03
1.120506291116076837e-03
1.119245114376092197e-03
1.117983937636107556e-03
1.116722760896122916e-03
1.115461584156138275e-03
1.113354856517443986e-03
1.110402577980040047e-03
1.107450299442636109e-03
1.104498020905232171e-03
1.101545742367828233e-03
1.098593463830424295e-03
1.095641185293020356e-03
1.092688906755616418e-03
1.089736628218212480e-03
1.086784349680808542e-03
1.083832071143404603e-03
1.080879792606000665e-03
1.077927514068596727e-03
1.074975235531192789e-03
1.072022956993788851e-03
1.069070678456384912e-03
1.066118399918980974e-03
1.065045805363494568e-03
1.063973210808008161e-03
1.062900616252521972e-03
1.061828021697035565e-03
1.060755427141549159e-03
1.059682832586062752e-03
1.058610238030576346e-03
1.057537643475089939e-03
1.056465048919603749e-03
1.055392454364117343e-03
1.054319859808630936e-03
1.053247265253144530e-03
1.052174670697658123e-03
1.051102076142171934e-03
1.050029481586685527e-03
1.048956887031199121e-03
1.047232221993156867e-03
1.044855486472558983e-03
1.042478750951960883e-03
1.040102015431362999e-03
1.037725279910764898e-03
1.035348544390167014e-03
1.032971808869568913e-03
1.030595073348971030e-03
1.028218337828372929e-03
1.025841602307775045e-03
1.023464866787177161e-03
1.021088131266579060e-03
1.018711395745981177e-03
1.016334660225383076e-03
1.013957924704785192e-03
1.011581189184187091e-03
1.009204453663589207e-03
1.007113546572031360e-03
1.005308467909513982e-03
1.003503389246996388e-03
1.001698310584479010e-03
9.998932319219614156e-04
9.980881532594440379e-04
9.962830745969264434e-04
9.944779959344090658e-04
9.926729172718914713e-04
9.908678386093738768e-04
9.890627599468564991e-04
9.872576812843389046e-04
9.854526026218215270e-04
9.836475239593039325e-04
9.818424452967865548e-04
9.800373666342689603e-04
9.782322879717515827e-04
9.764156749668627920e-04
9.745875276196028052e-04
9.727593802723427099e-04
9.709312329250827231e-04
9.691030855778227362e-04
9.672749382305626410e-04
9.654467908833026541e-04
9.636186435360426673e-04
9.617904961887825720e-04
9.599623488415225852e-04
9.581342014942625983e-04
9.563060541470026115e-04
9.544779067997425162e-04
9.526497594524825294e-04
9.508216121052225425e-04
9.489934647579624473e-04
9.471653174107024604e-04
9.456096721798972794e-04
9.440540269490920984e-04
9.424983817182869174e-04
9.409427364874817365e-04
9.393870912566765555e-04
9.378314460258712661e-04
9.362758007950660851e-04
9.347201555642609041e-04
9.331645103334557231e-04
9.316088651026505421e-04
9.300532198718453611e-04
9.284975746410401801e-04
9.269419294102349991e-04
9.253862841794298182e-04
9.238306389486246372e-04
9.222749937178194562e-04
9.205913547959237693e-04
9.187797221829375766e-04
9.169680895699513839e-04
9.151564569569652996e-04
9.133448243439791069e-04
9.115331917309929142e-04
9.097215591180067215e-04
9.079099265050206372e-04
9.060982938920344445e-04
9.042866612790482518e-04
9.024750286660621675e-04
9.006633960530759748e-04
8.988517634400897821e-04
8.970401308271035894e-04
8.952284982141175051e-04
8.934168656011313124e-04
8.916052329881451197e-04
8.899025886826805428e-04
8.883089326847373648e-04
8.867152766867941868e-04
8.851216206888510088e-04
8.835279646909078308e-04
8.819343086929646528e-04
8.803406526950214748e-04
8.787469966970784052e-04
8.771533406991352273e-04
8.755596847011920493e-04
8.739660287032488713e-04
8.723723727053056933e-04
8.707787167073625153e-04
8.691850607094194457e-04
8.675914047114762677e-04
8.659977487135330897e-04
8.644040927155899117e-04
8.629600550580824063e-04
8.615160174005747924e-04
8.600719797430672869e-04
8.586279420855597814e-04
8.571839044280521675e-04
8.557398667705446620e-04
8.542958291130370481e-04
8.528517914555295426e-04
8.514077537980220371e-04
8.499637161405144232e-04
8.485196784830069177e-04
8.470756408254994122e-04
8.456316031679917983e-04
8.441875655104842929e-04
8.427435278529767874e-04
8.412994901954691735e-04
8.399860481680092176e-04
8.388032017705968112e-04
8.376203553731844048e-04
8.364375089757719985e-04
8.352546625783595921e-04
8.340718161809471858e-04
8.328889697835347794e-04
8.317061233861223731e-04
8.305232769887100751e-04
8.293404305912976688e-04
8.281575841938852624e-04
8.269747377964728561e-04
8.257918913990604497e-04
8.246090450016480434e-04
8.234261986042356370e-04
8.222433522068232307e-04
8.210605058094108243e-04
8.198669906634415121e-04
8.186628067689151857e-04
8.174586228743888593e-04
8.162544389798625328e-04
8.150502550853363148e-04
8.138460711908099884e-04
8.126418872962836619e-04
8.114377034017573355e-04
8.102335195072311175e-04
8.090293356127047910e-04
8.078251517181784646e-04
8.066209678236521382e-04
8.054167839291258117e-04
8.042126000345995937e-04
8.030084161400732673e-04
8.018042322455469408e-04
8.006000483510206144e-04
7.995224083400326786e-04
7.985713122125829167e-04
7.976202160851332632e-04
7.966691199576836097e-04
7.957180238302338478e-04
7.947669277027841943e-04
7.938158315753344324e-04
7.928647354478847789e-04
7.919136393204350170e-04
7.909625431929853635e-04
7.900114470655357100e-04
7.890603509380859481e-04
7.881092548106362946e-04
7.871581586831865327e-04
7.862070625557368792e-04
7.852559664282871173e-04
7.843048703008374638e-04
7.829282210325165178e-04
7.815515717641954635e-04
7.801749224958745175e-04
7.787982732275535716e-04
7.774216239592325172e-04
7.760449746909115713e-04
7.746683254225905169e-04
7.732916761542695709e-04
7.719150268859486250e-04
7.705383776176275706e-04
7.691617283493066247e-04
7.677850790809856787e-04
7.664084298126646244e-04
7.650317805443436784e-04
7.636551312760227325e-04
7.622784820077016781e-04
7.609918884626369357e-04
7.597953506408285053e-04
7.585988128190200748e-04
7.574022749972116443e-04
7.562057371754032139e-04
7.550091993535947834e-04
7.538126615317862446e-04
7.526161237099778141e-04
7.514195858881693836e-04
7.502230480663609532e-04
7.490265102445525227e-04
7.478299724227439839e-04
7.466334346009355534e-04
7.454368967791271229e-04
7.442403589573186925e-04
7.430438211355102620e-04
7.418472833137018316e-04
7.407287338863075866e-04
7.396881728533275272e-04
7.386476118203475763e-04
7.376070507873676253e-04
7.365664897543875659e-04
7.355259287214076149e-04
7.344853676884276639e-04
7.334448066554476045e-04
7.324042456224676536e-04
7.313636845894877026e-04
7.303231235565076432e-04
7.292825625235276922e-04
7.282420014905477412e-04
7.272014404575676818e-04
7.261608794245877309e-04
7.251203183916077799e-04
7.240797573586277205e-04
7.229949676014583992e-04
7.218659491200998162e-04
7.207369306387412331e-04
7.196079121573826501e-04
7.184788936760239586e-04
7.173498751946653755e-04
7.162208567133067924e-04
7.150918382319481010e-04
7.139628197505895179e-04
7.128338012692309348e-04
7.117047827878723518e-04
7.105757643065136603e-04
7.094467458251550772e-04
7.083177273437964942e-04
7.071887088624379111e-04
7.060596903810792196e-04
7.049306718997206365e-04
7.038291717645866032e-04
7.027276716294525698e-04
7.016261714943185365e-04
7.005246713591845031e-04
6.994231712240504698e-04
6.983216710889164364e-04
6.972201709537824031e-04
6.961186708186483697e-04
6.950171706835143364e-04
6.939156705483803030e-04
6.928141704132462697e-04
6.917126702781122363e-04
6.906111701429782030e-04
6.895096700078441696e-04
6.884081698727101363e-04
6.873066697375761029e-04
6.861863510891080689e-04
6.850472139273060344e-04
6.839080767655039998e-04
6.827689396037018568e-04
6.816298024418998222e-04
6.804906652800977876e-04
6.793515281182957530e-04
6.782123909564936100e-04
6.770732537946915755e-04
6.759341166328895409e-04
6.747949794710873979e-04
6.736558423092853633e-04
6.725167051474833287e-04
6.713775679856812941e-04
6.702384308238791511e-04
6.690992936620771166e-04
6.679601565002750820e-04
6.669297004858106568e-04
6.660079256186838409e-04
6.650861507515570250e-04
6.641643758844302092e-04
6.632426010173033933e-04
6.623208261501766858e-04
6.613990512830498700e-04
6.604772764159230541e-04
6.595555015487962382e-04
6.586337266816695308e-04
6.577119518145427149e-04
6.567901769474158991e-04
6.558684020802890832e-04
6.549466272131622673e-04
6.540248523460355599e-04
6.531030774789087440e-04
6.521813026117819281e-04
6.509708838325511558e-04
6.497604650533203834e-04
6.485500462740895027e-04
6.473396274948587303e-04
6.461292087156279580e-04
6.449187899363971856e-04
6.437083711571664132e-04
6.424979523779355325e-04
6.412875335987047601e-04
6.400771148194739878e-04
6.388666960402432154e-04
6.376562772610123346e-04
6.364458584817815623e-04
6.352354397025507899e-04
6.340250209233200176e-04
6.328146021440892452e-04
6.318683316535700064e-04
6.311862094517624094e-04
6.305040872499548124e-04
6.298219650481472155e-04
6.291398428463396185e-04
6.284577206445320216e-04
6.277755984427244246e-04
6.270934762409168277e-04
6.264113540391091223e-04
6.257292318373015253e-04
6.250471096354939284e-04
6.243649874336863314e-04
6.236828652318787344e-04
6.230007430300711375e-04
6.223186208282635405e-04
6.216364986264559436e-04
6.209543764246483466e-04
6.200391969913759743e-04
6.188909603266387182e-04
6.177427236619014621e-04
6.165944869971642060e-04
6.154462503324269499e-04
6.142980136676896939e-04
6.131497770029525462e-04
6.120015403382152901e-04
6.108533036734780340e-04
6.097050670087407779e-04
6.085568303440035218e-04
6.074085936792663742e-04
6.062603570145291181e-04
6.051121203497918620e-04
6.039638836850546059e-04
6.028156470203173498e-04
6.016674103555800937e-04
6.006288226082987219e-04
5.996998837784730174e-04
5.987709449486474213e-04
5.978420061188218252e-04
5.969130672889961207e-04
5.959841284591705247e-04
5.950551896293449286e-04
5.941262507995192241e-04
5.931973119696936280e-04
5.922683731398680320e-04
5.913394343100423275e-04
5.904104954802167314e-04
5.894815566503910269e-04
5.885526178205654308e-04
5.876236789907398348e-04
5.866947401609141303e-04
5.857658013310885342e-04
5.845466646874796684e-04
5.833275280438708025e-04
5.821083914002620451e-04
5.808892547566531792e-04
5.796701181130443133e-04
5.784509814694354475e-04
5.772318448258265816e-04
5.760127081822178242e-04
5.747935715386089583e-04
5.735744348950000925e-04
5.723552982513912266e-04
5.711361616077824692e-04
5.699170249641736033e-04
5.686978883205647374e-04
5.674787516769558716e-04
5.662596150333470057e-04
5.654039588177841962e-04
5.649117830302674429e-04
5.644196072427506896e-04
5.639274314552339363e-04
5.634352556677171830e-04
5.629430798802004298e-04
5.624509040926835681e-04
5.619587283051668148e-04
5.614665525176500615e-04
5.609743767301333082e-04
5.604822009426165550e-04
5.599900251550996933e-04
5.594978493675829400e-04
5.590056735800661867e-04
5.585134977925494335e-04
5.580213220050326802e-04
5.575291462175159269e-04
5.569097041196382093e-04
5.561629957113995272e-04
5.554162873031609536e-04
5.546695788949223800e-04
5.539228704866836980e-04
5.531761620784451244e-04
5.524294536702064424e-04
5.516827452619678688e-04
5.509360368537291868e-04
5.501893284454906132e-04
5.494426200372520396e-04
5.486959116290133576e-04
5.479492032207747840e-04
5.472024948125361020e-04
5.464557864042975284e-04
5.457090779960588464e-04
5.449623695878202728e-04
5.442560556950296578e-04
5.435497418022390429e-04
5.428434279094483195e-04
5.421371140166577045e-04
5.414308001238670896e-04
5.407244862310764746e-04
5.400181723382858597e-04
5.393118584454951363e-04
5.386055445527045214e-04
5.378992306599139064e-04
5.371929167671232914e-04
5.364866028743325681e-04
5.357802889815419531e-04
5.350739750887513382e-04
5.343676611959607232e-04
5.336613473031701083e-04
5.328384198627724756e-04
5.318988788747679337e-04
5.309593378867632834e-04
5.300197968987587415e-04
5.290802559107541997e-04
5.281407149227495493e-04
5.272011739347450075e-04
5.262616329467404656e-04
5.253220919587359237e-04
5.243825509707312734e-04
5.234430099827267315e-04
5.225034689947221896e-04
5.215639280067175393e-04
5.206243870187129974e-04
5.196848460307084555e-04
5.187453050427038052e-04
5.178057640546992633e-04
5.168471605314780507e-04
5.158694944730401674e-04
5.148918284146022841e-04
5.139141623561644008e-04
5.129364962977265175e-04
5.119588302392886342e-04
5.109811641808507509e-04
5.100034981224128676e-04
5.090258320639749843e-04
5.080481660055371010e-04
5.070704999470992177e-04
5.060928338886613344e-04
5.051151678302234511e-04
5.041375017717855678e-04
5.031598357133476845e-04
5.021821696549098012e-04
5.012045035964719179e-04
5.002883945379606699e-04
4.994338424793759489e-04
4.985792904207912279e-04
4.977247383622065069e-04
4.968701863036217858e-04
4.960156342450370648e-04
4.951610821864523438e-04
4.943065301278676228e-04
4.934519780692829018e-04
4.925974260106981807e-04
4.917428739521134597e-04
4.908883218935287387e-04
4.900337698349440177e-04
4.891792177763592967e-04
4.883246657177745757e-04
4.874701136591898546e-04
4.866155616006051336e-04
4.860178450653601830e-04
4.854201285301151781e-04
4.848224119948702274e-04
4.842246954596252768e-04
4.836269789243802719e-04
4.830292623891353212e-04
4.824315458538903163e-04
4.818338293186453657e-04
4.812361127834004150e-04
4.806383962481554101e-04
4.800406797129104595e-04
4.794429631776655088e-04
4.788452466424205039e-04
4.782475301071755533e-04
4.776498135719306026e-04
4.770520970366855977e-04
4.763655010384907230e-04
4.755900255773458699e-04
4.748145501162010168e-04
4.740390746550561638e-04
4.732635991939113107e-04
4.724881237327664576e-04
4.717126482716216046e-04
4.709371728104767515e-04
4.701616973493318984e-04
4.693862218881870454e-04
4.686107464270421923e-04
4.678352709658973392e-04
4.670597955047524862e-04
4.662843200436076331e-04
4.655088445824627800e-04
4.647333691213179270e-04
4.639578936601730739e-04
4.633017478174125963e-04
4.627649315930364399e-04
4.622281153686602835e-04
4.616912991442840728e-04
4.611544829199079164e-04
4.606176666955317600e-04
4.600808504711556036e-04
4.595440342467794472e-04
4.590072180224032366e-04
4.584704017980270802e-04
4.579335855736509238e-04
4.573967693492747674e-04
4.568599531248986110e-04
4.563231369005224546e-04
4.557863206761462440e-04
4.552495044517700876e-04
4.547126882273939312e-04
4.541361595092156269e-04
4.535596307910373225e-04
4.529831020728590182e-04
4.524065733546807138e-04
4.518300446365024095e-04
4.512535159183240509e-04
4.506769872001457466e-04
4.501004584819674422e-04
4.495239297637891379e-04
4.489474010456108335e-04
4.483708723274325292e-04
4.477943436092542248e-04
4.472178148910759205e-04
4.466412861728976161e-04
4.460647574547193118e-04
4.454882287365410074e-04
4.447422823009866558e-04
4.438269181480563111e-04
4.429115539951259122e-04
4.419961898421955675e-04
4.410808256892652227e-04
4.401654615363348238e-04
4.392500973834044791e-04
4.383347332304741344e-04
4.374193690775437897e-04
4.365040049246133908e-04
4.355886407716830461e-04
4.346732766187527013e-04
4.337579124658223024e-04
4.328425483128919577e-04
4.319271841599616130e-04
4.310118200070312141e-04
4.300964558541008694e-04
4.293384646804464396e-04
4.287378464860678706e-04
4.281372282916893015e-04
4.275366100973107325e-04
4.269359919029321634e-04
4.263353737085535944e-04
4.257347555141750796e-04
4.251341373197965105e-04
4.245335191254179415e-04
4.239329009310393724e-04
4.233322827366608034e-04
4.227316645422822886e-04
4.221310463479037195e-04
4.215304281535251505e-04
4.209298099591465814e-04
4.203291917647680124e-04
4.197285735703894433e-04
4.191594800227207941e-04
4.186219111217620646e-04
4.180843422208033351e-04
4.175467733198446056e-04
4.170092044188858761e-04
4.164716355179271467e-04
4.159340666169684172e-04
4.153964977160096877e-04
4.148589288150509582e-04
4.143213599140922287e-04
4.137837910131334992e-04
4.132462221121747698e-04
4.127086532112160403e-04
4.121710843102573108e-04
4.116335154092985813e-04
4.110959465083398518e-04
4.105583776073811223e-04
4.098459676691522087e-04
4.091335577309233493e-04
4.084211477926944357e-04
4.077087378544655763e-04
4.069963279162366627e-04
4.062839179780078033e-04
4.055715080397788897e-04
4.048590981015500303e-04
4.041466881633211166e-04
4.034342782250922572e-04
4.027218682868633436e-04
4.020094583486344842e-04
4.012970484104055706e-04
4.005846384721767112e-04
3.998722285339477976e-04
3.991598185957189382e-04
3.985706201148812118e-04
3.981046330914346184e-04
3.976386460679880250e-04
3.971726590445414317e-04
3.967066720210948383e-04
3.962406849976482450e-04
3.957746979742016516e-04
3.953087109507550582e-04
3.948427239273084649e-04
3.943767369038619257e-04
3.939107498804153324e-04
3.934447628569687390e-04
3.929787758335221456e-04
3.925127888100755523e-04
3.920468017866289589e-04
3.915808147631823655e-04
3.911148277397357722e-04
3.905763219635287635e-04
3.899652974345613394e-04
3.893542729055938611e-04
3.887432483766264371e-04
3.881322238476589588e-04
3.875211993186915348e-04
3.869101747897240565e-04
3.862991502607566324e-04
3.856881257317891542e-04
3.850771012028216759e-04
3.844660766738542518e-04
3.838550521448867736e-04
3.832440276159193495e-04
3.826330030869518712e-04
3.820219785579844472e-04
3.814109540290169689e-04
3.807999295000495448e-04
3.802938466608201469e-04
3.798927055113288835e-04
3.794915643618375660e-04
3.790904232123462484e-04
3.786892820628549850e-04
3.782881409133636674e-04
3.778869997638724040e-04
3.774858586143810864e-04
3.770847174648898231e-04
3.766835763153985055e-04
3.762824351659071879e-04
3.758812940164159245e-04
3.754801528669246069e-04
3.750790117174333436e-04
3.746778705679420260e-04
3.742767294184507626e-04
3.738755882689594450e-04
3.732756155861236404e-04
3.726756429032877815e-04
3.720756702204519768e-04
3.714756975376161180e-04
3.708757248547803133e-04
3.702757521719444544e-04
3.696757794891086498e-04
3.690758068062727909e-04
3.684758341234369862e-04
3.678758614406011274e-04
3.672758887577653227e-04
3.666759160749295181e-04
3.660759433920936592e-04
3.654759707092578545e-04
3.648759980264219957e-04
3.642760253435861910e-04
3.636568988004819196e-04
3.630186183971091814e-04
3.623803379937364432e-04
3.617420575903637593e-04
3.611037771869910211e-04
3.604654967836182829e-04
3.598272163802455990e-04
3.591889359768728608e-04
3.585506555735001226e-04
3.579123751701274387e-04
3.572740947667547005e-04
3.566358143633820165e-04
3.559975339600092784e-04
3.553592535566365402e-04
3.547209731532638562e-04
3.540826927498911180e-04
3.534444123465183799e-04
3.528883827316447032e-04
3.524146039052699795e-04
3.519408250788952559e-04
3.514670462525205864e-04
3.509932674261458628e-04
3.505194885997711392e-04
3.500457097733964697e-04
3.495719309470217461e-04
3.490981521206470224e-04
3.486243732942723530e-04
3.481505944678976294e-04
3.476768156415229057e-04
3.472030368151482363e-04
3.467292579887735126e-04
3.462554791623987890e-04
3.457817003360241196e-04
3.453079215096493959e-04
3.446795456031929669e-04
3.440511696967365378e-04
3.434227937902801088e-04
3.427944178838236797e-04
3.421660419773672507e-04
3.415376660709108217e-04
3.409092901644543926e-04
3.402809142579979636e-04
3.396525383515415345e-04
3.390241624450851055e-04
3.383957865386286764e-04
3.377674106321722474e-04
3.371390347257158184e-04
3.365106588192593893e-04
3.358822829128029603e-04
3.352539070063465312e-04
3.347374528242962792e-04
3.343329203666520959e-04
3.339283879090079125e-04
3.335238554513637291e-04
3.331193229937195999e-04
3.327147905360754165e-04
3.323102580784312332e-04
3.319057256207870498e-04
3.315011931631429206e-04
3.310966607054987372e-04
3.306921282478545538e-04
3.302875957902103705e-04
3.298830633325661871e-04
3.294785308749220579e-04
3.290739984172778745e-04
3.286694659596336911e-04
3.282649335019895078e-04
3.278902608557950874e-04
3.275454480210503757e-04
3.272006351863056641e-04
3.268558223515609525e-04
3.265110095168162409e-04
3.261661966820715293e-04
3.258213838473268177e-04
3.254765710125821060e-04
3.251317581778373402e-04
3.247869453430926286e-04
3.244421325083479170e-04
3.240973196736032054e-04
3.237525068388584937e-04
3.234076940041137821e-04
3.230628811693690705e-04
3.227180683346243589e-04
3.223732554998796473e-04
3.220467733303989440e-04
3.217386218261823034e-04
3.214304703219656627e-04
3.211223188177489678e-04
3.208141673135323272e-04
3.205060158093156323e-04
3.201978643050989917e-04
3.198897128008823510e-04
3.195815612966656561e-04
3.192734097924490155e-04
3.189652582882323206e-04
3.186571067840156799e-04
3.183489552797990393e-04
3.180408037755823444e-04
3.177326522713657037e-04
3.174245007671490089e-04
3.171163492629323682e-04
3.166337900502679665e-04
3.161512308376036189e-04
3.156686716249392172e-04
3.151861124122748697e-04
3.147035531996104679e-04
3.142209939869461204e-04
3.137384347742817187e-04
3.132558755616173711e-04
3.127733163489529694e-04
3.122907571362886219e-04
3.118081979236242201e-04
3.113256387109598184e-04
3.108430794982954709e-04
3.103605202856310691e-04
3.098779610729667216e-04
3.093954018603023198e-04
3.088749308601784868e-04
3.083165480725951141e-04
3.077581652850117414e-04
3.071997824974283687e-04
3.066413997098450502e-04
3.060830169222616775e-04
3.055246341346783048e-04
3.049662513470949320e-04
3.044078685595115593e-04
3.038494857719282408e-04
3.032911029843448681e-04
3.027327201967614954e-04
3.021743374091781227e-04
3.016159546215948042e-04
3.010575718340114315e-04
3.004991890464280588e-04
2.999408062588446860e-04
2.995364439871792020e-04
2.992861022314316066e-04
2.990357604756839569e-04
2.987854187199363615e-04
2.985350769641887119e-04
2.982847352084411164e-04
2.980343934526935210e-04
2.977840516969458714e-04
2.975337099411982759e-04
2.972833681854506263e-04
2.970330264297030309e-04
2.967826846739553812e-04
2.965323429182077858e-04
2.962820011624601362e-04
2.960316594067125408e-04
2.957813176509648911e-04
2.955309758952172957e-04
2.951740329693500046e-04
2.948170900434826593e-04
2.944601471176153682e-04
2.941032041917480771e-04
2.937462612658807318e-04
2.933893183400134407e-04
2.930323754141461495e-04
2.926754324882788042e-04
2.923184895624115131e-04
2.919615466365442220e-04
2.916046037106768767e-04
2.912476607848095856e-04
2.908907178589422945e-04
2.905337749330749492e-04
2.901768320072076581e-04
2.898198890813403670e-04
2.894463407802411094e-04
2.890561871039099939e-04
2.886660334275788242e-04
2.882758797512477086e-04
2.878857260749165389e-04
2.874955723985854234e-04
2.871054187222542536e-04
2.867152650459231381e-04
2.863251113695919683e-04
2.859349576932607986e-04
2.855448040169296831e-04
2.851546503405985133e-04
2.847644966642673978e-04
2.843743429879362281e-04
2.839841893116051125e-04
2.835940356352739428e-04
2.832038819589428272e-04
2.828027662916813884e-04
2.823906886334896804e-04
2.819786109752979724e-04
2.815665333171062643e-04
2.811544556589145563e-04
2.807423780007228483e-04
2.803303003425311403e-04
2.799182226843394323e-04
2.795061450261476701e-04
2.790940673679559621e-04
2.786819897097642541e-04
2.782699120515725461e-04
2.778578343933808380e-04
2.774457567351891300e-04
2.770336790769974220e-04
2.766216014188057140e-04
2.762095237606140060e-04
2.758116795400423387e-04
2.754280687570907662e-04
2.750444579741391396e-04
2.746608471911875671e-04
2.742772364082359405e-04
2.738936256252843681e-04
2.735100148423327414e-04
2.731264040593811690e-04
2.727427932764295423e-04
2.723591824934779699e-04
2.719755717105263432e-04
2.715919609275747708e-04
2.712083501446231441e-04
2.708247393616715717e-04
2.704411285787199450e-04
2.700575177957683726e-04
2.696739070128167460e-04
2.694412527125133886e-04
2.692085984122099770e-04
2.689759441119066196e-04
2.687432898116032622e-04
2.685106355112998507e-04
2.682779812109964933e-04
2.680453269106931359e-04
2.678126726103897785e-04
2.675800183100863669e-04
2.673473640097830096e-04
2.671147097094796522e-04
2.668820554091762406e-04
2.666494011088728832e-04
2.664167468085695259e-04
2.661840925082661143e-04
2.659514382079627569e-04
2.657371142927880637e-04
2.655411207627419805e-04
2.653451272326958973e-04
2.651491337026498142e-04
2.649531401726037310e-04
2.647571466425576478e-04
2.645611531125116188e-04
2.643651595824655356e-04
2.641691660524194524e-04
2.639731725223733692e-04
2.637771789923272860e-04
2.635811854622812571e-04
2.633851919322351739e-04
2.631891984021890907e-04
2.629932048721430075e-04
2.627972113420969243e-04
2.626012178120508411e-04
2.622201419865801742e-04
2.616539838656848152e-04
2.610878257447894562e-04
2.605216676238940971e-04
2.599555095029987381e-04
2.593893513821033791e-04
2.588231932612080201e-04
2.582570351403126610e-04
2.576908770194173020e-04
2.571247188985219430e-04
2.565585607776265840e-04
2.559924026567312791e-04
2.554262445358359201e-04
2.548600864149405611e-04
2.542939282940452021e-04
2.537277701731498430e-04
2.531616120522544840e-04
2.528045038539168958e-04
2.524473956555793076e-04
2.520902874572417194e-04
2.517331792589041855e-04
2.513760710605665973e-04
2.510189628622290091e-04
2.506618546638914209e-04
2.503047464655538327e-04
2.499476382672162445e-04
2.495905300688787106e-04
2.492334218705411224e-04
2.488763136722035342e-04
2.485192054738659460e-04
2.481620972755283578e-04
2.478049890771907697e-04
2.474478808788531815e-04
2.471796480865965815e-04
2.470002907004208615e-04
2.468209333142451956e-04
2.466415759280695297e-04
2.464622185418938096e-04
2.462828611557181437e-04
2.461035037695424236e-04
2.459241463833667578e-04
2.457447889971910377e-04
2.455654316110153718e-04
2.453860742248397059e-04
2.452067168386639858e-04
2.450273594524883199e-04
2.448480020663125999e-04
2.446686446801369340e-04
2.444892872939612681e-04
2.443099299077855480e-04
2.439875075626086489e-04
2.435220202584305164e-04
2.430565329542523840e-04
2.425910456500742515e-04
2.421255583458961191e-04
2.416600710417179867e-04
2.411945837375398542e-04
2.407290964333617218e-04
2.402636091291835893e-04
2.397981218250054569e-04
2.393326345208273245e-04
2.388671472166491920e-04
2.384016599124710596e-04
2.379361726082929271e-04
2.374706853041147947e-04
2.370051979999366623e-04
2.365397106957585298e-04
2.362619671661992673e-04
2.361719674112589017e-04
2.360819676563185362e-04
2.359919679013781706e-04
2.359019681464377780e-04
2.358119683914974125e-04
2.357219686365570469e-04
2.356319688816166543e-04
2.355419691266762887e-04
2.354519693717359232e-04
2.353619696167955576e-04
2.352719698618551650e-04
2.351819701069147994e-04
2.350919703519744339e-04
2.350019705970340684e-04
2.349119708420936757e-04
2.348219710871533102e-04
2.344908807765820526e-04
2.341597904660107951e-04
2.338287001554395375e-04
2.334976098448682800e-04
2.331665195342970225e-04
2.328354292237257649e-04
2.325043389131545074e-04
2.321732486025832498e-04
2.318421582920119652e-04
2.315110679814407076e-04
2.311799776708694501e-04
2.308488873602981925e-04
2.305177970497269350e-04
2.301867067391556775e-04
2.298556164285844199e-04
2.295245261180131624e-04
2.292387361725338653e-04
2.289982465921465557e-04
2.287577570117592461e-04
2.285172674313719094e-04
2.282767778509845998e-04
2.280362882705972902e-04
2.277957986902099806e-04
2.275553091098226439e-04
2.273148195294353343e-04
2.270743299490480247e-04
2.268338403686606880e-04
2.265933507882733784e-04
2.263528612078860689e-04
2.261123716274987593e-04
2.258718820471114226e-04
2.256313924667241130e-04
2.253909028863368034e-04
2.252184970432568787e-04
2.251141749374843660e-04
2.250098528317118532e-04
2.249055307259393405e-04
2.248012086201668007e-04
2.246968865143942880e-04
2.245925644086217753e-04
2.244882423028492625e-04
2.243839201970767498e-04
2.242795980913042371e-04
2.241752759855317244e-04
2.240709538797592117e-04
2.239666317739866718e-04
2.238623096682141591e-04
2.237579875624416464e-04
2.236536654566691337e-04
2.235493433508966210e-04
2.232686599704027542e-04
2.229879765899089145e-04
2.227072932094150478e-04
2.224266098289212081e-04
2.221459264484273413e-04
2.218652430679335017e-04
2.215845596874396349e-04
2.213038763069457681e-04
2.210231929264519285e-04
2.207425095459580617e-04
2.204618261654642220e-04
2.201811427849703553e-04
2.199004594044765156e-04
2.196197760239826488e-04
2.193390926434887821e-04
2.190584092629949424e-04
2.187858780064740169e-04
2.185214988739260327e-04
2.182571197413780213e-04
2.179927406088300371e-04
2.177283614762820529e-04
2.174639823437340687e-04
2.171996032111860573e-04
2.169352240786380731e-04
2.166708449460900889e-04
2.164064658135421047e-04
2.161420866809941204e-04
2.158777075484461091e-04
2.156133284158981249e-04
2.153489492833501407e-04
2.150845701508021564e-04
2.148201910182541451e-04
2.145558118857061609e-04
2.142572902374895920e-04
2.139246260736044384e-04
2.135919619097192848e-04
2.132592977458341312e-04
2.129266335819489776e-04
2.125939694180638241e-04
2.122613052541786705e-04
2.119286410902935169e-04
2.115959769264083362e-04
2.112633127625231826e-04
2.109306485986380290e-04
2.105979844347528754e-04
2.102653202708677218e-04
2.099326561069825682e-04
2.095999919430974147e-04
2.092673277792122611e-04
2.089346636153271075e-04
2.086623504030304867e-04
2.084503881423224259e-04
2.082384258816143651e-04
2.080264636209063042e-04
2.078145013601982163e-04
2.076025390994901555e-04
2.073905768387820947e-04
2.071786145780740067e-04
2.069666523173659459e-04
2.067546900566578851e-04
2.065427277959498242e-04
2.063307655352417363e-04
2.061188032745336755e-04
2.059068410138256147e-04
2.056948787531175538e-04
2.054829164924094659e-04
2.052709542317014051e-04
2.051621074483876424e-04
2.050532606650738525e-04
2.049444138817600898e-04
2.048355670984463271e-04
2.047267203151325373e-04
2.046178735318187746e-04
2.045090267485050119e-04
2.044001799651912221e-04
2.042913331818774594e-04
2.041824863985636966e-04
2.040736396152499068e-04
2.039647928319361441e-04
2.038559460486223814e-04
2.037470992653085916e-04
2.036382524819948289e-04
2.035294056986810662e-04
2.033583343090990400e-04
2.031250383132487502e-04
2.028917423173984876e-04
2.026584463215482250e-04
2.024251503256979353e-04
2.021918543298476727e-04
2.019585583339974101e-04
2.017252623381471204e-04
2.014919663422968577e-04
2.012586703464465951e-04
2.010253743505963054e-04
2.007920783547460428e-04
2.005587823588957802e-04
2.003254863630454905e-04
2.000921903671952279e-04
1.998588943713449652e-04
1.996255983754946755e-04
1.993913710402356613e-04
1.991562123655679227e-04
1.989210536909001841e-04
1.986858950162324455e-04
1.984507363415647068e-04
1.982155776668969682e-04
1.979804189922292296e-04
1.977452603175614909e-04
1.975101016428937252e-04
1.972749429682259866e-04
1.970397842935582480e-04
1.968046256188905093e-04
1.965694669442227707e-04
1.963343082695550321e-04
1.960991495948872934e-04
1.958639909202195548e-04
1.956288322455518162e-04
1.954009944124141538e-04
1.951804774208066218e-04
1.949599604291990626e-04
1.947394434375915306e-04
1.945189264459839715e-04
1.942984094543764395e-04
1.940778924627689075e-04
1.938573754711613484e-04
1.936368584795538164e-04
1.934163414879462573e-04
1.931958244963387253e-04
1.929753075047311662e-04
1.927547905131236341e-04
1.925342735215160750e-04
1.923137565299085430e-04
1.920932395383009839e-04
1.918727225466934519e-04
1.915630016176223319e-04
1.912532806885512118e-04
1.909435597594800918e-04
1.906338388304089988e-04
1.903241179013378788e-04
1.900143969722667588e-04
1.897046760431956387e-04
1.893949551141245187e-04
1.890852341850533986e-04
1.887755132559823057e-04
1.884657923269111857e-04
1.881560713978400656e-04
1.878463504687689456e-04
1.875366295396978255e-04
1.872269086106267055e-04
1.869171876815555855e-04
1.867400645297087700e-04
1.866955391550862320e-04
1.866510137804636670e-04
1.866064884058411290e-04
1.865619630312185910e-04
1.865174376565960259e-04
1.864729122819734880e-04
1.864283869073509500e-04
1.863838615327283849e-04
1.863393361581058469e-04
1.862948107834833090e-04
1.862502854088607710e-04
1.862057600342382059e-04
1.861612346596156679e-04
1.861167092849931300e-04
1.860721839103705649e-04
1.860276585357480269e-04
1.858479290319974887e-04
1.855329953991189231e-04
1.852180617662403574e-04
1.849031281333617918e-04
1.845881945004832262e-04
1.842732608676046606e-04
1.839583272347260949e-04
1.836433936018475564e-04
1.833284599689689908e-04
1.830135263360904252e-04
1.826985927032118596e-04
1.823836590703332939e-04
1.820687254374547283e-04
1.817537918045761898e-04
1.814388581716976242e-04
1.811239245388190585e-04
1.808089909059404929e-04
1.807575129043166519e-04
1.807060349026928109e-04
1.806545569010689699e-04
1.806030788994451288e-04
1.805516008978212878e-04
1.805001228961974468e-04
1.804486448945736058e-04
1.803971668929497648e-04
1.803456888913258966e-04
1.802942108897020556e-04
1.802427328880782146e-04
1.801912548864543736e-04
1.801397768848305326e-04
1.800882988832066915e-04
1.800368208815828505e-04
1.799853428799590095e-04
1.798801289606038252e-04
1.797211791235172977e-04
1.795622292864307431e-04
1.794032794493442156e-04
1.792443296122576881e-04
1.790853797751711606e-04
1.789264299380846060e-04
1.787674801009980785e-04
1.786085302639115510e-04
1.784495804268250235e-04
1.782906305897384960e-04
1.781316807526519413e-04
1.779727309155654138e-04
1.778137810784788863e-04
1.776548312413923588e-04
1.774958814043058042e-04
1.773369315672192767e-04
1.771780535541933913e-04
1.770192473652281481e-04
1.768604411762628777e-04
1.767016349872976345e-04
1.765428287983323912e-04
1.763840226093671209e-04
1.762252164204018777e-04
1.760664102314366344e-04
1.759076040424713641e-04
1.757487978535061208e-04
1.755899916645408776e-04
1.754311854755756343e-04
1.752723792866103640e-04
1.751135730976451207e-04
1.749547669086798775e-04
1.747959607197146071e-04
1.746371545307493639e-04
1.744751716557598094e-04
1.743100120947459707e-04
1.741448525337321320e-04
1.739796929727182933e-04
1.738145334117044546e-04
1.736493738506906159e-04
1.734842142896767772e-04
1.733190547286629114e-04
1.731538951676490727e-04
1.729887356066352340e-04
1.728235760456213954e-04
1.726584164846075567e-04
1.724932569235937180e-04
1.723280973625798522e-04
1.721629378015660135e-04
1.719977782405521748e-04
1.718326186795383361e-04
1.715490341832402027e-04
1.712654496869420694e-04
1.709818651906439631e-04
1.706982806943458297e-04
1.704146961980476964e-04
1.701311117017495630e-04
1.698475272054514296e-04
1.695639427091533234e-04
1.692803582128551900e-04
1.689967737165570566e-04
1.687131892202589232e-04
1.684296047239608170e-04
1.681460202276626836e-04
1.678624357313645502e-04
1.675788512350664169e-04
1.672952667387682835e-04
1.670676428265881479e-04
1.668959794985259558e-04
1.667243161704637909e-04
1.665526528424015988e-04
1.663809895143394339e-04
1.662093261862772418e-04
1.660376628582150768e-04
1.658659995301528848e-04
1.656943362020907198e-04
1.655226728740285549e-04
1.653510095459663628e-04
1.651793462179041978e-04
1.650076828898420058e-04
1.648360195617798408e-04
1.646643562337176488e-04
1.644926929056554838e-04
1.643210295775932917e-04
1.641839158485017020e-04
1.640813517183806875e-04
1.639787875882596729e-04
1.638762234581386855e-04
1.637736593280176710e-04
1.636710951978966565e-04
1.635685310677756420e-04
1.634659669376546274e-04
1.633634028075336400e-04
1.632608386774126255e-04
1.631582745472916110e-04
1.630557104171705964e-04
1.629531462870495819e-04
1.628505821569285674e-04
1.627480180268075800e-04
1.626454538966865654e-04
1.625428897665655509e-04
1.623216922263649806e-04
1.621004946861643833e-04
1.618792971459638130e-04
1.616580996057632427e-04
1.614369020655626453e-04
1.612157045253620751e-04
1.609945069851614777e-04
1.607733094449609074e-04
1.605521119047603371e-04
1.603309143645597398e-04
1.601097168243591695e-04
1.598885192841585992e-04
1.596673217439580018e-04
1.594461242037574316e-04
1.592249266635568613e-04
1.590037291233562639e-04
1.589105929332991745e-04
1.589455180933855389e-04
1.589804432534719304e-04
1.590153684135582949e-04
1.590502935736446593e-04
1.590852187337310508e-04
1.591201438938174152e-04
1.591550690539038067e-04
1.591899942139901711e-04
1.592249193740765355e-04
1.592598445341629270e-04
1.592947696942492914e-04
1.593296948543356829e-04
1.593646200144220473e-04
1.593995451745084117e-04
1.594344703345948033e-04
1.594693954946811677e-04
1.594360093076022382e-04
1.593343117733580150e-04
1.592326142391137646e-04
1.591309167048695142e-04
1.590292191706252909e-04
1.589275216363810405e-04
1.588258241021367901e-04
1.587241265678925668e-04
1.586224290336483165e-04
1.585207314994040661e-04
1.584190339651598428e-04
1.583173364309155924e-04
1.582156388966713420e-04
1.581139413624271187e-04
1.580122438281828683e-04
1.579105462939386180e-04
1.578088487596943947e-04
1.576685335472548211e-04
1.574896006566198973e-04
1.573106677659849735e-04
1.571317348753500768e-04
1.569528019847151530e-04
1.567738690940802563e-04
1.565949362034453325e-04
1.564160033128104087e-04
1.562370704221755120e-04
1.560581375315405882e-04
1.558792046409056915e-04
1.557002717502707677e-04
1.555213388596358439e-04
1.553424059690009472e-04
1.551634730783660234e-04
1.549845401877311267e-04
1.548056072970962029e-04
1.546087009555240468e-04
1.544117946139518906e-04
1.542148882723797074e-04
1.540179819308075512e-04
1.538210755892353951e-04
1.536241692476632390e-04
1.534272629060910557e-04
1.532303565645188996e-04
1.530334502229467434e-04
1.528365438813745873e-04
1.526396375398024041e-04
1.524427311982302479e-04
1.522458248566580918e-04
1.520489185150859356e-04
1.518520121735137524e-04
1.516551058319415962e-04
1.514878883574241435e-04
1.513503597499613940e-04
1.512128311424986446e-04
1.510753025350358952e-04
1.509377739275731458e-04
1.508002453201103964e-04
1.506627167126476470e-04
1.505251881051848976e-04
1.503876594977221481e-04
1.502501308902594258e-04
1.501126022827966764e-04
1.499750736753339270e-04
1.498375450678711776e-04
1.497000164604084282e-04
1.495624878529456787e-04
1.494249592454829293e-04
1.492874306380201799e-04
1.491152779819112642e-04
1.489085012771561821e-04
1.487017245724011000e-04
1.484949478676460179e-04
1.482881711628909630e-04
1.480813944581358809e-04
1.478746177533807988e-04
1.476678410486257167e-04
1.474610643438706346e-04
1.472542876391155526e-04
1.470475109343604705e-04
1.468407342296053884e-04
1.466339575248503334e-04
1.464271808200952514e-04
1.462204041153401693e-04
1.460136274105850872e-04
1.458068507058300051e-04
1.457257287988331367e-04
1.456446068918362683e-04
1.455634849848393998e-04
1.454823630778425314e-04
1.454012411708456630e-04
1.453201192638487946e-04
1.452389973568519262e-04
1.451578754498550577e-04
1.450767535428581893e-04
1.449956316358613209e-04
1.449145097288644525e-04
1.448333878218675840e-04
1.447522659148707156e-04
1.446711440078738472e-04
1.445900221008769788e-04
1.445089001938801103e-04
1.444209232078256199e-04
1.443260911427135616e-04
1.442312590776015032e-04
1.441364270124894449e-04
1.440415949473773866e-04
1.439467628822653283e-04
1.438519308171532429e-04
1.437570987520411846e-04
1.436622666869291263e-04
1.435674346218170680e-04
1.434726025567050096e-04
1.433777704915929242e-04
1.432829384264808659e-04
1.431881063613688076e-04
1.430932742962567493e-04
1.429984422311446910e-04
1.429036101660326327e-04
1.427875941526083659e-04
1.426503941908718908e-04
1.425131942291354157e-04
1.423759942673989405e-04
1.422387943056624654e-04
1.421015943439259902e-04
1.419643943821895151e-04
1.418271944204530400e-04
1.416899944587165648e-04
1.415527944969801168e-04
1.414155945352436417e-04
1.412783945735071665e-04
1.411411946117706914e-04
1.410039946500342162e-04
1.408667946882977411e-04
1.407295947265612660e-04
1.405923947648247908e-04
1.404543250454803123e-04
1.403153855685278033e-04
1.401764460915753214e-04
1.400375066146228125e-04
1.398985671376703035e-04
1.397596276607177945e-04
1.396206881837653126e-04
1.394817487068128036e-04
1.393428092298602946e-04
1.392038697529077856e-04
1.390649302759553038e-04
1.389259907990027948e-04
1.387870513220502858e-04
1.386481118450977768e-04
1.385091723681452949e-04
1.383702328911927859e-04
1.382312934142402769e-04
1.380979567407484231e-04
1.379646200672565693e-04
1.378312833937647155e-04
1.376979467202728616e-04
1.375646100467810078e-04
1.374312733732891540e-04
1.372979366997973002e-04
1.371646000263054463e-04
1.370312633528135654e-04
1.368979266793217116e-04
1.367645900058298578e-04
1.366312533323380039e-04
1.364979166588461501e-04
1.363645799853542963e-04
1.362312433118624425e-04
1.360979066383705886e-04
1.359867409436632177e-04
1.358977462277403297e-04
1.358087515118174416e-04
1.357197567958945536e-04
1.356307620799716656e-04
1.355417673640487775e-04
1.354527726481258895e-04
1.353637779322030014e-04
1.352747832162800863e-04
1.351857885003571983e-04
1.350967937844343102e-04
1.350077990685114222e-04
1.349188043525885341e-04
1.348298096366656461e-04
1.347408149207427581e-04
1.346518202048198700e-04
1.345628254888969820e-04
1.344615415066002199e-04
1.343479682579296107e-04
1.342343950092589745e-04
1.341208217605883383e-04
1.340072485119177292e-04
1.338936752632470929e-04
1.337801020145764838e-04
1.336665287659058476e-04
1.335529555172352385e-04
1.334393822685646022e-04
1.333258090198939660e-04
1.332122357712233569e-04
1.330986625225527207e-04
1.329850892738821116e-04
1.328715160252114753e-04
1.327579427765408662e-04
1.326443695278702300e-04
1.325954789481313450e-04
1.325465883683924872e-04
1.324976977886536023e-04
1.324488072089147173e-04
1.323999166291758324e-04
1.323510260494369746e-04
1.323021354696980896e-04
1.322532448899592047e-04
1.322043543102203198e-04
1.321554637304814619e-04
1.321065731507425770e-04
1.320576825710036920e-04
1.320087919912648342e-04
1.319599014115259493e-04
1.319110108317870643e-04
1.318621202520481794e-04
1.317342847627823066e-04
1.315275043639894460e-04
1.313207239651965582e-04
1.311139435664036704e-04
1.309071631676108098e-04
1.307003827688179220e-04
1.304936023700250614e-04
1.302868219712321736e-04
1.300800415724393129e-04
1.298732611736464252e-04
1.296664807748535374e-04
1.294597003760606768e-04
1.292529199772677890e-04
1.290461395784749284e-04
1.288393591796820406e-04
1.286325787808891528e-04
1.284257983820962922e-04
1.282838764033290369e-04
1.282068128445873869e-04
1.281297492858457640e-04
1.280526857271041411e-04
1.279756221683624911e-04
1.278985586096208682e-04
1.278214950508792182e-04
1.277444314921375953e-04
1.276673679333959724e-04
1.275903043746543224e-04
1.275132408159126995e-04
1.274361772571710495e-04
1.273591136984294266e-04
1.272820501396877766e-04
1.272049865809461537e-04
1.271279230222045308e-04
1.270508594634628808e-04
1.269470320591052105e-04
1.268164408091315199e-04
1.266858495591578022e-04
1.265552583091840845e-04
1.264246670592103939e-04
1.262940758092366761e-04
1.261634845592629855e-04
1.260328933092892678e-04
1.259023020593155772e-04
1.257717108093418595e-04
1.256411195593681418e-04
1.255105283093944511e-04
1.253799370594207334e-04
1.252493458094470428e-04
1.251187545594733251e-04
1.249881633094996345e-04
1.248575720595259167e-04
1.248370689787982974e-04
1.248165658980706781e-04
1.247960628173430588e-04
1.247755597366154395e-04
1.247550566558878202e-04
1.247345535751602009e-04
1.247140504944325816e-04
1.246935474137049623e-04
1.246730443329773159e-04
1.246525412522496966e-04
1.246320381715220773e-04
1.246115350907944579e-04
1.245910320100668386e-04
1.245705289293392193e-04
1.245500258486116000e-04
1.245295227678839807e-04
1.244642792647996461e-04
1.243542953393585691e-04
1.242443114139174922e-04
1.241343274884764423e-04
1.240243435630353653e-04
1.239143596375942883e-04
1.238043757121532113e-04
1.236943917867121615e-04
1.235844078612710845e-04
1.234744239358300075e-04
1.233644400103889576e-04
1.232544560849478806e-04
1.231444721595068036e-04
1.230344882340657267e-04
1.229245043086246768e-04
1.228145203831835998e-04
1.227045364577425228e-04
1.225881632712156927e-04
1.224654008236030552e-04
1.223426383759904448e-04
1.222198759283778344e-04
1.220971134807651969e-04
1.219743510331525865e-04
1.218515885855399626e-04
1.217288261379273386e-04
1.216060636903147283e-04
1.214833012427021043e-04
1.213605387950894804e-04
1.212377763474768564e-04
1.211150138998642325e-04
1.209922514522516221e-04
1.208694890046389982e-04
1.207467265570263742e-04
1.206239641094137503e-04
1.205232715499693981e-04
1.204446488786932906e-04
1.203660262074171967e-04
1.202874035361411027e-04
1.202087808648649953e-04
1.201301581935889013e-04
1.200515355223128074e-04
1.199729128510366999e-04
1.198942901797606060e-04
1.198156675084845120e-04
1.197370448372084045e-04
1.196584221659323106e-04
1.195797994946562031e-04
1.195011768233801092e-04
1.194225541521040152e-04
1.193439314808279078e-04
1.192653088095518138e-04
1.192204603080242008e-04
1.191756118064965741e-04
1.191307633049689611e-04
1.190859148034413345e-04
1.190410663019137214e-04
1.189962178003860948e-04
1.189513692988584817e-04
1.189065207973308551e-04
1.188616722958032421e-04
1.188168237942756155e-04
1.187719752927480024e-04
1.187271267912203893e-04
1.186822782896927627e-04
1.186374297881651497e-04
1.185925812866375230e-04
1.185477327851099100e-04
1.184827916918180276e-04
1.183977580067619031e-04
1.183127243217057650e-04
1.182276906366496269e-04
1.181426569515935023e-04
1.180576232665373642e-04
1.179725895814812261e-04
1.178875558964251016e-04
1.178025222113689635e-04
1.177174885263128254e-04
1.176324548412567008e-04
1.175474211562005627e-04
1.174623874711444246e-04
1.173773537860883001e-04
1.172923201010321620e-04
1.172072864159760239e-04
1.171222527309198993e-04
1.170440780853984305e-04
1.169727624794116445e-04
1.169014468734248585e-04
1.168301312674380589e-04
1.167588156614512729e-04
1.166875000554644734e-04
1.166161844494776874e-04
1.165448688434909014e-04
1.164735532375041018e-04
1.164022376315173159e-04
1.163309220255305163e-04
1.162596064195437303e-04
1.161882908135569443e-04
1.161169752075701448e-04
1.160456596015833588e-04
1.159743439955965592e-04
1.159030283896097732e-04
1.159015690751770780e-04
1.159001097607443692e-04
1.158986504463116739e-04
1.158971911318789651e-04
1.158957318174462698e-04
1.158942725030135610e-04
1.158928131885808658e-04
1.158913538741481705e-04
1.158898945597154617e-04
1.158884352452827665e-04
1.158869759308500577e-04
1.158855166164173624e-04
1.158840573019846536e-04
1.158825979875519583e-04
1.158811386731192631e-04
1.158796793586865543e-04
1.158087349828584422e-04
1.156683055456349132e-04
1.155278761084113843e-04
1.153874466711878554e-04
1.152470172339643264e-04
1.151065877967407975e-04
1.149661583595172685e-04
1.148257289222937396e-04
1.146852994850702107e-04
1.145448700478466953e-04
1.144044406106231663e-04
1.142640111733996374e-04
1.141235817361761084e-04
1.139831522989525795e-04
1.138427228617290506e-04
1.137022934245055216e-04
1.135618639872819927e-04
1.134363274398409642e-04
1.133256837821824226e-04
1.132150401245238946e-04
1.131043964668653531e-04
1.129937528092068115e-04
1.128831091515482835e-04
1.127724654938897419e-04
1.126618218362312139e-04
1.125511781785726724e-04
1.124405345209141308e-04
1.123298908632556028e-04
1.122192472055970612e-04
1.121086035479385332e-04
1.119979598902799917e-04
1.118873162326214501e-04
1.117766725749629221e-04
1.116660289173043805e-04
1.115949502672745257e-04
1.115634366248733576e-04
1.115319229824721759e-04
1.115004093400709942e-04
1.114688956976698261e-04
1.114373820552686445e-04
1.114058684128674763e-04
1.113743547704662947e-04
1.113428411280651266e-04
1.113113274856639449e-04
1.112798138432627632e-04
1.112483002008615951e-04
1.112167865584604134e-04
1.111852729160592453e-04
1.111537592736580636e-04
1.111222456312568955e-04
1.110907319888557139e-04
1.110547992931234119e-04
1.110188665973911099e-04
1.109829339016588079e-04
1.109470012059265059e-04
1.109110685101942040e-04
1.108751358144618884e-04
1.108392031187295865e-04
1.108032704229972845e-04
1.107673377272649825e-04
1.107314050315326805e-04
1.106954723358003785e-04
1.106595396400680766e-04
1.106236069443357746e-04
1.105876742486034726e-04
1.105517415528711706e-04
1.105158088571388687e-04
1.104205093229890743e-04
1.102658429504217876e-04
1.101111765778545144e-04
1.099565102052872277e-04
1.098018438327199545e-04
1.096471774601526678e-04
1.094925110875853946e-04
1.093378447150181079e-04
1.091831783424508347e-04
1.090285119698835480e-04
1.088738455973162612e-04
1.087191792247489881e-04
1.085645128521817013e-04
1.084098464796144282e-04
1.082551801070471414e-04
1.081005137344798683e-04
1.079458473619125815e-04
1.078490110103311460e-04
1.078100046797355346e-04
1.077709983491399233e-04
1.077319920185443119e-04
1.076929856879487140e-04
1.076539793573531026e-04
1.076149730267574912e-04
1.075759666961618934e-04
1.075369603655662820e-04
1.074979540349706706e-04
1.074589477043750592e-04
1.074199413737794614e-04
1.073809350431838500e-04
1.073419287125882386e-04
1.073029223819926272e-04
1.072639160513970294e-04
1.072249097208014180e-04
1.071755932281491291e-04
1.071262767354968267e-04
1.070769602428445379e-04
1.070276437501922355e-04
1.069783272575399466e-04
1.069290107648876442e-04
1.068796942722353554e-04
1.068303777795830530e-04
1.067810612869307641e-04
1.067317447942784617e-04
1.066824283016261729e-04
1.066331118089738840e-04
1.065837953163215816e-04
1.065344788236692928e-04
1.064851623310169904e-04
1.064358458383647015e-04
1.063682340837836970e-04
1.062823270672739768e-04
1.061964200507642701e-04
1.061105130342545499e-04
1.060246060177448432e-04
1.059386990012351230e-04
1.058527919847254163e-04
1.057668849682156961e-04
1.056809779517059759e-04
1.055950709351962692e-04
1.055091639186865490e-04
1.054232569021768424e-04
1.053373498856671221e-04
1.052514428691574155e-04
1.051655358526476953e-04
1.050796288361379886e-04
1.049937218196282684e-04
1.049134673060089014e-04
1.048388652952798877e-04
1.047642632845508605e-04
1.046896612738218332e-04
1.046150592630928195e-04
1.045404572523637922e-04
1.044658552416347650e-04
1.043912532309057513e-04
1.043166512201767240e-04
1.042420492094476967e-04
1.041674471987186830e-04
1.040928451879896558e-04
1.040182431772606285e-04
1.039436411665316148e-04
1.038690391558025875e-04
1.037944371450735603e-04
1.037198351343445466e-04
1.036679213904529437e-04
1.036386959133987789e-04
1.036094704363446140e-04
1.035802449592904356e-04
1.035510194822362708e-04
1.035217940051820924e-04
1.034925685281279275e-04
1.034633430510737627e-04
1.034341175740195843e-04
1.034048920969654194e-04
1.033756666199112410e-04
1.033464411428570761e-04
1.033172156658029113e-04
1.032879901887487329e-04
1.032587647116945680e-04
1.032295392346403896e-04
1.032003137575862248e-04
1.031423523875692210e-04
1.030843910175522173e-04
1.030264296475352136e-04
1.029684682775182099e-04
1.029105069075012061e-04
1.028525455374842024e-04
1.027945841674671987e-04
1.027366227974501950e-04
1.026786614274331912e-04
1.026207000574161875e-04
1.025627386873991838e-04
1.025047773173821800e-04
1.024468159473651763e-04
1.023888545773481726e-04
1.023308932073311689e-04
1.022729318373141651e-04
1.022266449776241723e-04
1.021920326282611634e-04
1.021574202788981680e-04
1.021228079295351590e-04
1.020881955801721501e-04
1.020535832308091547e-04
1.020189708814461457e-04
1.019843585320831503e-04
1.019497461827201414e-04
1.019151338333571324e-04
1.018805214839941370e-04
1.018459091346311281e-04
1.018112967852681327e-04
1.017766844359051237e-04
1.017420720865421148e-04
1.017074597371791193e-04
1.016728473878161104e-04
1.016314746669517841e-04
1.015833415745861406e-04
1.015352084822204834e-04
1.014870753898548263e-04
1.014389422974891827e-04
1.013908092051235256e-04
1.013426761127578821e-04
1.012945430203922249e-04
1.012464099280265814e-04
1.011982768356609242e-04
1.011501437432952671e-04
1.011020106509296235e-04
1.010538775585639664e-04
1.010057444661983228e-04
1.009576113738326657e-04
1.009094782814670222e-04
1.008613451891013650e-04
1.007632455139561406e-04
1.006651458388109163e-04
1.005670461636657054e-04
1.004689464885204811e-04
1.003708468133752567e-04
1.002727471382300323e-04
1.001746474630848079e-04
1.000765477879395836e-04
9.997844811279437273e-05
9.988034843764914835e-05
9.978224876250392397e-05
9.968414908735869959e-05
9.958604941221347521e-05
9.948794973706826439e-05
9.938985006192304001e-05
9.929175038677781563e-05
9.923974119388876563e-05
9.923382248325587646e-05
9.922790377262300085e-05
9.922198506199012523e-05
9.921606635135723606e-05
9.921014764072436044e-05
9.920422893009147127e-05
9.919831021945859566e-05
9.919239150882572004e-05
9.918647279819283087e-05
9.918055408755995525e-05
9.917463537692706608e-05
9.916871666629419046e-05
9.916279795566130130e-05
9.915687924502842568e-05
9.915096053439555006e-05
9.914504182376266089e-05
9.911378342897632582e-05
9.905718535003654485e-05
9.900058727109675033e-05
9.894398919215696936e-05
9.888739111321717483e-05
9.883079303427739386e-05
9.877419495533759934e-05
9.871759687639781837e-05
9.866099879745802385e-05
9.860440071851822932e-05
9.854780263957844835e-05
9.849120456063865383e-05
9.843460648169887286e-05
9.837800840275907834e-05
9.832141032381929737e-05
9.826481224487950284e-05
9.820821416593972187e-05
9.815066599071496948e-05
9.809216771920525922e-05
9.803366944769554897e-05
9.797517117618583871e-05
9.791667290467612845e-05
9.785817463316641819e-05
9.779967636165670794e-05
9.774117809014699768e-05
9.768267981863728742e-05
9.762418154712757716e-05
9.756568327561786691e-05
9.750718500410815665e-05
9.744868673259844639e-05
9.739018846108873613e-05
9.733169018957902588e-05
9.727319191806931562e-05
9.721469364655960536e-05
9.716781036089575032e-05
9.712092707523189527e-05
9.707404378956804023e-05
9.702716050390418519e-05
9.698027721824033014e-05
9.693339393257646155e-05
9.688651064691260651e-05
9.683962736124875146e-05
9.679274407558489642e-05
9.674586078992104138e-05
9.669897750425718633e-05
9.665209421859333129e-05
9.660521093292947625e-05
9.655832764726562120e-05
9.651144436160176616e-05
9.646456107593791112e-05
9.640373070667481944e-05
9.632895325381250469e-05
9.625417580095018994e-05
9.617939834808787519e-05
9.610462089522557399e-05
9.602984344236325923e-05
9.595506598950094448e-05
9.588028853663862973e-05
9.580551108377631498e-05
9.573073363091400023e-05
9.565595617805168547e-05
9.558117872518937072e-05
9.550640127232705597e-05
9.543162381946475477e-05
9.535684636660244002e-05
9.528206891374012527e-05
9.520729146087781051e-05
9.517360140507823574e-05
9.518099874634138740e-05
9.518839608760455262e-05
9.519579342886771783e-05
9.520319077013086949e-05
9.521058811139403470e-05
9.521798545265718636e-05
9.522538279392035157e-05
9.523278013518350323e-05
9.524017747644666844e-05
9.524757481770983365e-05
9.525497215897298531e-05
9.526236950023615052e-05
9.526976684149930218e-05
9.527716418276246740e-05
9.528456152402563261e-05
9.529195886528878427e-05
9.524985494361783579e-05
9.515824975901278717e-05
9.506664457440772500e-05
9.497503938980266284e-05
9.488343420519761422e-05
9.479182902059255205e-05
9.470022383598748989e-05
9.460861865138244127e-05
9.451701346677737910e-05
9.442540828217231693e-05
9.433380309756726832e-05
9.424219791296220615e-05
9.415059272835715753e-05
9.405898754375209537e-05
9.396738235914703320e-05
9.387577717454198458e-05
9.378417198993692242e-05
9.377245289302296618e-05
9.376073379610899640e-05
9.374901469919504017e-05
9.373729560228107039e-05
9.372557650536711416e-05
9.371385740845315792e-05
9.370213831153918814e-05
9.369041921462523191e-05
9.367870011771126213e-05
9.366698102079730589e-05
9.365526192388334966e-05
9.364354282696937988e-05
9.363182373005542365e-05
9.362010463314145387e-05
9.360838553622749763e-05
9.359666643931354140e-05
9.356949345657509219e-05
9.352686658801217709e-05
9.348423971944924845e-05
9.344161285088631980e-05
9.339898598232340471e-05
9.335635911376047606e-05
9.331373224519754741e-05
9.327110537663463232e-05
9.322847850807170367e-05
9.318585163950877503e-05
9.314322477094585993e-05
9.310059790238293129e-05
9.305797103382000264e-05
9.301534416525708755e-05
9.297271729669415890e-05
9.293009042813123025e-05
9.288746355956831516e-05
9.283656121611657858e-05
9.277738339777603406e-05
9.271820557943548954e-05
9.265902776109494502e-05
9.259984994275440051e-05
9.254067212441385599e-05
9.248149430607331147e-05
9.242231648773276695e-05
9.236313866939223599e-05
9.230396085105169147e-05
9.224478303271114695e-05
9.218560521437060243e-05
9.212642739603005791e-05
9.206724957768951340e-05
9.200807175934896888e-05
9.194889394100842436e-05
9.188971612266787984e-05
9.186339337608707338e-05
9.183707062950626691e-05
9.181074788292546045e-05
9.178442513634466754e-05
9.175810238976386108e-05
9.173177964318305461e-05
9.170545689660224815e-05
9.167913415002144168e-05
9.165281140344063522e-05
9.162648865685984231e-05
9.160016591027903585e-05
9.157384316369822938e-05
9.154752041711742292e-05
9.152119767053661645e-05
9.149487492395580999e-05
9.146855217737500353e-05
9.143216136522284813e-05
9.138570248749933026e-05
9.133924360977581239e-05
9.129278473205229452e-05
9.124632585432877665e-05
9.119986697660525878e-05
9.115340809888174091e-05
9.110694922115822303e-05
9.106049034343470516e-05
9.101403146571120084e-05
9.096757258798768297e-05
9.092111371026416510e-05
9.087465483254064723e-05
9.082819595481712936e-05
9.078173707709361149e-05
9.073527819937009361e-05
9.068881932164657574e-05
9.066887741435350056e-05
9.067545247749088161e-05
9.068202754062824910e-05
9.068860260376563015e-05
9.069517766690299765e-05
9.070175273004037870e-05
9.070832779317774619e-05
9.071490285631512724e-05
9.072147791945249474e-05
9.072805298258986224e-05
9.073462804572724329e-05
9.074120310886461078e-05
9.074777817200199183e-05
9.075435323513935933e-05
9.076092829827674038e-05
9.076750336141410787e-05
9.077407842455148892e-05
9.075295420258946174e-05
9.070413069552802634e-05
9.065530718846659093e-05
9.060648368140515553e-05
9.055766017434372013e-05
9.050883666728228472e-05
9.046001316022084932e-05
9.041118965315941391e-05
9.036236614609797851e-05
9.031354263903654310e-05
9.026471913197510770e-05
9.021589562491368584e-05
9.016707211785225044e-05
9.011824861079081503e-05
9.006942510372937963e-05
9.002060159666794422e-05
8.997177808960650882e-05
8.990701724203259513e-05
8.984225639445866788e-05
8.977749554688475419e-05
8.971273469931082694e-05
8.964797385173691325e-05
8.958321300416298601e-05
8.951845215658907231e-05
8.945369130901514507e-05
8.938893046144123138e-05
8.932416961386730413e-05
8.925940876629339044e-05
8.919464791871946319e-05
8.912988707114554950e-05
8.906512622357162226e-05
8.900036537599770856e-05
8.893560452842378132e-05
8.887939227705819506e-05
8.883172862190092268e-05
8.878406496674366385e-05
8.873640131158639147e-05
8.868873765642913264e-05
8.864107400127186026e-05
8.859341034611460143e-05
8.854574669095732905e-05
8.849808303580005667e-05
8.845041938064279784e-05
8.840275572548552546e-05
8.835509207032826663e-05
8.830742841517099425e-05
8.825976476001373542e-05
8.821210110485646304e-05
8.816443744969920421e-05
8.811677379454193183e-05
8.809802384717626395e-05
8.810818760760220057e-05
8.811835136802813719e-05
8.812851512845406026e-05
8.813867888887999688e-05
8.814884264930593349e-05
8.815900640973185656e-05
8.816917017015779318e-05
8.817933393058372980e-05
8.818949769100965287e-05
8.819966145143558949e-05
8.820982521186152610e-05
8.821998897228744917e-05
8.823015273271338579e-05
8.824031649313932241e-05
8.825048025356524548e-05
8.826064401399118210e-05
8.820418348628215552e-05
8.814772295857314249e-05
8.809126243086411591e-05
8.803480190315510288e-05
8.797834137544607630e-05
8.792188084773706327e-05
8.786542032002803669e-05
8.780895979231901011e-05
8.775249926460999708e-05
8.769603873690097050e-05
8.763957820919195747e-05
8.758311768148293089e-05
8.752665715377391787e-05
8.747019662606489129e-05
8.741373609835586470e-05
8.735727557064685168e-05
8.731162062214355244e-05
8.727677125284599409e-05
8.724192188354843575e-05
8.720707251425087740e-05
8.717222314495331906e-05
8.713737377565576071e-05
8.710252440635818882e-05
8.706767503706063047e-05
8.703282566776307213e-05
8.699797629846551378e-05
8.696312692916795544e-05
8.692827755987038354e-05
8.689342819057282519e-05
8.685857882127526685e-05
8.682372945197770850e-05
8.678888008268015016e-05
8.675403071338259181e-05
8.672360796275830534e-05
8.669761183080729075e-05
8.667161569885627615e-05
8.664561956690526156e-05
8.661962343495426052e-05
8.659362730300324592e-05
8.656763117105223133e-05
8.654163503910121673e-05
8.651563890715020214e-05
8.648964277519920110e-05
8.646364664324818650e-05
8.643765051129717191e-05
8.641165437934615731e-05
8.638565824739515627e-05
8.635966211544414167e-05
8.633366598349312708e-05
8.630766985154211248e-05
8.627216350558026723e-05
8.622714694560759132e-05
8.618213038563491541e-05
8.613711382566223949e-05
8.609209726568956358e-05
8.604708070571688767e-05
8.600206414574421176e-05
8.595704758577153584e-05
8.591203102579885993e-05
8.586701446582618402e-05
8.582199790585350811e-05
8.577698134588081864e-05
8.573196478590814273e-05
8.568694822593546682e-05
8.564193166596279091e-05
8.559691510599011499e-05
8.555189854601743908e-05
8.553563659940125906e-05
8.551937465278507903e-05
8.550311270616889900e-05
8.548685075955271898e-05
8.547058881293653895e-05
8.545432686632035892e-05
8.543806491970417890e-05
8.542180297308799887e-05
8.540554102647180529e-05
8.538927907985562526e-05
8.537301713323944524e-05
8.535675518662326521e-05
8.534049324000708518e-05
8.532423129339090516e-05
8.530796934677472513e-05
8.529170740015854511e-05
8.523843653582530947e-05
8.514815675377500467e-05
8.505787697172471342e-05
8.496759718967442218e-05
8.487731740762411738e-05
8.478703762557382613e-05
8.469675784352352133e-05
8.460647806147323009e-05
8.451619827942293884e-05
8.442591849737263404e-05
8.433563871532234280e-05
8.424535893327203800e-05
8.415507915122174675e-05
8.406479936917144195e-05
8.397451958712115071e-05
8.388423980507085946e-05
8.379396002302055466e-05
8.375972463704039063e-05
8.378153364713034025e-05
8.380334265722030342e-05
8.382515166731025304e-05
8.384696067740021622e-05
8.386876968749016584e-05
8.389057869758011546e-05
8.391238770767007863e-05
8.393419671776002826e-05
8.395600572784999143e-05
8.397781473793994105e-05
8.399962374802990423e-05
8.402143275811985385e-05
8.404324176820981702e-05
8.406505077829976664e-05
8.408685978838972982e-05
8.410866879847967944e-05
8.401859096125351893e-05
8.392851312402734487e-05
8.383843528680118436e-05
8.374835744957501030e-05
8.365827961234884979e-05
8.356820177512267573e-05
8.347812393789651522e-05
8.338804610067034116e-05
8.329796826344418065e-05
8.320789042621800659e-05
8.311781258899184608e-05
8.302773475176568557e-05
8.293765691453951151e-05
8.284757907731335100e-05
8.275750124008717694e-05
8.266742340286101643e-05
8.262632816732079651e-05
8.263421553346654428e-05
8.264210289961227850e-05
8.264999026575801271e-05
8.265787763190376048e-05
8.266576499804949470e-05
8.267365236419524247e-05
8.268153973034097668e-05
8.268942709648672445e-05
8.269731446263245867e-05
8.270520182877819288e-05
8.271308919492394065e-05
8.272097656106967487e-05
8.272886392721542264e-05
8.273675129336115685e-05
8.274463865950689107e-05
8.275252602565263884e-05
8.277393006565784614e-05
8.280885077952254009e-05
8.284377149338722048e-05
8.287869220725190087e-05
8.291361292111659482e-05
8.294853363498127521e-05
8.298345434884596915e-05
8.301837506271064955e-05
8.305329577657532994e-05
8.308821649044002388e-05
8.312313720430470427e-05
8.315805791816939822e-05
8.319297863203407861e-05
8.322789934589877256e-05
8.326282005976345295e-05
8.329774077362813334e-05
8.333266148749282729e-05
8.332149245150720915e-05
8.326423366567130605e-05
8.320697487983540295e-05
8.314971609399949984e-05
8.309245730816359674e-05
8.303519852232769363e-05
8.297793973649179053e-05
8.292068095065588743e-05
8.286342216481998432e-05
8.280616337898408122e-05
8.274890459314817811e-05
8.269164580731226146e-05
8.263438702147635835e-05
8.257712823564045525e-05
8.251986944980455214e-05
8.246261066396864904e-05
8.240535187813274594e-05
8.240163578363166009e-05
8.239791968913057424e-05
8.239420359462948840e-05
8.239048750012840255e-05
8.238677140562731670e-05
8.238305531112623085e-05
8.237933921662514501e-05
8.237562312212405916e-05
8.237190702762297331e-05
8.236819093312188747e-05
8.236447483862080162e-05
8.236075874411971577e-05
8.235704264961862993e-05
8.235332655511754408e-05
8.234961046061645823e-05
8.234589436611537239e-05
8.231342464012507453e-05
8.225220128264553756e-05
8.219097792516600058e-05
8.212975456768646361e-05
8.206853121020692664e-05
8.200730785272738967e-05
8.194608449524786625e-05
8.188486113776832927e-05
8.182363778028879230e-05
8.176241442280925533e-05
8.170119106532971835e-05
8.163996770785019493e-05
8.157874435037065796e-05
8.151752099289112099e-05
8.145629763541158402e-05
8.139507427793204704e-05
8.133385092045251007e-05
8.129335705261315234e-05
8.127359267441396030e-05
8.125382829621476826e-05
8.123406391801558978e-05
8.121429953981639774e-05
8.119453516161720570e-05
8.117477078341801366e-05
8.115500640521882162e-05
8.113524202701964314e-05
8.111547764882045110e-05
8.109571327062125906e-05
8.107594889242206702e-05
8.105618451422287498e-05
8.103642013602368294e-05
8.101665575782450446e-05
8.099689137962531242e-05
8.097712700142612038e-05
8.100804467219691182e-05
8.103896234296770326e-05
8.106988001373849470e-05
8.110079768450928614e-05
8.113171535528009113e-05
8.116263302605088257e-05
8.119355069682167401e-05
8.122446836759246544e-05
8.125538603836325688e-05
8.128630370913404832e-05
8.131722137990483976e-05
8.134813905067563120e-05
8.137905672144643619e-05
8.140997439221722763e-05
8.144089206298801907e-05
8.147180973375881051e-05
8.145956892697495556e-05
8.140416964263646777e-05
8.134877035829796643e-05
8.129337107395946508e-05
8.123797178962097730e-05
8.118257250528247595e-05
8.112717322094397461e-05
8.107177393660548682e-05
8.101637465226698548e-05
8.096097536792848414e-05
8.090557608358999635e-05
8.085017679925149501e-05
8.079477751491299367e-05
8.073937823057450588e-05
8.068397894623600454e-05
8.062857966189750320e-05
8.057318037755901541e-05
8.054790072914352005e-05
8.055274071665101713e-05
8.055758070415851421e-05
8.056242069166601129e-05
8.056726067917350837e-05
8.057210066668100544e-05
8.057694065418851608e-05
8.058178064169601315e-05
8.058662062920351023e-05
8.059146061671100731e-05
8.059630060421850439e-05
8.060114059172601502e-05
8.060598057923351210e-05
8.061082056674100918e-05
8.061566055424850626e-05
8.062050054175600334e-05
8.062534052926350042e-05
8.060454317373969978e-05
8.055810847518460143e-05
8.051167377662950307e-05
8.046523907807440472e-05
8.041880437951930637e-05
8.037236968096420802e-05
8.032593498240910967e-05
8.027950028385401132e-05
8.023306558529891296e-05
8.018663088674381461e-05
8.014019618818871626e-05
8.009376148963360436e-05
8.004732679107850600e-05
8.000089209252340765e-05
7.995445739396830930e-05
7.990802269541321095e-05
7.986158799685811260e-05
7.981251991618512425e-05
7.976345183551214945e-05
7.971438375483916111e-05
7.966531567416617276e-05
7.961624759349319796e-05
7.956717951282020961e-05
7.951811143214722126e-05
7.946904335147424647e-05
7.941997527080125812e-05
7.937090719012826977e-05
7.932183910945529498e-05
7.927277102878230663e-05
7.922370294810931828e-05
7.917463486743634348e-05
7.912556678676335514e-05
7.907649870609036679e-05
7.905830150342994377e-05
7.907097517878207253e-05
7.908364885413420129e-05
7.909632252948633005e-05
7.910899620483845881e-05
7.912166988019058757e-05
7.913434355554271632e-05
7.914701723089484508e-05
7.915969090624697384e-05
7.917236458159910260e-05
7.918503825695123136e-05
7.919771193230336012e-05
7.921038560765548888e-05
7.922305928300761764e-05
7.923573295835974640e-05
7.924840663371187516e-05
7.926108030906400391e-05
7.927105235571047252e-05
7.927832277365128098e-05
7.928559319159210299e-05
7.929286360953291144e-05
7.930013402747371990e-05
7.930740444541454191e-05
7.931467486335535037e-05
7.932194528129615882e-05
7.932921569923698083e-05
7.933648611717778929e-05
7.934375653511859775e-05
7.935102695305940620e-05
7.935829737100022821e-05
7.936556778894103667e-05
7.937283820688184513e-05
7.938010862482266713e-05
7.938737904276347559e-05
7.936780372747194705e-05
7.932138267894808152e-05
7.927496163042421599e-05
7.922854058190035046e-05
7.918211953337648493e-05
7.913569848485261940e-05
7.908927743632875387e-05
7.904285638780488834e-05
7.899643533928100926e-05
7.895001429075714373e-05
7.890359324223327820e-05
7.885717219370941267e-05
7.881075114518554714e-05
7.876433009666168161e-05
7.871790904813781608e-05
7.867148799961395055e-05
7.862506695109008502e-05
7.857107054692858642e-05
7.851707414276708783e-05
7.846307773860558923e-05
7.840908133444409063e-05
7.835508493028259204e-05
7.830108852612107989e-05
7.824709212195958129e-05
7.819309571779808270e-05
7.813909931363658410e-05
7.808510290947508550e-05
7.803110650531358691e-05
7.797711010115208831e-05
7.792311369699058971e-05
7.786911729282909112e-05
7.781512088866759252e-05
7.776112448450609393e-05
7.773351549405017912e-05
7.773229391729984811e-05
7.773107234054951709e-05
7.772985076379918608e-05
7.772862918704885507e-05
7.772740761029852405e-05
7.772618603354819304e-05
7.772496445679786202e-05
7.772374288004754456e-05
7.772252130329721355e-05
7.772129972654688254e-05
7.772007814979655152e-05
7.771885657304622051e-05
7.771763499629588950e-05
7.771641341954555848e-05
7.771519184279522747e-05
7.771397026604489645e-05
7.770667233627442732e-05
7.769329805348379296e-05
7.767992377069315860e-05
7.766654948790252424e-05
7.765317520511188989e-05
7.763980092232126908e-05
7.762642663953063472e-05
7.761305235674000036e-05
7.759967807394936600e-05
7.758630379115874520e-05
7.757292950836811084e-05
7.755955522557747648e-05
7.754618094278684212e-05
7.753280665999620776e-05
7.751943237720558696e-05
7.750605809441495260e-05
7.749268381162431824e-05
7.748267929231143455e-05
7.747267477299853730e-05
7.746267025368565361e-05
7.745266573437276992e-05
7.744266121505988623e-05
7.743265669574698898e-05
7.742265217643410529e-05
7.741264765712122160e-05
7.740264313780833791e-05
7.739263861849544066e-05
7.738263409918255697e-05
7.737262957986967328e-05
7.736262506055677603e-05
7.735262054124389234e-05
7.734261602193100865e-05
7.733261150261812496e-05
7.731733511175004092e-05
7.729678684932678363e-05
7.727623858690352635e-05
7.725569032448026906e-05
7.723514206205701177e-05
7.721459379963375449e-05
7.719404553721049720e-05
7.717349727478723992e-05
7.715294901236398263e-05
7.713240074994072535e-05
7.711185248751746806e-05
7.709130422509421078e-05
7.707075596267095349e-05
7.705020770024769621e-05
7.702965943782443892e-05
7.700911117540118163e-05
7.698856291297792435e-05
7.697769300520533673e-05
7.697650145208344589e-05
7.697530989896155505e-05
7.697411834583966421e-05
7.697292679271777337e-05
7.697173523959588252e-05
7.697054368647397813e-05
7.696935213335208729e-05
7.696816058023019645e-05
7.696696902710830561e-05
7.696577747398641476e-05
7.696458592086451037e-05
7.696339436774261953e-05
7.696220281462072869e-05
7.696101126149883784e-05
7.695981970837694700e-05
7.695862815525505616e-05
7.695962089640111291e-05
7.696279793181511726e-05
7.696597496722912160e-05
7.696915200264313950e-05
7.697232903805714384e-05
7.697550607347114818e-05
7.697868310888516608e-05
7.698186014429917042e-05
7.698503717971317477e-05
7.698821421512719266e-05
7.699139125054119701e-05
7.699456828595520135e-05
7.699774532136921925e-05
7.700092235678322359e-05
7.700409939219722793e-05
7.700727642761124583e-05
7.701045346302525017e-05
7.698743893715363242e-05
7.696442441128202821e-05
7.694140988541041046e-05
7.691839535953879270e-05
7.689538083366718850e-05
7.687236630779557074e-05
7.684935178192395298e-05
7.682633725605233523e-05
7.680332273018073102e-05
7.678030820430911327e-05
7.675729367843749551e-05
7.673427915256589131e-05
7.671126462669427355e-05
7.668825010082265580e-05
7.666523557495105159e-05
7.664222104907943383e-05
7.663212828986536510e-05
7.663495729730885892e-05
7.663778630475233920e-05
7.664061531219581948e-05
7.664344431963931331e-05
7.664627332708279358e-05
7.664910233452627386e-05
7.665193134196976769e-05
7.665476034941324796e-05
7.665758935685672824e-05
7.666041836430022207e-05
7.666324737174370235e-05
7.666607637918718262e-05
7.666890538663067645e-05
7.667173439407415673e-05
7.667456340151763701e-05
7.667739240896113083e-05
7.666985603498616283e-05
7.665195427959276009e-05
7.663405252419935735e-05
7.661615076880595461e-05
7.659824901341253831e-05
7.658034725801913557e-05
7.656244550262573283e-05
7.654454374723231654e-05
7.652664199183891380e-05
7.650874023644551106e-05
7.649083848105210832e-05
7.647293672565869203e-05
7.645503497026528929e-05
7.643713321487188655e-05
7.641923145947848381e-05
7.640132970408506751e-05
7.638342794869166477e-05
7.637282382741986337e-05
7.636221970614806196e-05
7.635161558487624700e-05
7.634101146360444559e-05
7.633040734233264419e-05
7.631980322106084278e-05
7.630919909978904137e-05
7.629859497851723996e-05
7.628799085724542500e-05
7.627738673597362360e-05
7.626678261470182219e-05
7.625617849343002078e-05
7.624557437215821938e-05
7.623497025088640442e-05
7.622436612961460301e-05
7.621376200834280160e-05
7.619986754267008748e-05
7.618268273259646065e-05
7.616549792252283381e-05
7.614831311244920698e-05
7.613112830237558015e-05
7.611394349230195331e-05
7.609675868222832648e-05
7.607957387215469964e-05
7.606238906208108636e-05
7.604520425200745953e-05
7.602801944193383270e-05
7.601083463186020586e-05
7.599364982178657903e-05
7.597646501171295219e-05
7.595928020163932536e-05
7.594209539156569853e-05
7.592491058149207169e-05
7.592367035681360900e-05
7.593837471753032400e-05
7.595307907824703901e-05
7.596778343896375401e-05
7.598248779968046901e-05
7.599719216039718401e-05
7.601189652111389901e-05
7.602660088183061402e-05
7.604130524254732902e-05
7.605600960326404402e-05
7.607071396398075902e-05
7.608541832469747402e-05
7.610012268541418903e-05
7.611482704613090403e-05
7.612953140684761903e-05
7.614423576756433403e-05
7.615894012828104903e-05
7.613954697366793469e-05
7.608605630372501812e-05
7.603256563378210154e-05
7.597907496383918496e-05
7.592558429389625484e-05
7.587209362395333826e-05
7.581860295401042168e-05
7.576511228406749155e-05
7.571162161412457498e-05
7.565813094418165840e-05
7.560464027423874182e-05
7.555114960429581169e-05
7.549765893435289512e-05
7.544416826440997854e-05
7.539067759446706196e-05
7.533718692452413184e-05
7.528369625458121526e-05
7.527702876291319828e-05
7.527036127124518130e-05
7.526369377957717788e-05
7.525702628790916090e-05
7.525035879624114392e-05
7.524369130457312694e-05
7.523702381290512352e-05
7.523035632123710654e-05
7.522368882956908956e-05
7.521702133790107258e-05
7.521035384623306916e-05
7.520368635456505218e-05
7.519701886289703520e-05
7.519035137122901823e-05
7.518368387956101480e-05
7.517701638789299782e-05
7.517748701566308344e-05
7.518509576287127165e-05
7.519270451007944631e-05
7.520031325728763452e-05
7.520792200449582274e-05
7.521553075170401095e-05
7.522313949891218561e-05
7.523074824612037382e-05
7.523835699332856203e-05
7.524596574053675024e-05
7.525357448774493846e-05
7.526118323495311312e-05
7.526879198216130133e-05
7.527640072936948954e-05
7.528400947657767775e-05
7.529161822378585241e-05
7.529922697099404063e-05
7.529493104186067438e-05
7.527873043638576723e-05
7.526252983091084653e-05
7.524632922543592582e-05
7.523012861996101867e-05
7.521392801448609797e-05
7.519772740901119082e-05
7.518152680353627011e-05
7.516532619806136296e-05
7.514912559258644226e-05
7.513292498711152156e-05
7.511672438163661441e-05
7.510052377616169370e-05
7.508432317068678655e-05
7.506812256521186585e-05
7.505192195973695870e-05
7.503572135426203799e-05
7.504052408133385854e-05
7.504532680840567908e-05
7.505012953547749962e-05
7.505493226254932016e-05
7.505973498962114070e-05
7.506453771669294769e-05
7.506934044376476823e-05
7.507414317083658877e-05
7.507894589790840931e-05
7.508374862498022986e-05
7.508855135205205040e-05
7.509335407912387094e-05
7.509815680619569148e-05
7.510295953326751202e-05
7.510776226033933256e-05
7.511256498741115310e-05
7.511115874514901749e-05
7.510354353355292573e-05
7.509592832195683396e-05
7.508831311036074220e-05
7.508069789876465044e-05
7.507308268716855867e-05
7.506546747557248046e-05
7.505785226397638870e-05
7.505023705238029693e-05
7.504262184078420517e-05
7.503500662918811341e-05
7.502739141759203520e-05
7.501977620599594343e-05
7.501216099439985167e-05
7.500454578280375990e-05
7.499693057120766814e-05
7.498931535961157638e-05
7.499555651352847994e-05
7.501565403295835173e-05
7.503575155238822352e-05
7.505584907181810886e-05
7.507594659124798065e-05
7.509604411067785244e-05
7.511614163010772423e-05
7.513623914953760957e-05
7.515633666896748136e-05
7.517643418839735315e-05
7.519653170782723849e-05
7.521662922725711028e-05
7.523672674668698207e-05
7.525682426611685386e-05
7.527692178554673921e-05
7.529701930497661099e-05
7.531711682440648278e-05
7.530304992443941352e-05
7.525481860507538966e-05
7.520658728571135224e-05
7.515835596634732837e-05
7.511012464698330450e-05
7.506189332761928064e-05
7.501366200825524322e-05
7.496543068889121935e-05
7.491719936952719548e-05
7.486896805016317162e-05
7.482073673079913420e-05
7.477250541143511033e-05
7.472427409207108647e-05
7.467604277270706260e-05
7.462781145334302518e-05
7.457958013397900131e-05
7.453134881461497745e-05
7.451142881079425139e-05
7.449150880697351178e-05
7.447158880315278573e-05
7.445166879933204612e-05
7.443174879551132006e-05
7.441182879169059401e-05
7.439190878786985440e-05
7.437198878404912834e-05
7.435206878022838873e-05
7.433214877640766268e-05
7.431222877258693662e-05
7.429230876876619701e-05
7.427238876494547096e-05
7.425246876112473135e-05
7.423254875730400529e-05
7.421262875348327924e-05
7.422160156182317479e-05
7.425946718232371907e-05
7.429733280282426334e-05
7.433519842332479406e-05
7.437306404382533834e-05
7.441092966432588261e-05
7.444879528482642689e-05
7.448666090532695761e-05
7.452452652582750188e-05
7.456239214632804616e-05
7.460025776682857688e-05
7.463812338732912115e-05
7.467598900782966543e-05
7.471385462833020970e-05
7.475172024883074042e-05
7.478958586933128470e-05
7.482745148983182897e-05
7.483271970768571864e-05
7.480539052289296724e-05
7.477806133810021585e-05
7.475073215330746445e-05
7.472340296851471306e-05
7.469607378372196166e-05
7.466874459892921027e-05
7.464141541413645887e-05
7.461408622934369392e-05
7.458675704455094253e-05
7.455942785975819113e-05
7.453209867496543974e-05
7.450476949017268834e-05
7.447744030537993695e-05
7.445011112058718555e-05
7.442278193579443416e-05
7.439545275100168276e-05
7.438880014847237517e-05
7.438214754594306758e-05
7.437549494341375998e-05
7.436884234088445239e-05
7.436218973835514480e-05
7.435553713582582365e-05
7.434888453329651606e-05
7.434223193076720847e-05
7.433557932823790088e-05
7.432892672570859329e-05
7.432227412317928569e-05
7.431562152064997810e-05
7.430896891812067051e-05
7.430231631559136292e-05
7.429566371306205533e-05
7.428901111053274773e-05
7.429246332927829104e-05
7.430602036929868524e-05
7.431957740931907945e-05
7.433313444933948720e-05
7.434669148935988141e-05
7.436024852938027561e-05
7.437380556940066981e-05
7.438736260942107757e-05
7.440091964944147178e-05
7.441447668946186598e-05
7.442803372948227374e-05
7.444159076950266794e-05
7.445514780952306214e-05
7.446870484954345635e-05
7.448226188956386410e-05
7.449581892958425831e-05
7.450937596960465251e-05
7.450629567865488093e-05
7.448657805673494358e-05
7.446686043481500622e-05
7.444714281289506886e-05
7.442742519097511795e-05
7.440770756905518060e-05
7.438798994713524324e-05
7.436827232521530588e-05
7.434855470329535497e-05
7.432883708137541761e-05
7.430911945945548026e-05
7.428940183753554290e-05
7.426968421561560554e-05
7.424996659369565463e-05
7.423024897177571727e-05
7.421053134985577992e-05
7.419081372793584256e-05
7.418351252080742839e-05
7.418862772847053741e-05
7.419374293613365998e-05
7.419885814379676900e-05
7.420397335145989157e-05
7.420908855912300059e-05
7.421420376678610961e-05
7.421931897444923219e-05
7.422443418211234121e-05
7.422954938977546378e-05
7.423466459743857280e-05
7.423977980510169537e-05
7.424489501276480439e-05
7.425001022042792696e-05
7.425512542809103598e-05
7.426024063575415856e-05
7.426535584341726758e-05
7.426716920413650009e-05
7.426898256485573260e-05
7.427079592557497866e-05
7.427260928629421117e-05
7.427442264701344368e-05
7.427623600773267619e-05
7.427804936845192225e-05
7.427986272917115477e-05
7.428167608989038728e-05
7.428348945060961979e-05
7.428530281132886585e-05
7.428711617204809836e-05
7.428892953276733087e-05
7.429074289348656338e-05
7.429255625420580944e-05
7.429436961492504195e-05
7.428092398767004081e-05
7.425221937244079245e-05
7.422351475721154410e-05
7.419481014198230930e-05
7.416610552675306095e-05
7.413740091152381259e-05
7.410869629629457779e-05
7.407999168106532944e-05
7.405128706583608109e-05
7.402258245060684629e-05
7.399387783537759793e-05
7.396517322014836313e-05
7.393646860491911478e-05
7.390776398968986643e-05
7.387905937446063163e-05
7.385035475923138327e-05
7.382165014400213492e-05
7.380868524536863553e-05
7.381146006333085799e-05
7.381423488129308045e-05
7.381700969925531646e-05
7.381978451721753892e-05
7.382255933517976139e-05
7.382533415314199740e-05
7.382810897110421986e-05
7.383088378906644232e-05
7.383365860702867834e-05
7.383643342499090080e-05
7.383920824295313681e-05
7.384198306091535927e-05
7.384475787887758173e-05
7.384753269683981775e-05
7.385030751480204021e-05
7.385308233276426267e-05
7.383986023596448840e-05
7.381064122440271740e-05
7.378142221284094641e-05
7.375220320127917541e-05
7.372298418971740441e-05
7.369376517815561987e-05
7.366454616659384887e-05
7.363532715503207787e-05
7.360610814347030688e-05
7.357688913190852233e-05
7.354767012034675133e-05
7.351845110878498033e-05
7.348923209722320934e-05
7.346001308566143834e-05
7.343079407409965379e-05
7.340157506253788280e-05
7.337235605097611180e-05
7.341224506497128074e-05
7.345213407896644968e-05
7.349202309296161862e-05
7.353191210695678756e-05
7.357180112095195650e-05
7.361169013494712544e-05
7.365157914894229438e-05
7.369146816293746332e-05
7.373135717693263225e-05
7.377124619092780119e-05
7.381113520492297013e-05
7.385102421891813907e-05
7.389091323291330801e-05
7.393080224690847695e-05
7.397069126090364589e-05
7.401058027489881483e-05
7.403654619883951479e-05
7.404858903272573223e-05
7.406063186661194966e-05
7.407267470049816709e-05
7.408471753438439808e-05
7.409676036827061551e-05
7.410880320215683294e-05
7.412084603604305038e-05
7.413288886992926781e-05
7.414493170381549880e-05
7.415697453770171623e-05
7.416901737158793366e-05
7.418106020547415109e-05
7.419310303936038208e-05
7.420514587324659951e-05
7.421718870713281695e-05
7.422923154101903438e-05
7.422128656198321488e-05
7.419335377002533134e-05
7.416542097806744780e-05
7.413748818610956426e-05
7.410955539415168072e-05
7.408162260219379718e-05
7.405368981023591364e-05
7.402575701827803010e-05
7.399782422632014656e-05
7.396989143436226303e-05
7.394195864240437949e-05
7.391402585044650950e-05
7.388609305848862596e-05
7.385816026653074242e-05
7.383022747457285888e-05
7.380229468261497534e-05
7.377436189065709180e-05
7.377059517107403927e-05
7.376682845149098674e-05
7.376306173190794776e-05
7.375929501232489523e-05
7.375552829274184270e-05
7.375176157315879017e-05
7.374799485357575119e-05
7.374422813399269866e-05
7.374046141440964612e-05
7.373669469482659359e-05
7.373292797524355461e-05
7.372916125566050208e-05
7.372539453607744955e-05
7.372162781649439702e-05
7.371786109691135804e-05
7.371409437732830551e-05
7.371360352455479873e-05
7.371638853859082416e-05
7.371917355262686314e-05
7.372195856666288857e-05
7.372474358069892755e-05
7.372752859473495298e-05
7.373031360877099196e-05
7.373309862280701739e-05
7.373588363684305637e-05
7.373866865087909536e-05
7.374145366491512078e-05
7.374423867895115977e-05
7.374702369298718520e-05
7.374980870702322418e-05
7.375259372105924961e-05
7.375537873509528859e-05
7.375816374913131402e-05
7.375462359605967672e-05
7.374475827588034959e-05
7.373489295570103601e-05
7.372502763552170888e-05
7.371516231534239530e-05
7.370529699516306817e-05
7.369543167498375459e-05
7.368556635480442746e-05
7.367570103462511388e-05
7.366583571444580030e-05
7.365597039426647317e-05
7.364610507408715959e-05
7.363623975390783246e-05
7.362637443372851889e-05
7.361650911354919175e-05
7.360664379336987818e-05
7.359677847319055105e-05
7.358593371420288701e-05
7.357410951640685896e-05
7.356228531861084446e-05
7.355046112081482996e-05
7.353863692301880191e-05
7.352681272522278741e-05
7.351498852742677291e-05
7.350316432963074486e-05
7.349134013183473036e-05
7.347951593403871586e-05
7.346769173624268781e-05
7.345586753844667331e-05
7.344404334065064526e-05
7.343221914285463076e-05
7.342039494505861626e-05
7.340857074726258821e-05
7.339674654946657371e-05
7.343344854185800672e-05
7.347015053424945329e-05
7.350685252664088630e-05
7.354355451903233287e-05
7.358025651142376588e-05
7.361695850381521245e-05
7.365366049620664546e-05
7.369036248859807848e-05
7.372706448098952504e-05
7.376376647338095806e-05
7.380046846577240462e-05
7.383717045816383764e-05
7.387387245055528420e-05
7.391057444294671722e-05
7.394727643533815023e-05
7.398397842772959680e-05
7.401877651750751633e-05
7.405167070467192237e-05
7.408456489183631486e-05
7.411745907900072091e-05
7.415035326616512695e-05
7.418324745332953299e-05
7.421614164049392549e-05
7.424903582765833153e-05
7.428193001482273758e-05
7.431482420198714362e-05
7.434771838915154966e-05
7.438061257631594216e-05
7.441350676348034820e-05
7.444640095064475425e-05
7.447929513780916029e-05
7.451218932497355278e-05
7.454508351213795883e-05
7.457343618280632379e-05
7.459724733697864767e-05
7.462105849115098510e-05
7.464486964532330898e-05
7.466868079949563286e-05
7.469249195366795674e-05
7.471630310784029417e-05
7.474011426201261805e-05
7.476392541618494193e-05
7.478773657035726581e-05
7.481154772452960325e-05
7.483535887870192713e-05
7.485917003287425101e-05
7.488298118704657489e-05
7.490679234121891232e-05
7.493060349539123620e-05
7.495441464956356008e-05
7.495531515807474362e-05
7.495621566658592716e-05
7.495711617509712426e-05
7.495801668360830780e-05
7.495891719211949134e-05
7.495981770063067488e-05
7.496071820914185842e-05
7.496161871765304196e-05
7.496251922616423906e-05
7.496341973467542260e-05
7.496432024318660614e-05
7.496522075169778968e-05
7.496612126020897322e-05
7.496702176872017032e-05
7.496792227723135386e-05
7.496882278574253740e-05
7.499639470031419224e-05
7.505063802094633194e-05
7.510488134157845808e-05
7.515912466221058423e-05
7.521336798284272392e-05
7.526761130347485007e-05
7.532185462410697621e-05
7.537609794473911591e-05
7.543034126537124205e-05
7.548458458600336820e-05
7.553882790663550789e-05
7.559307122726763404e-05
7.564731454789976018e-05
7.570155786853189988e-05
7.575580118916402602e-05
7.581004450979615217e-05
7.586428783042829186e-05
7.590539720430632402e-05
7.593337263143026220e-05
7.596134805855421393e-05
7.598932348567815210e-05
7.601729891280209028e-05
7.604527433992604201e-05
7.607324976704998019e-05
7.610122519417391836e-05
7.612920062129787009e-05
7.615717604842180827e-05
7.618515147554574644e-05
7.621312690266968462e-05
7.624110232979363635e-05
7.626907775691757453e-05
7.629705318404151270e-05
7.632502861116546443e-05
7.635300403828940261e-05
7.637064425070855624e-05
7.637794924842292534e-05
7.638525424613729444e-05
7.639255924385164999e-05
7.639986424156601909e-05
7.640716923928038819e-05
7.641447423699475729e-05
7.642177923470912639e-05
7.642908423242348193e-05
7.643638923013785103e-05
7.644369422785222013e-05
7.645099922556658923e-05
7.645830422328095833e-05
7.646560922099532743e-05
7.647291421870968298e-05
7.648021921642405207e-05
7.648752421413842117e-05
7.651247796205982510e-05
7.653743170998124259e-05
7.656238545790264652e-05
7.658733920582406400e-05
7.661229295374546793e-05
7.663724670166688542e-05
7.666220044958828935e-05
7.668715419750969328e-05
7.671210794543111076e-05
7.673706169335251469e-05
7.676201544127393217e-05
7.678696918919533610e-05
7.681192293711675359e-05
7.683687668503815752e-05
7.686183043295956145e-05
7.688678418088097893e-05
7.690408084752583888e-05
7.691372043289418196e-05
7.692336001826249794e-05
7.693299960363084102e-05
7.694263918899915699e-05
7.695227877436750007e-05
7.696191835973581604e-05
7.697155794510415912e-05
7.698119753047247510e-05
7.699083711584081818e-05
7.700047670120913415e-05
7.701011628657747723e-05
7.701975587194579320e-05
7.702939545731413628e-05
7.703903504268245226e-05
7.704867462805079534e-05
7.705831421341911131e-05
7.707190757486848359e-05
7.708945471239889863e-05
7.710700184992931366e-05
7.712454898745972870e-05
7.714209612499014373e-05
7.715964326252055876e-05
7.717719040005097380e-05
7.719473753758138883e-05
7.721228467511180387e-05
7.722983181264221890e-05
7.724737895017263394e-05
7.726492608770304897e-05
7.728247322523346401e-05
7.730002036276387904e-05
7.731756750029429408e-05
7.733511463782470911e-05
7.735266177535512415e-05
7.725714691681964804e-05
7.716163205828415839e-05
7.706611719974868228e-05
7.697060234121319263e-05
7.687508748267771652e-05
7.677957262414222687e-05
7.668405776560675076e-05
7.658854290707126111e-05
7.649302804853578500e-05
7.639751319000029535e-05
7.630199833146481924e-05
7.620648347292932959e-05
7.611096861439385348e-05
7.601545375585836383e-05
7.591993889732288772e-05
7.582442403878739807e-05
7.576584543500896446e-05
7.574420308598758692e-05
7.572256073696619582e-05
7.570091838794481827e-05
7.567927603892342717e-05
7.565763368990204962e-05
7.563599134088065852e-05
7.561434899185928097e-05
7.559270664283788987e-05
7.557106429381649877e-05
7.554942194479512122e-05
7.552777959577373012e-05
7.550613724675235257e-05
7.548449489773096147e-05
7.546285254870958392e-05
7.544121019968819282e-05
7.541956785066681527e-05
7.543157477490128858e-05
7.547723097239161273e-05
7.552288716988193689e-05
7.556854336737226104e-05
7.561419956486258520e-05
7.565985576235290935e-05
7.570551195984323350e-05
7.575116815733355766e-05
7.579682435482389537e-05
7.584248055231421952e-05
7.588813674980454367e-05
7.593379294729486783e-05
7.597944914478519198e-05
7.602510534227551614e-05
7.607076153976584029e-05
7.611641773725616445e-05
7.616207393474648860e-05
7.616482728109578483e-05
7.612467777630405313e-05
7.608452827151232143e-05
7.604437876672058973e-05
7.600422926192885802e-05
7.596407975713711277e-05
7.592393025234538107e-05
7.588378074755364937e-05
7.584363124276191767e-05
7.580348173797017241e-05
7.576333223317844071e-05
7.572318272838670901e-05
7.568303322359497731e-05
7.564288371880324561e-05
7.560273421401150036e-05
7.556258470921976866e-05
7.552243520442803696e-05
7.550784010314642587e-05
7.549324500186480123e-05
7.547864990058319014e-05
7.546405479930157905e-05
7.544945969801995442e-05
7.543486459673834333e-05
7.542026949545673224e-05
7.540567439417510760e-05
7.539107929289349651e-05
7.537648419161188543e-05
7.536188909033026079e-05
7.534729398904864970e-05
7.533269888776703861e-05
7.531810378648541397e-05
7.530350868520380289e-05
7.528891358392219180e-05
7.528243765311772777e-05
7.528408089279043790e-05
7.528572413246313448e-05
7.528736737213584460e-05
7.528901061180854118e-05
7.529065385148125131e-05
7.529229709115394789e-05
7.529394033082665802e-05
7.529558357049935459e-05
7.529722681017205117e-05
7.529887004984476130e-05
7.530051328951745788e-05
7.530215652919016801e-05
7.530379976886286458e-05
7.530544300853557471e-05
7.530708624820827129e-05
7.530872948788098142e-05
7.529535532428081185e-05
7.526696375740778969e-05
7.523857219053476752e-05
7.521018062366174536e-05
7.518178905678870965e-05
7.515339748991568748e-05
7.512500592304266532e-05
7.509661435616964316e-05
7.506822278929660744e-05
7.503983122242358528e-05
7.501143965555056312e-05
7.498304808867754096e-05
7.495465652180451879e-05
7.492626495493148308e-05
7.489787338805846092e-05
7.486948182118543875e-05
7.484109025431241659e-05
0.000000000000000000e+00
0.000000000000000000e+00
0.000000000000000000e+00
0.000000000000000000e+00
0.000000000000000000e+00
0.000000000000000000e+00
0.000000000000000000e+00
0.000000000000000000e+00
