0.000000000000000000e+00
0.000000000000000000e+00
0.000000000000000000e+00
0.000000000000000000e+00
0.000000000000000000e+00
0.000000000000000000e+00
0.000000000000000000e+00
0.000000000000000000e+00
0.000000000000000000e+00
0.000000000000000000e+00
2.054401671322416165e-35
2.051061752826120226e-35
2.047721834329824020e-35
2.044381915833528082e-35
2.041041997337232144e-35
2.037702078840935938e-35
2.034362160344639999e-35
2.031022241848343794e-35
2.027682323352047855e-35
2.024342404855751917e-35
2.021002486359455711e-35
2.017662567863159773e-35
2.014322649366863834e-35
2.010982730870567628e-35
2.007642812374271690e-35
2.004302893877975752e-35
2.000962975381679546e-35
2.003631646308481716e-35
2.012308906658382262e-35
2.020986167008282809e-35
2.029663427358183355e-35
2.038340687708083901e-35
2.047017948057984447e-35
2.055695208407884993e-35
2.064372468757785540e-35
2.073049729107686086e-35
2.081726989457586632e-35
2.090404249807487178e-35
2.099081510157387725e-35
2.107758770507288271e-35
2.116436030857188817e-35
2.125113291207089363e-35
2.133790551556989910e-35
2.142467811906890456e-35
2.159413410720127426e-35
2.184627347996701088e-35
2.209841285273274749e-35
2.235055222549848411e-35
2.260269159826421806e-35
2.285483097102995467e-35
2.310697034379569129e-35
2.335910971656142791e-35
2.361124908932716452e-35
2.386338846209290114e-35
2.411552783485863509e-35
2.436766720762437170e-35
2.461980658039010832e-35
2.487194595315584494e-35
2.512408532592158155e-35
2.537622469868731817e-35
2.562836407145305479e-35
3.950760792778179783e-10
7.901521585556359566e-10
1.185228237833453987e-09
1.580304317111271913e-09
1.975380396389089840e-09
2.370456475666907973e-09
2.765532554944725693e-09
3.160608634222543826e-09
3.555684713500361960e-09
3.950760792778179680e-09
4.345836872055997399e-09
4.740912951333815946e-09
5.135989030611633666e-09
5.531065109889451386e-09
5.926141189167269933e-09
6.321217268445087653e-09
1.274774560207393155e-06
3.811286170006011665e-06
6.347797779804629751e-06
8.884309389603249954e-06
1.142082099940186762e-05
1.395733260920048697e-05
1.649384421899910633e-05
1.903035582879772399e-05
2.156686743859634165e-05
2.410337904839495932e-05
2.663989065819358037e-05
2.917640226799219803e-05
3.171291387779081569e-05
3.424942548758943335e-05
3.678593709738805102e-05
3.932244870718666868e-05
4.185896031698529312e-05
4.732017605302131724e-05
5.570609591529474783e-05
6.409201577756818520e-05
7.247793563984162256e-05
8.086385550211505993e-05
8.924977536438849729e-05
9.763569522666193466e-05
1.060216150889353720e-04
1.144075349512087958e-04
1.227934548134822332e-04
1.311793746757556841e-04
1.395652945380291079e-04
1.479512144003025317e-04
1.563371342625759827e-04
1.647230541248494336e-04
1.731089739871228303e-04
1.814948938493962812e-04
1.879334697205393111e-04
1.924247016005520012e-04
1.969159334805646643e-04
2.014071653605773273e-04
2.058983972405900175e-04
2.103896291206026805e-04
2.148808610006153435e-04
2.193720928806280337e-04
2.238633247606406967e-04
2.283545566406533869e-04
2.328457885206660499e-04
2.373370204006787130e-04
2.418282522806914031e-04
2.463194841607040933e-04
2.508107160407167563e-04
2.553019479207294194e-04
2.597931798007420824e-04
2.604400344255615430e-04
2.610868890503810036e-04
2.617337436752005184e-04
2.623805983000199789e-04
2.630274529248394395e-04
2.636743075496589001e-04
2.643211621744784149e-04
2.649680167992978755e-04
2.656148714241173361e-04
2.662617260489367967e-04
2.669085806737563115e-04
2.675554352985757721e-04
2.682022899233952326e-04
2.688491445482146932e-04
2.694959991730342080e-04
2.701428537978536686e-04
2.709708215961695592e-04
2.719799025679819340e-04
2.729889835397943088e-04
2.739980645116066836e-04
2.750071454834190584e-04
2.760162264552314332e-04
2.770253074270438080e-04
2.780343883988561828e-04
2.790434693706685034e-04
2.800525503424808782e-04
2.810616313142932530e-04
2.820707122861056278e-04
2.830797932579180026e-04
2.840888742297303774e-04
2.850979552015427522e-04
2.861070361733551270e-04
2.871161171451675018e-04
2.880358331952916399e-04
2.888661843237275411e-04
2.896965354521634966e-04
2.905268865805993978e-04
2.913572377090353533e-04
2.921875888374712545e-04
2.930179399659071557e-04
2.938482910943431112e-04
2.946786422227790124e-04
2.955089933512149679e-04
2.963393444796508691e-04
2.971696956080868246e-04
2.980000467365227258e-04
2.988303978649586813e-04
2.996607489933945825e-04
3.004911001218305380e-04
3.013214512502664392e-04
3.008791850138684736e-04
3.004369187774704538e-04
2.999946525410724881e-04
2.995523863046745225e-04
2.991101200682765027e-04
2.986678538318785370e-04
2.982255875954805714e-04
2.977833213590826058e-04
2.973410551226845860e-04
2.968987888862866203e-04
2.964565226498886547e-04
2.960142564134906349e-04
2.955719901770926692e-04
2.951297239406947036e-04
2.946874577042966838e-04
2.942451914678987182e-04
2.933600980960611102e-04
2.920321775887839140e-04
2.907042570815067178e-04
2.893763365742295216e-04
2.880484160669523255e-04
2.867204955596751293e-04
2.853925750523979331e-04
2.840646545451207369e-04
2.827367340378435408e-04
2.814088135305662904e-04
2.800808930232890942e-04
2.787529725160118980e-04
2.774250520087347019e-04
2.760971315014575057e-04
2.747692109941803095e-04
2.734412904869031134e-04
2.721133699796259172e-04
2.709446880147087493e-04
2.699352445921516098e-04
2.689258011695944703e-04
2.679163577470373308e-04
2.669069143244801913e-04
2.658974709019230518e-04
2.648880274793659665e-04
2.638785840568088270e-04
2.628691406342516875e-04
2.618596972116945479e-04
2.608502537891374084e-04
2.598408103665803231e-04
2.588313669440231836e-04
2.578219235214660441e-04
2.568124800989089046e-04
2.558030366763517651e-04
2.547935932537946256e-04
2.541613789737045583e-04
2.539063938360815089e-04
2.536514086984585138e-04
2.533964235608354644e-04
2.531414384232124151e-04
2.528864532855893657e-04
2.526314681479663706e-04
2.523764830103433212e-04
2.521214978727202719e-04
2.518665127350972225e-04
2.516115275974742274e-04
2.513565424598511780e-04
2.511015573222281287e-04
2.508465721846050793e-04
2.505915870469820842e-04
2.503366019093590349e-04
2.500816167717359855e-04
2.497783687059667245e-04
2.494751206401974635e-04
2.491718725744281483e-04
2.488686245086588872e-04
2.485653764428896262e-04
2.482621283771203652e-04
2.479588803113511042e-04
2.476556322455817890e-04
2.473523841798125279e-04
2.470491361140432669e-04
2.467458880482740059e-04
2.464426399825046907e-04
2.461393919167354297e-04
2.458361438509661686e-04
2.455328957851969076e-04
2.452296477194276466e-04
2.447776684666454314e-04
2.441769580268503162e-04
2.435762475870551739e-04
2.429755371472600315e-04
2.423748267074649163e-04
2.417741162676697740e-04
2.411734058278746588e-04
2.405726953880795165e-04
2.399719849482844013e-04
2.393712745084892589e-04
2.387705640686941166e-04
2.381698536288990014e-04
2.375691431891038591e-04
2.369684327493087439e-04
2.363677223095136015e-04
2.357670118697184863e-04
2.351663014299233440e-04
2.345667367428765754e-04
2.339683178085781806e-04
2.333698988742797587e-04
2.327714799399813368e-04
2.321730610056829420e-04
2.315746420713845201e-04
2.309762231370860982e-04
2.303778042027877033e-04
2.297793852684892814e-04
2.291809663341908595e-04
2.285825473998924647e-04
2.279841284655940428e-04
2.273857095312956480e-04
2.267872905969972261e-04
2.261888716626988041e-04
2.255904527284004093e-04
2.249920337941019874e-04
2.247212675976463720e-04
2.244505014011907295e-04
2.241797352047351140e-04
2.239089690082794715e-04
2.236382028118238561e-04
2.233674366153682407e-04
2.230966704189125981e-04
2.228259042224569827e-04
2.225551380260013402e-04
2.222843718295457248e-04
2.220136056330901094e-04
2.217428394366344668e-04
2.214720732401788514e-04
2.212013070437232089e-04
2.209305408472675934e-04
2.206597746508119780e-04
2.201788739122432896e-04
2.194878386315615823e-04
2.187968033508798751e-04
2.181057680701981678e-04
2.174147327895164605e-04
2.167236975088347533e-04
2.160326622281530460e-04
2.153416269474713388e-04
2.146505916667896044e-04
2.139595563861078971e-04
2.132685211054261899e-04
2.125774858247444826e-04
2.118864505440627754e-04
2.111954152633810681e-04
2.105043799826993608e-04
2.098133447020176536e-04
2.091223094213359463e-04
2.087712998183241769e-04
2.087603158929823453e-04
2.087493319676405137e-04
2.087383480422987092e-04
2.087273641169568776e-04
2.087163801916150461e-04
2.087053962662732416e-04
2.086944123409314100e-04
2.086834284155896055e-04
2.086724444902477739e-04
2.086614605649059423e-04
2.086504766395641378e-04
2.086394927142223063e-04
2.086285087888804747e-04
2.086175248635386702e-04
2.086065409381968386e-04
2.085955570128550070e-04
2.084763993937247450e-04
2.082490680808060256e-04
2.080217367678873061e-04
2.077944054549685595e-04
2.075670741420498401e-04
2.073397428291311206e-04
2.071124115162124011e-04
2.068850802032936816e-04
2.066577488903749351e-04
2.064304175774562156e-04
2.062030862645374961e-04
2.059757549516187767e-04
2.057484236387000572e-04
2.055210923257813377e-04
2.052937610128625912e-04
2.050664296999438717e-04
2.048390983870251522e-04
2.045408365457603603e-04
2.042425747044955683e-04
2.039443128632307763e-04
2.036460510219659844e-04
2.033477891807011653e-04
2.030495273394363734e-04
2.027512654981715814e-04
2.024530036569067895e-04
2.021547418156419975e-04
2.018564799743772056e-04
2.015582181331124136e-04
2.012599562918476216e-04
2.009616944505828026e-04
2.006634326093180106e-04
2.003651707680532187e-04
2.000669089267884267e-04
1.995727462854599628e-04
1.988826828440678270e-04
1.981926194026756912e-04
1.975025559612835283e-04
1.968124925198913924e-04
1.961224290784992566e-04
1.954323656371071208e-04
1.947423021957149850e-04
1.940522387543228491e-04
1.933621753129306862e-04
1.926721118715385504e-04
1.919820484301464146e-04
1.912919849887542787e-04
1.906019215473621429e-04
1.899118581059699800e-04
1.892217946645778442e-04
1.885317312231857083e-04
1.883280840916821345e-04
1.886108532700670956e-04
1.888936224484520838e-04
1.891763916268370720e-04
1.894591608052220331e-04
1.897419299836070213e-04
1.900246991619919824e-04
1.903074683403769706e-04
1.905902375187619317e-04
1.908730066971469198e-04
1.911557758755319080e-04
1.914385450539168691e-04
1.917213142323018573e-04
1.920040834106868184e-04
1.922868525890718066e-04
1.925696217674567677e-04
1.928523909458417559e-04
1.926915806642334544e-04
1.925307703826251800e-04
1.923699601010168785e-04
1.922091498194085769e-04
1.920483395378003025e-04
1.918875292561920010e-04
1.917267189745836995e-04
1.915659086929754251e-04
1.914050984113671236e-04
1.912442881297588221e-04
1.910834778481505477e-04
1.909226675665422462e-04
1.907618572849339447e-04
1.906010470033256703e-04
1.904402367217173687e-04
1.902794264401090672e-04
1.900319167787290874e-04
1.896977077375773752e-04
1.893634986964256900e-04
1.890292896552740048e-04
1.886950806141222926e-04
1.883608715729706074e-04
1.880266625318189222e-04
1.876924534906672100e-04
1.873582444495155248e-04
1.870240354083638396e-04
1.866898263672121274e-04
1.863556173260604422e-04
1.860214082849087570e-04
1.856871992437570448e-04
1.853529902026053596e-04
1.850187811614536744e-04
1.846845721203019622e-04
1.843965479386527851e-04
1.841547086165061433e-04
1.839128692943594744e-04
1.836710299722128326e-04
1.834291906500661908e-04
1.831873513279195218e-04
1.829455120057728800e-04
1.827036726836262111e-04
1.824618333614795693e-04
1.822199940393329275e-04
1.819781547171862586e-04
1.817363153950396167e-04
1.814944760728929478e-04
1.812526367507463060e-04
1.810107974285996642e-04
1.807689581064529953e-04
1.805271187843063535e-04
1.803043462173706637e-04
1.801006404056459259e-04
1.798969345939212153e-04
1.796932287821964775e-04
1.794895229704717668e-04
1.792858171587470291e-04
1.790821113470223184e-04
1.788784055352975807e-04
1.786746997235728700e-04
1.784709939118481322e-04
1.782672881001234216e-04
1.780635822883986838e-04
1.778598764766739732e-04
1.776561706649492354e-04
1.774524648532245247e-04
1.772487590414998141e-04
1.770450532297750763e-04
1.768457249140411940e-04
1.766463965983073117e-04
1.764470682825734294e-04
1.762477399668395471e-04
1.760484116511056647e-04
1.758490833353717824e-04
1.756497550196379001e-04
1.754504267039040178e-04
1.752510983881701355e-04
1.750517700724362532e-04
1.748524417567023708e-04
1.746531134409684885e-04
1.744537851252346062e-04
1.742544568095007239e-04
1.740551284937668416e-04
1.738558001780329593e-04
1.734791937445887965e-04
1.729253091934343804e-04
1.723714246422799643e-04
1.718175400911255482e-04
1.712636555399711050e-04
1.707097709888166889e-04
1.701558864376622729e-04
1.696020018865078568e-04
1.690481173353534407e-04
1.684942327841990246e-04
1.679403482330446085e-04
1.673864636818901924e-04
1.668325791307357763e-04
1.662786945795813331e-04
1.657248100284269170e-04
1.651709254772725009e-04
1.646170409261180848e-04
1.643551484009882289e-04
1.643852479018829060e-04
1.644153474027775831e-04
1.644454469036722602e-04
1.644755464045669373e-04
1.645056459054616144e-04
1.645357454063563186e-04
1.645658449072509957e-04
1.645959444081456727e-04
1.646260439090403498e-04
1.646561434099350269e-04
1.646862429108297311e-04
1.647163424117244082e-04
1.647464419126190853e-04
1.647765414135137624e-04
1.648066409144084395e-04
1.648367404153031166e-04
1.647625279458576507e-04
1.645840035060719875e-04
1.644054790662863243e-04
1.642269546265006882e-04
1.640484301867150250e-04
1.638699057469293890e-04
1.636913813071437258e-04
1.635128568673580626e-04
1.633343324275724265e-04
1.631558079877867633e-04
1.629772835480011272e-04
1.627987591082154641e-04
1.626202346684298009e-04
1.624417102286441648e-04
1.622631857888585016e-04
1.620846613490728655e-04
1.619061369092872024e-04
1.619354509665986864e-04
1.619647650239101433e-04
1.619940790812216273e-04
1.620233931385331113e-04
1.620527071958445683e-04
1.620820212531560523e-04
1.621113353104675363e-04
1.621406493677790203e-04
1.621699634250904772e-04
1.621992774824019613e-04
1.622285915397134453e-04
1.622579055970249022e-04
1.622872196543363862e-04
1.623165337116478702e-04
1.623458477689593271e-04
1.623751618262708112e-04
1.623311345444741283e-04
1.622137659235692786e-04
1.620963973026644559e-04
1.619790286817596062e-04
1.618616600608547564e-04
1.617442914399499338e-04
1.616269228190450841e-04
1.615095541981402343e-04
1.613921855772353846e-04
1.612748169563305619e-04
1.611574483354257122e-04
1.610400797145208624e-04
1.609227110936160398e-04
1.608053424727111901e-04
1.606879738518063403e-04
1.605706052309015177e-04
1.604532366099966679e-04
1.602771770932139646e-04
1.600424266805534077e-04
1.598076762678928508e-04
1.595729258552322938e-04
1.593381754425717369e-04
1.591034250299111800e-04
1.588686746172506231e-04
1.586339242045900662e-04
1.583991737919295093e-04
1.581644233792689523e-04
1.579296729666083954e-04
1.576949225539478385e-04
1.574601721412872816e-04
1.572254217286267247e-04
1.569906713159661678e-04
1.567559209033056108e-04
1.565211704906450539e-04
1.566112092754445709e-04
1.567012480602441150e-04
1.567912868450436321e-04
1.568813256298431762e-04
1.569713644146426932e-04
1.570614031994422373e-04
1.571514419842417543e-04
1.572414807690412984e-04
1.573315195538408154e-04
1.574215583386403595e-04
1.575115971234398765e-04
1.576016359082393935e-04
1.576916746930389376e-04
1.577817134778384547e-04
1.578717522626379988e-04
1.579617910474375158e-04
1.579447947576054342e-04
1.578207633931416999e-04
1.576967320286779657e-04
1.575727006642142585e-04
1.574486692997505242e-04
1.573246379352867899e-04
1.572006065708230827e-04
1.570765752063593484e-04
1.569525438418956412e-04
1.568285124774319069e-04
1.567044811129681726e-04
1.565804497485044655e-04
1.564564183840407312e-04
1.563323870195769969e-04
1.562083556551132897e-04
1.560843242906495554e-04
1.559602929261858211e-04
1.559257293719331662e-04
1.559806336278915637e-04
1.560355378838499882e-04
1.560904421398083856e-04
1.561453463957667830e-04
1.562002506517252076e-04
1.562551549076836050e-04
1.563100591636420024e-04
1.563649634196004269e-04
1.564198676755588244e-04
1.564747719315172218e-04
1.565296761874756192e-04
1.565845804434340437e-04
1.566394846993924412e-04
1.566943889553508386e-04
1.567492932113092631e-04
1.568041974672676605e-04
1.566173712527967423e-04
1.561888145678965356e-04
1.557602578829963018e-04
1.553317011980960680e-04
1.549031445131958612e-04
1.544745878282956274e-04
1.540460311433954207e-04
1.536174744584951869e-04
1.531889177735949801e-04
1.527603610886947463e-04
1.523318044037945125e-04
1.519032477188943058e-04
1.514746910339940719e-04
1.510461343490938652e-04
1.506175776641936314e-04
1.501890209792934247e-04
1.497604642943931909e-04
1.499907192817110887e-04
1.502209742690290136e-04
1.504512292563469115e-04
1.506814842436648093e-04
1.509117392309827072e-04
1.511419942183006321e-04
1.513722492056185300e-04
1.516025041929364278e-04
1.518327591802543257e-04
1.520630141675722506e-04
1.522932691548901484e-04
1.525235241422080463e-04
1.527537791295259712e-04
1.529840341168438691e-04
1.532142891041617669e-04
1.534445440914796648e-04
1.534902353003472905e-04
1.533513627307646441e-04
1.532124901611819977e-04
1.530736175915993513e-04
1.529347450220166777e-04
1.527958724524340313e-04
1.526569998828513849e-04
1.525181273132687385e-04
1.523792547436860650e-04
1.522403821741034186e-04
1.521015096045207722e-04
1.519626370349381258e-04
1.518237644653554794e-04
1.516848918957728058e-04
1.515460193261901594e-04
1.514071467566075130e-04
1.512682741870248666e-04
1.511720377340771023e-04
1.511184373977642471e-04
1.510648370614513919e-04
1.510112367251385368e-04
1.509576363888257087e-04
1.509040360525128535e-04
1.508504357161999983e-04
1.507968353798871432e-04
1.507432350435742880e-04
1.506896347072614328e-04
1.506360343709485777e-04
1.505824340346357225e-04
1.505288336983228944e-04
1.504752333620100393e-04
1.504216330256971841e-04
1.503680326893843289e-04
1.503144323530714737e-04
1.502940773484337912e-04
1.502737223437961359e-04
1.502533673391584534e-04
1.502330123345207709e-04
1.502126573298830884e-04
1.501923023252454330e-04
1.501719473206077505e-04
1.501515923159700680e-04
1.501312373113323855e-04
1.501108823066947301e-04
1.500905273020570476e-04
1.500701722974193651e-04
1.500498172927817097e-04
1.500294622881440272e-04
1.500091072835063447e-04
1.499887522788686622e-04
1.499397949444513322e-04
1.498622352802543003e-04
1.497846756160572956e-04
1.497071159518602638e-04
1.496295562876632319e-04
1.495519966234662272e-04
1.494744369592691953e-04
1.493968772950721906e-04
1.493193176308751588e-04
1.492417579666781269e-04
1.491641983024811222e-04
1.490866386382840904e-04
1.490090789740870856e-04
1.489315193098900538e-04
1.488539596456930219e-04
1.487763999814960172e-04
1.486988403172989854e-04
1.486146734941000728e-04
1.485238995118992795e-04
1.484331255296984591e-04
1.483423515474976658e-04
1.482515775652968454e-04
1.481608035830960521e-04
1.480700296008952317e-04
1.479792556186944384e-04
1.478884816364936180e-04
1.477977076542927976e-04
1.477069336720920043e-04
1.476161596898911839e-04
1.475253857076903906e-04
1.474346117254895702e-04
1.473438377432887770e-04
1.472530637610879566e-04
1.471622897788871633e-04
1.471295121404378264e-04
1.471547308457399729e-04
1.471799495510420924e-04
1.472051682563442390e-04
1.472303869616463856e-04
1.472556056669485050e-04
1.472808243722506516e-04
1.473060430775527982e-04
1.473312617828549176e-04
1.473564804881570642e-04
1.473816991934592108e-04
1.474069178987613574e-04
1.474321366040634768e-04
1.474573553093656234e-04
1.474825740146677700e-04
1.475077927199698895e-04
1.475330114252720360e-04
1.473882124306468908e-04
1.472434134360217726e-04
1.470986144413966273e-04
1.469538154467714820e-04
1.468090164521463638e-04
1.466642174575212185e-04
1.465194184628960733e-04
1.463746194682709551e-04
1.462298204736458098e-04
1.460850214790206645e-04
1.459402224843955463e-04
1.457954234897704010e-04
1.456506244951452558e-04
1.455058255005201376e-04
1.453610265058949923e-04
1.452162275112698470e-04
1.451777579853805937e-04
1.452456179282272052e-04
1.453134778710738167e-04
1.453813378139204283e-04
1.454491977567670398e-04
1.455170576996136513e-04
1.455849176424602628e-04
1.456527775853068743e-04
1.457206375281534859e-04
1.457884974710000974e-04
1.458563574138467089e-04
1.459242173566933204e-04
1.459920772995399320e-04
1.460599372423865435e-04
1.461277971852331550e-04
1.461956571280797665e-04
1.462635170709263781e-04
1.463213701030964824e-04
1.463692162245901066e-04
1.464170623460837308e-04
1.464649084675773551e-04
1.465127545890709793e-04
1.465606007105646035e-04
1.466084468320582278e-04
1.466562929535518249e-04
1.467041390750454491e-04
1.467519851965390734e-04
1.467998313180326976e-04
1.468476774395263218e-04
1.468955235610199461e-04
1.469433696825135432e-04
1.469912158040071674e-04
1.470390619255007917e-04
1.470869080469944159e-04
1.468877764595963851e-04
1.466886448721983814e-04
1.464895132848003506e-04
1.462903816974023199e-04
1.460912501100043162e-04
1.458921185226062854e-04
1.456929869352082817e-04
1.454938553478102509e-04
1.452947237604122201e-04
1.450955921730142165e-04
1.448964605856161857e-04
1.446973289982181549e-04
1.444981974108201512e-04
1.442990658234221204e-04
1.440999342360240896e-04
1.439008026486260860e-04
1.437630012073906453e-04
1.436865299123177948e-04
1.436100586172449442e-04
1.435335873221720937e-04
1.434571160270992432e-04
1.433806447320263926e-04
1.433041734369535421e-04
1.432277021418806916e-04
1.431512308468078410e-04
1.430747595517349905e-04
1.429982882566621400e-04
1.429218169615892894e-04
1.428453456665164389e-04
1.427688743714435884e-04
1.426924030763707379e-04
1.426159317812978873e-04
1.425394604862250368e-04
1.425556858241235319e-04
1.426646077949933998e-04
1.427735297658632677e-04
1.428824517367331356e-04
1.429913737076029764e-04
1.431002956784728443e-04
1.432092176493427122e-04
1.433181396202125801e-04
1.434270615910824480e-04
1.435359835619522888e-04
1.436449055328221567e-04
1.437538275036920245e-04
1.438627494745618924e-04
1.439716714454317332e-04
1.440805934163016011e-04
1.441895153871714690e-04
1.442984373580413369e-04
1.442858095989681523e-04
1.441516321099519152e-04
1.440174546209356781e-04
1.438832771319194410e-04
1.437490996429032040e-04
1.436149221538869940e-04
1.434807446648707569e-04
1.433465671758545198e-04
1.432123896868382827e-04
1.430782121978220727e-04
1.429440347088058356e-04
1.428098572197895985e-04
1.426756797307733614e-04
1.425415022417571244e-04
1.424073247527409144e-04
1.422731472637246773e-04
1.421389697747084402e-04
1.420733881584031178e-04
1.420078065420977954e-04
1.419422249257924729e-04
1.418766433094871234e-04
1.418110616931818010e-04
1.417454800768764786e-04
1.416798984605711562e-04
1.416143168442658337e-04
1.415487352279605113e-04
1.414831536116551618e-04
1.414175719953498394e-04
1.413519903790445170e-04
1.412864087627391946e-04
1.412208271464338721e-04
1.411552455301285497e-04
1.410896639138232273e-04
1.410872070934122697e-04
1.411478750688957313e-04
1.412085430443791657e-04
1.412692110198626001e-04
1.413298789953460616e-04
1.413905469708294960e-04
1.414512149463129575e-04
1.415118829217963919e-04
1.415725508972798534e-04
1.416332188727632878e-04
1.416938868482467222e-04
1.417545548237301837e-04
1.418152227992136181e-04
1.418758907746970797e-04
1.419365587501805141e-04
1.419972267256639485e-04
1.420578947011474100e-04
1.419784380955920724e-04
1.417588569089979359e-04
1.415392757224038264e-04
1.413196945358096898e-04
1.411001133492155804e-04
1.408805321626214438e-04
1.406609509760273343e-04
1.404413697894331978e-04
1.402217886028390883e-04
1.400022074162449517e-04
1.397826262296508423e-04
1.395630450430567057e-04
1.393434638564625962e-04
1.391238826698684597e-04
1.389043014832743502e-04
1.386847202966802407e-04
1.384651391100861042e-04
1.385865652966788292e-04
1.387079914832715813e-04
1.388294176698643063e-04
1.389508438564570584e-04
1.390722700430497834e-04
1.391936962296425355e-04
1.393151224162352605e-04
1.394365486028280126e-04
1.395579747894207375e-04
1.396794009760134896e-04
1.398008271626062146e-04
1.399222533491989396e-04
1.400436795357916917e-04
1.401651057223844167e-04
1.402865319089771688e-04
1.404079580955698938e-04
1.405340834237489946e-04
1.406649078935144441e-04
1.407957323632798936e-04
1.409265568330453160e-04
1.410573813028107655e-04
1.411882057725762150e-04
1.413190302423416645e-04
1.414498547121071140e-04
1.415806791818725635e-04
1.417115036516379859e-04
1.418423281214034354e-04
1.419731525911688849e-04
1.421039770609343344e-04
1.422348015306997839e-04
1.423656260004652063e-04
1.424964504702306558e-04
1.426272749399961053e-04
1.426626695034365739e-04
1.426026341605520344e-04
1.425425988176675220e-04
1.424825634747830096e-04
1.424225281318984701e-04
1.423624927890139577e-04
1.423024574461294453e-04
1.422424221032449058e-04
1.421823867603603934e-04
1.421223514174758810e-04
1.420623160745913415e-04
1.420022807317068291e-04
1.419422453888223167e-04
1.418822100459377772e-04
1.418221747030532648e-04
1.417621393601687524e-04
1.417021040172842129e-04
1.416445926825780520e-04
1.415896053560502697e-04
1.415346180295224874e-04
1.414796307029947051e-04
1.414246433764668957e-04
1.413696560499391134e-04
1.413146687234113311e-04
1.412596813968835217e-04
1.412046940703557394e-04
1.411497067438279571e-04
1.410947194173001748e-04
1.410397320907723654e-04
1.409847447642445831e-04
1.409297574377168009e-04
1.408747701111890186e-04
1.408197827846612092e-04
1.407647954581334269e-04
1.408224785867213339e-04
1.408801617153092409e-04
1.409378448438971480e-04
1.409955279724850550e-04
1.410532111010729349e-04
1.411108942296608419e-04
1.411685773582487490e-04
1.412262604868366560e-04
1.412839436154245630e-04
1.413416267440124701e-04
1.413993098726003771e-04
1.414569930011882841e-04
1.415146761297761640e-04
1.415723592583640711e-04
1.416300423869519781e-04
1.416877255155398851e-04
1.416847817374304250e-04
1.416212110526235434e-04
1.415576403678167161e-04
1.414940696830098345e-04
1.414304989982030072e-04
1.413669283133961257e-04
1.413033576285892983e-04
1.412397869437824168e-04
1.411762162589755894e-04
1.411126455741687079e-04
1.410490748893618806e-04
1.409855042045549990e-04
1.409219335197481717e-04
1.408583628349412901e-04
1.407947921501344628e-04
1.407312214653275812e-04
1.406676507805207539e-04
1.406465757930375118e-04
1.406679965028779361e-04
1.406894172127183334e-04
1.407108379225587578e-04
1.407322586323991821e-04
1.407536793422395794e-04
1.407751000520800037e-04
1.407965207619204010e-04
1.408179414717608254e-04
1.408393621816012497e-04
1.408607828914416470e-04
1.408822036012820713e-04
1.409036243111224686e-04
1.409250450209628930e-04
1.409464657308033173e-04
1.409678864406437146e-04
1.409893071504841390e-04
1.408909102302103114e-04
1.406726956798222319e-04
1.404544811294341524e-04
1.402362665790460729e-04
1.400180520286579933e-04
1.397998374782699409e-04
1.395816229278818614e-04
1.393634083774937819e-04
1.391451938271057024e-04
1.389269792767176500e-04
1.387087647263295705e-04
1.384905501759414910e-04
1.382723356255534115e-04
1.380541210751653320e-04
1.378359065247772796e-04
1.376176919743892001e-04
1.373994774240011206e-04
1.375411633663440290e-04
1.376828493086869375e-04
1.378245352510298460e-04
1.379662211933727544e-04
1.381079071357156629e-04
1.382495930780585714e-04
1.383912790204014798e-04
1.385329649627443883e-04
1.386746509050873239e-04
1.388163368474302323e-04
1.389580227897731408e-04
1.390997087321160493e-04
1.392413946744589578e-04
1.393830806168018662e-04
1.395247665591447747e-04
1.396664525014876832e-04
1.397517605171822949e-04
1.397806906062286098e-04
1.398096206952749248e-04
1.398385507843212397e-04
1.398674808733675276e-04
1.398964109624138425e-04
1.399253410514601575e-04
1.399542711405064724e-04
1.399832012295527874e-04
1.400121313185991024e-04
1.400410614076454173e-04
1.400699914966917323e-04
1.400989215857380472e-04
1.401278516747843351e-04
1.401567817638306500e-04
1.401857118528769650e-04
1.402146419419232799e-04
1.401278838392229552e-04
1.399254375447760179e-04
1.397229912503290805e-04
1.395205449558821432e-04
1.393180986614351788e-04
1.391156523669882415e-04
1.389132060725413041e-04
1.387107597780943397e-04
1.385083134836474024e-04
1.383058671892004651e-04
1.381034208947535277e-04
1.379009746003065633e-04
1.376985283058596260e-04
1.374960820114126887e-04
1.372936357169657513e-04
1.370911894225187869e-04
1.368887431280718496e-04
1.369712853072818962e-04
1.370538274864919158e-04
1.371363696657019625e-04
1.372189118449119820e-04
1.373014540241220287e-04
1.373839962033320482e-04
1.374665383825420949e-04
1.375490805617521144e-04
1.376316227409621611e-04
1.377141649201721807e-04
1.377967070993822273e-04
1.378792492785922469e-04
1.379617914578022935e-04
1.380443336370123131e-04
1.381268758162223598e-04
1.382094179954323793e-04
1.382600951450292735e-04
1.382789072650129881e-04
1.382977193849967298e-04
1.383165315049804714e-04
1.383353436249641860e-04
1.383541557449479277e-04
1.383729678649316423e-04
1.383917799849153840e-04
1.384105921048991257e-04
1.384294042248828403e-04
1.384482163448665819e-04
1.384670284648502965e-04
1.384858405848340382e-04
1.385046527048177528e-04
1.385234648248014945e-04
1.385422769447852362e-04
1.385610890647689507e-04
1.385692520421533775e-04
1.385667658769385165e-04
1.385642797117236555e-04
1.385617935465087674e-04
1.385593073812939064e-04
1.385568212160790454e-04
1.385543350508641573e-04
1.385518488856492963e-04
1.385493627204344353e-04
1.385468765552195472e-04
1.385443903900046862e-04
1.385419042247897981e-04
1.385394180595749371e-04
1.385369318943600761e-04
1.385344457291451880e-04
1.385319595639303270e-04
1.385294733987154660e-04
1.384862455444120619e-04
1.384022760010201146e-04
1.383183064576281945e-04
1.382343369142362743e-04
1.381503673708443271e-04
1.380663978274524069e-04
1.379824282840604868e-04
1.378984587406685395e-04
1.378144891972766194e-04
1.377305196538846992e-04
1.376465501104927520e-04
1.375625805671008318e-04
1.374786110237088846e-04
1.373946414803169644e-04
1.373106719369250443e-04
1.372267023935330971e-04
1.371427328501411769e-04
1.371637212175505667e-04
1.371847095849599565e-04
1.372056979523693192e-04
1.372266863197787090e-04
1.372476746871880988e-04
1.372686630545974886e-04
1.372896514220068784e-04
1.373106397894162682e-04
1.373316281568256309e-04
1.373526165242350207e-04
1.373736048916444105e-04
1.373945932590538003e-04
1.374155816264631901e-04
1.374365699938725528e-04
1.374575583612819426e-04
1.374785467286913324e-04
1.375030215024548744e-04
1.375309826825725685e-04
1.375589438626902627e-04
1.375869050428079568e-04
1.376148662229256510e-04
1.376428274030433452e-04
1.376707885831610393e-04
1.376987497632787335e-04
1.377267109433964276e-04
1.377546721235141218e-04
1.377826333036318159e-04
1.378105944837495101e-04
1.378385556638672042e-04
1.378665168439848984e-04
1.378944780241025926e-04
1.379224392042202867e-04
1.379504003843379809e-04
1.379690639172767650e-04
1.379784298030366121e-04
1.379877956887964592e-04
1.379971615745563063e-04
1.380065274603161534e-04
1.380158933460760005e-04
1.380252592318358476e-04
1.380346251175957218e-04
1.380439910033555689e-04
1.380533568891154160e-04
1.380627227748752630e-04
1.380720886606351101e-04
1.380814545463949572e-04
1.380908204321548314e-04
1.381001863179146785e-04
1.381095522036745256e-04
1.381189180894343727e-04
1.381688578089361160e-04
1.382187975284378863e-04
1.382687372479396296e-04
1.383186769674413729e-04
1.383686166869431162e-04
1.384185564064448865e-04
1.384684961259466298e-04
1.385184358454483731e-04
1.385683755649501163e-04
1.386183152844518867e-04
1.386682550039536300e-04
1.387181947234553733e-04
1.387681344429571436e-04
1.388180741624588869e-04
1.388680138819606302e-04
1.389179536014623734e-04
1.388498268078175760e-04
1.386636335010262380e-04
1.384774401942348728e-04
1.382912468874435076e-04
1.381050535806521695e-04
1.379188602738608044e-04
1.377326669670694392e-04
1.375464736602781011e-04
1.373602803534867359e-04
1.371740870466953708e-04
1.369878937399040327e-04
1.368017004331126675e-04
1.366155071263213023e-04
1.364293138195299643e-04
1.362431205127385991e-04
1.360569272059472339e-04
1.358707338991558958e-04
1.357744582706897792e-04
1.357681003205489110e-04
1.357617423704080429e-04
1.357553844202671477e-04
1.357490264701262796e-04
1.357426685199854114e-04
1.357363105698445433e-04
1.357299526197036752e-04
1.357235946695628070e-04
1.357172367194219118e-04
1.357108787692810437e-04
1.357045208191401755e-04
1.356981628689993074e-04
1.356918049188584393e-04
1.356854469687175440e-04
1.356790890185766759e-04
1.356727310684358078e-04
1.356585232023081462e-04
1.356364654201937183e-04
1.356144076380792903e-04
1.355923498559648353e-04
1.355702920738504074e-04
1.355482342917359794e-04
1.355261765096215244e-04
1.355041187275070965e-04
1.354820609453926685e-04
1.354600031632782135e-04
1.354379453811637856e-04
1.354158875990493576e-04
1.353938298169349026e-04
1.353717720348204747e-04
1.353497142527060467e-04
1.353276564705915917e-04
1.353055986884771637e-04
1.353808712788248257e-04
1.354561438691725148e-04
1.355314164595201767e-04
1.356066890498678387e-04
1.356819616402155277e-04
1.357572342305631897e-04
1.358325068209108517e-04
1.359077794112585407e-04
1.359830520016062027e-04
1.360583245919538646e-04
1.361335971823015537e-04
1.362088697726492157e-04
1.362841423629968776e-04
1.363594149533445667e-04
1.364346875436922286e-04
1.365099601340398906e-04
1.365310302875426675e-04
1.364978980042005051e-04
1.364647657208583427e-04
1.364316334375162074e-04
1.363985011541740450e-04
1.363653688708318826e-04
1.363322365874897202e-04
1.362991043041475849e-04
1.362659720208054225e-04
1.362328397374632601e-04
1.361997074541211248e-04
1.361665751707789624e-04
1.361334428874367999e-04
1.361003106040946375e-04
1.360671783207525022e-04
1.360340460374103398e-04
1.360009137540681774e-04
1.359509715140166659e-04
1.358842193172558053e-04
1.358174671204949446e-04
1.357507149237340840e-04
1.356839627269732233e-04
1.356172105302123627e-04
1.355504583334515021e-04
1.354837061366906414e-04
1.354169539399297808e-04
1.353502017431689201e-04
1.352834495464080595e-04
1.352166973496471988e-04
1.351499451528863382e-04
1.350831929561254776e-04
1.350164407593646169e-04
1.349496885626037563e-04
1.348829363658428956e-04
1.349524697023472527e-04
1.350220030388516097e-04
1.350915363753559667e-04
1.351610697118603237e-04
1.352306030483646808e-04
1.353001363848690378e-04
1.353696697213733948e-04
1.354392030578777518e-04
1.355087363943821360e-04
1.355782697308864930e-04
1.356478030673908500e-04
1.357173364038952070e-04
1.357868697403995641e-04
1.358564030769039211e-04
1.359259364134082781e-04
1.359954697499126351e-04
1.360812018004104210e-04
1.361831325649016087e-04
1.362850633293927964e-04
1.363869940938839840e-04
1.364889248583751717e-04
1.365908556228663594e-04
1.366927863873575470e-04
1.367947171518487347e-04
1.368966479163399223e-04
1.369985786808311100e-04
1.371005094453222977e-04
1.372024402098134853e-04
1.373043709743046730e-04
1.374063017387958606e-04
1.375082325032870483e-04
1.376101632677782360e-04
1.377120940322694236e-04
1.376948142790562378e-04
1.375583240081386784e-04
1.374218337372210919e-04
1.372853434663035054e-04
1.371488531953859460e-04
1.370123629244683595e-04
1.368758726535508001e-04
1.367393823826332136e-04
1.366028921117156542e-04
1.364664018407980677e-04
1.363299115698804811e-04
1.361934212989629217e-04
1.360569310280453352e-04
1.359204407571277758e-04
1.357839504862101893e-04
1.356474602152926028e-04
1.355109699443750434e-04
1.353962411140910438e-04
1.353032737244406309e-04
1.352103063347901910e-04
1.351173389451397781e-04
1.350243715554893652e-04
1.349314041658389524e-04
1.348384367761885124e-04
1.347454693865380996e-04
1.346525019968876867e-04
1.345595346072372739e-04
1.344665672175868339e-04
1.343735998279364211e-04
1.342806324382860082e-04
1.341876650486355954e-04
1.340946976589851554e-04
1.340017302693347425e-04
1.339087628796843297e-04
1.339604337662965883e-04
1.340121046529088740e-04
1.340637755395211327e-04
1.341154464261333913e-04
1.341671173127456770e-04
1.342187881993579357e-04
1.342704590859701943e-04
1.343221299725824529e-04
1.343738008591947386e-04
1.344254717458069973e-04
1.344771426324192559e-04
1.345288135190315416e-04
1.345804844056438002e-04
1.346321552922560589e-04
1.346838261788683446e-04
1.347354970654806032e-04
1.348162398773736388e-04
1.349260546145474515e-04
1.350358693517212370e-04
1.351456840888950496e-04
1.352554988260688622e-04
1.353653135632426749e-04
1.354751283004164604e-04
1.355849430375902730e-04
1.356947577747640856e-04
1.358045725119378982e-04
1.359143872491117109e-04
1.360242019862854964e-04
1.361340167234593090e-04
1.362438314606331216e-04
1.363536461978069343e-04
1.364634609349807198e-04
1.365732756721545324e-04
1.366403013174891004e-04
1.366645378709844508e-04
1.366887744244798012e-04
1.367130109779751516e-04
1.367372475314705021e-04
1.367614840849658525e-04
1.367857206384612029e-04
1.368099571919565534e-04
1.368341937454519038e-04
1.368584302989472542e-04
1.368826668524426046e-04
1.369069034059379551e-04
1.369311399594333055e-04
1.369553765129286559e-04
1.369796130664240063e-04
1.370038496199193568e-04
1.370280861734147072e-04
1.368846783047330054e-04
1.367412704360513307e-04
1.365978625673696289e-04
1.364544546986879272e-04
1.363110468300062525e-04
1.361676389613245507e-04
1.360242310926428489e-04
1.358808232239611742e-04
1.357374153552794724e-04
1.355940074865977707e-04
1.354505996179160960e-04
1.353071917492343942e-04
1.351637838805526924e-04
1.350203760118710177e-04
1.348769681431893159e-04
1.347335602745076142e-04
1.346431629329511936e-04
1.346057761185200270e-04
1.345683893040888605e-04
1.345310024896576940e-04
1.344936156752265003e-04
1.344562288607953338e-04
1.344188420463641672e-04
1.343814552319330007e-04
1.343440684175018342e-04
1.343066816030706676e-04
1.342692947886395011e-04
1.342319079742083346e-04
1.341945211597771680e-04
1.341571343453459744e-04
1.341197475309148079e-04
1.340823607164836413e-04
1.340449739020524748e-04
1.340328340158239255e-04
1.340459410577979934e-04
1.340590480997720343e-04
1.340721551417461022e-04
1.340852621837201701e-04
1.340983692256942110e-04
1.341114762676682789e-04
1.341245833096423468e-04
1.341376903516164148e-04
1.341507973935904556e-04
1.341639044355645235e-04
1.341770114775385915e-04
1.341901185195126323e-04
1.342032255614867002e-04
1.342163326034607682e-04
1.342294396454348090e-04
1.342425466874088769e-04
1.342909045978275969e-04
1.343745133766909960e-04
1.344581221555543951e-04
1.345417309344177942e-04
1.346253397132811933e-04
1.347089484921445925e-04
1.347925572710079916e-04
1.348761660498713636e-04
1.349597748287347627e-04
1.350433836075981618e-04
1.351269923864615609e-04
1.352106011653249600e-04
1.352942099441883591e-04
1.353778187230517311e-04
1.354614275019151303e-04
1.355450362807785294e-04
1.356286450596419285e-04
1.356614169986302071e-04
1.356941889376185129e-04
1.357269608766067915e-04
1.357597328155950973e-04
1.357925047545833759e-04
1.358252766935716816e-04
1.358580486325599603e-04
1.358908205715482660e-04
1.359235925105365447e-04
1.359563644495248504e-04
1.359891363885131290e-04
1.360219083275014348e-04
1.360546802664897134e-04
1.360874522054780192e-04
1.361202241444662978e-04
1.361529960834546036e-04
1.361254459009149213e-04
1.360375735968472782e-04
1.359497012927796350e-04
1.358618289887119919e-04
1.357739566846443487e-04
1.356860843805767056e-04
1.355982120765090624e-04
1.355103397724414193e-04
1.354224674683738032e-04
1.353345951643061601e-04
1.352467228602385169e-04
1.351588505561708738e-04
1.350709782521032306e-04
1.349831059480355875e-04
1.348952336439679443e-04
1.348073613399003012e-04
1.347194890358326580e-04
1.347045564885644611e-04
1.347625636980956832e-04
1.348205709076269324e-04
1.348785781171581816e-04
1.349365853266894038e-04
1.349945925362206530e-04
1.350525997457518751e-04
1.351106069552831244e-04
1.351686141648143465e-04
1.352266213743455957e-04
1.352846285838768450e-04
1.353426357934080671e-04
1.354006430029393163e-04
1.354586502124705385e-04
1.355166574220017877e-04
1.355746646315330369e-04
1.356326718410642590e-04
1.356503306098272657e-04
1.356276409378220026e-04
1.356049512658167666e-04
1.355822615938115307e-04
1.355595719218062676e-04
1.355368822498010317e-04
1.355141925777957686e-04
1.354915029057905326e-04
1.354688132337852696e-04
1.354461235617800336e-04
1.354234338897747976e-04
1.354007442177695346e-04
1.353780545457642986e-04
1.353553648737590355e-04
1.353326752017537996e-04
1.353099855297485365e-04
1.352872958577433006e-04
1.353028701682418376e-04
1.353184444787403746e-04
1.353340187892388845e-04
1.353495930997374215e-04
1.353651674102359585e-04
1.353807417207344955e-04
1.353963160312330054e-04
1.354118903417315424e-04
1.354274646522300794e-04
1.354430389627286164e-04
1.354586132732271263e-04
1.354741875837256633e-04
1.354897618942242003e-04
1.355053362047227373e-04
1.355209105152212472e-04
1.355364848257197843e-04
1.354775408444052083e-04
1.353440785712775466e-04
1.352106162981498848e-04
1.350771540250222231e-04
1.349436917518945613e-04
1.348102294787668996e-04
1.346767672056392107e-04
1.345433049325115489e-04
1.344098426593838872e-04
1.342763803862562254e-04
1.341429181131285637e-04
1.340094558400008748e-04
1.338759935668732131e-04
1.337425312937455513e-04
1.336090690206178896e-04
1.334756067474902278e-04
1.333421444743625661e-04
1.333033992714600046e-04
1.333593711387825976e-04
1.334153430061051906e-04
1.334713148734277836e-04
1.335272867407503495e-04
1.335832586080729426e-04
1.336392304753955356e-04
1.336952023427181015e-04
1.337511742100406945e-04
1.338071460773632875e-04
1.338631179446858805e-04
1.339190898120084464e-04
1.339750616793310394e-04
1.340310335466536325e-04
1.340870054139762255e-04
1.341429772812987914e-04
1.341989491486213844e-04
1.341662067708826857e-04
1.341334643931439870e-04
1.341007220154052883e-04
1.340679796376665896e-04
1.340352372599278908e-04
1.340024948821891650e-04
1.339697525044504663e-04
1.339370101267117676e-04
1.339042677489730689e-04
1.338715253712343702e-04
1.338387829934956715e-04
1.338060406157569728e-04
1.337732982380182740e-04
1.337405558602795753e-04
1.337078134825408766e-04
1.336750711048021779e-04
1.336584176805651698e-04
1.336578532098299066e-04
1.336572887390946162e-04
1.336567242683593258e-04
1.336561597976240626e-04
1.336555953268887722e-04
1.336550308561534818e-04
1.336544663854182186e-04
1.336539019146829282e-04
1.336533374439476379e-04
1.336527729732123746e-04
1.336522085024770842e-04
1.336516440317417939e-04
1.336510795610065306e-04
1.336505150902712402e-04
1.336499506195359499e-04
1.336493861488006866e-04
1.336526128935439138e-04
1.336596308537656586e-04
1.336666488139874034e-04
1.336736667742091482e-04
1.336806847344308930e-04
1.336877026946526378e-04
1.336947206548743826e-04
1.337017386150961273e-04
1.337087565753178721e-04
1.337157745355396169e-04
1.337227924957613617e-04
1.337298104559831065e-04
1.337368284162048513e-04
1.337438463764265961e-04
1.337508643366483408e-04
1.337578822968700856e-04
1.337649002570918304e-04
1.338183053613865793e-04
1.339180976097543324e-04
1.340178898581221125e-04
1.341176821064898655e-04
1.342174743548576186e-04
1.343172666032253716e-04
1.344170588515931518e-04
1.345168510999609048e-04
1.346166433483286578e-04
1.347164355966964109e-04
1.348162278450641910e-04
1.349160200934319440e-04
1.350158123417996971e-04
1.351156045901674501e-04
1.352153968385352303e-04
1.353151890869029833e-04
1.354149813352707363e-04
1.353538472066983535e-04
1.352927130781259436e-04
1.352315789495535609e-04
1.351704448209811781e-04
1.351093106924087682e-04
1.350481765638363854e-04
1.349870424352640026e-04
1.349259083066916198e-04
1.348647741781192099e-04
1.348036400495468271e-04
1.347425059209744443e-04
1.346813717924020344e-04
1.346202376638296516e-04
1.345591035352572688e-04
1.344979694066848590e-04
1.344368352781124762e-04
1.343945840430547239e-04
1.343712157015115752e-04
1.343478473599684535e-04
1.343244790184253048e-04
1.343011106768821831e-04
1.342777423353390344e-04
1.342543739937959127e-04
1.342310056522527640e-04
1.342076373107096423e-04
1.341842689691665207e-04
1.341609006276233719e-04
1.341375322860802503e-04
1.341141639445371015e-04
1.340907956029939799e-04
1.340674272614508311e-04
1.340440589199077095e-04
1.340206905783645607e-04
1.339943123666693600e-04
1.339649242848220802e-04
1.339355362029747733e-04
1.339061481211274935e-04
1.338767600392802137e-04
1.338473719574329068e-04
1.338179838755856269e-04
1.337885957937383471e-04
1.337592077118910402e-04
1.337298196300437604e-04
1.337004315481964806e-04
1.336710434663492008e-04
1.336416553845018939e-04
1.336122673026546141e-04
1.335828792208073343e-04
1.335534911389600274e-04
1.335241030571127476e-04
1.335073674954860492e-04
1.334906319338593507e-04
1.334738963722326523e-04
1.334571608106059539e-04
1.334404252489792555e-04
1.334236896873525571e-04
1.334069541257258587e-04
1.333902185640991602e-04
1.333734830024724618e-04
1.333567474408457634e-04
1.333400118792190650e-04
1.333232763175923666e-04
1.333065407559656682e-04
1.332898051943389697e-04
1.332730696327122713e-04
1.332563340710855729e-04
1.332756354216337133e-04
1.333309736843566926e-04
1.333863119470796990e-04
1.334416502098026782e-04
1.334969884725256575e-04
1.335523267352486639e-04
1.336076649979716432e-04
1.336630032606946495e-04
1.337183415234176288e-04
1.337736797861406081e-04
1.338290180488636144e-04
1.338843563115865937e-04
1.339396945743096001e-04
1.339950328370325793e-04
1.340503710997555586e-04
1.341057093624785650e-04
1.341610476252015443e-04
1.342056762104081502e-04
1.342395951180983286e-04
1.342735140257885341e-04
1.343074329334787397e-04
1.343413518411689181e-04
1.343752707488591236e-04
1.344091896565493291e-04
1.344431085642395075e-04
1.344770274719297130e-04
1.345109463796199186e-04
1.345448652873100970e-04
1.345787841950003025e-04
1.346127031026905080e-04
1.346466220103806864e-04
1.346805409180708919e-04
1.347144598257610975e-04
1.347483787334512759e-04
1.347751359045973730e-04
1.347947313391993347e-04
1.348143267738013235e-04
1.348339222084033123e-04
1.348535176430052740e-04
1.348731130776072628e-04
1.348927085122092516e-04
1.349123039468112133e-04
1.349318993814132021e-04
1.349514948160151909e-04
1.349710902506171526e-04
1.349906856852191414e-04
1.350102811198211031e-04
1.350298765544230919e-04
1.350494719890250807e-04
1.350690674236270424e-04
1.350886628582290312e-04
1.349984634938639462e-04
1.349082641294988612e-04
1.348180647651337763e-04
1.347278654007686913e-04
1.346376660364036063e-04
1.345474666720385213e-04
1.344572673076734363e-04
1.343670679433083513e-04
1.342768685789432934e-04
1.341866692145782085e-04
1.340964698502131235e-04
1.340062704858480385e-04
1.339160711214829535e-04
1.338258717571178685e-04
1.337356723927527835e-04
1.336454730283876985e-04
1.336100836389986029e-04
1.336295042245854694e-04
1.336489248101723631e-04
1.336683453957592297e-04
1.336877659813460963e-04
1.337071865669329899e-04
1.337266071525198565e-04
1.337460277381067502e-04
1.337654483236936167e-04
1.337848689092804833e-04
1.338042894948673770e-04
1.338237100804542435e-04
1.338431306660411372e-04
1.338625512516280038e-04
1.338819718372148704e-04
1.339013924228017640e-04
1.339208130083886306e-04
1.339230322371240335e-04
1.339080501090079186e-04
1.338930679808918308e-04
1.338780858527757159e-04
1.338631037246596281e-04
1.338481215965435132e-04
1.338331394684274254e-04
1.338181573403113105e-04
1.338031752121952227e-04
1.337881930840791077e-04
1.337732109559630199e-04
1.337582288278469050e-04
1.337432466997308172e-04
1.337282645716147023e-04
1.337132824434986145e-04
1.336983003153824996e-04
1.336833181872664118e-04
1.336067362711219322e-04
1.335301543549774256e-04
1.334535724388329460e-04
1.333769905226884394e-04
1.333004086065439598e-04
1.332238266903994803e-04
1.331472447742549736e-04
1.330706628581104941e-04
1.329940809419659874e-04
1.329174990258215078e-04
1.328409171096770283e-04
1.327643351935325216e-04
1.326877532773880421e-04
1.326111713612435354e-04
1.325345894450990559e-04
1.324580075289545763e-04
1.324207272102870877e-04
1.324227484890966441e-04
1.324247697679062005e-04
1.324267910467157570e-04
1.324288123255253134e-04
1.324308336043348699e-04
1.324328548831444263e-04
1.324348761619539828e-04
1.324368974407635392e-04
1.324389187195730956e-04
1.324409399983826521e-04
1.324429612771922085e-04
1.324449825560017650e-04
1.324470038348113214e-04
1.324490251136208779e-04
1.324510463924304343e-04
1.324530676712399907e-04
1.325061508908227127e-04
1.326102960511786003e-04
1.327144412115344879e-04
1.328185863718904026e-04
1.329227315322462901e-04
1.330268766926021777e-04
1.331310218529580924e-04
1.332351670133139800e-04
1.333393121736698946e-04
1.334434573340257822e-04
1.335476024943816698e-04
1.336517476547375845e-04
1.337558928150934720e-04
1.338600379754493596e-04
1.339641831358052743e-04
1.340683282961611618e-04
1.341724734565170494e-04
1.342170686027703075e-04
1.342021137349209091e-04
1.341871588670715378e-04
1.341722039992221394e-04
1.341572491313727409e-04
1.341422942635233696e-04
1.341273393956739712e-04
1.341123845278245727e-04
1.340974296599752014e-04
1.340824747921258030e-04
1.340675199242764046e-04
1.340525650564270061e-04
1.340376101885776348e-04
1.340226553207282364e-04
1.340077004528788379e-04
1.339927455850294666e-04
1.339777907171800682e-04
1.338735600772467983e-04
1.337693294373135556e-04
1.336650987973802857e-04
1.335608681574470158e-04
1.334566375175137731e-04
1.333524068775805032e-04
1.332481762376472333e-04
1.331439455977139635e-04
1.330397149577807207e-04
1.329354843178474509e-04
1.328312536779141810e-04
1.327270230379809382e-04
1.326227923980476684e-04
1.325185617581143985e-04
1.324143311181811558e-04
1.323101004782478859e-04
1.322613270391713783e-04
1.322680108009516059e-04
1.322746945627318606e-04
1.322813783245120882e-04
1.322880620862923429e-04
1.322947458480725706e-04
1.323014296098528253e-04
1.323081133716330529e-04
1.323147971334133076e-04
1.323214808951935623e-04
1.323281646569737899e-04
1.323348484187540446e-04
1.323415321805342722e-04
1.323482159423145269e-04
1.323548997040947545e-04
1.323615834658750092e-04
1.323682672276552369e-04
1.324074598118399381e-04
1.324791612184291129e-04
1.325508626250182878e-04
1.326225640316074355e-04
1.326942654381966103e-04
1.327659668447857852e-04
1.328376682513749329e-04
1.329093696579641078e-04
1.329810710645532826e-04
1.330527724711424303e-04
1.331244738777316052e-04
1.331961752843207529e-04
1.332678766909099278e-04
1.333395780974991026e-04
1.334112795040882503e-04
1.334829809106774252e-04
1.335546823172666000e-04
1.335636724559107879e-04
1.335099513266100430e-04
1.334562301973092710e-04
1.334025090680084991e-04
1.333487879387077542e-04
1.332950668094069822e-04
1.332413456801062102e-04
1.331876245508054654e-04
1.331339034215046934e-04
1.330801822922039214e-04
1.330264611629031766e-04
1.329727400336024046e-04
1.329190189043016597e-04
1.328652977750008877e-04
1.328115766457001158e-04
1.327578555163993709e-04
1.327041343870985989e-04
1.327236620358825591e-04
1.327431896846665465e-04
1.327627173334505067e-04
1.327822449822344941e-04
1.328017726310184543e-04
1.328213002798024416e-04
1.328408279285864019e-04
1.328603555773703892e-04
1.328798832261543494e-04
1.328994108749383368e-04
1.329189385237222970e-04
1.329384661725062844e-04
1.329579938212902446e-04
1.329775214700742319e-04
1.329970491188581922e-04
1.330165767676421795e-04
1.330447072869223035e-04
1.330814406766985642e-04
1.331181740664748249e-04
1.331549074562511127e-04
1.331916408460273734e-04
1.332283742358036341e-04
1.332651076255799219e-04
1.333018410153561826e-04
1.333385744051324433e-04
1.333753077949087311e-04
1.334120411846849918e-04
1.334487745744612796e-04
1.334855079642375403e-04
1.335222413540138010e-04
1.335589747437900888e-04
1.335957081335663495e-04
1.336324415233426102e-04
1.336137565768582473e-04
1.335396532941132339e-04
1.334655500113682205e-04
1.333914467286232070e-04
1.333173434458781936e-04
1.332432401631331801e-04
1.331691368803881667e-04
1.330950335976431532e-04
1.330209303148981127e-04
1.329468270321530993e-04
1.328727237494080858e-04
1.327986204666630724e-04
1.327245171839180589e-04
1.326504139011730455e-04
1.325763106184280320e-04
1.325022073356830186e-04
1.324281040529380052e-04
1.324680027312380394e-04
1.325079014095380465e-04
1.325478000878380807e-04
1.325876987661380878e-04
1.326275974444381220e-04
1.326674961227381291e-04
1.327073948010381633e-04
1.327472934793381975e-04
1.327871921576382046e-04
1.328270908359382389e-04
1.328669895142382460e-04
1.329068881925382802e-04
1.329467868708382873e-04
1.329866855491383215e-04
1.330265842274383557e-04
1.330664829057383628e-04
1.330847219336908627e-04
1.330813013112958282e-04
1.330778806889007938e-04
1.330744600665057864e-04
1.330710394441107520e-04
1.330676188217157175e-04
1.330641981993206831e-04
1.330607775769256486e-04
1.330573569545306142e-04
1.330539363321356068e-04
1.330505157097405724e-04
1.330470950873455379e-04
1.330436744649505035e-04
1.330402538425554690e-04
1.330368332201604616e-04
1.330334125977654272e-04
1.330299919753703927e-04
1.329982445593762795e-04
1.329381703497831417e-04
1.328780961401899497e-04
1.328180219305968119e-04
1.327579477210036199e-04
1.326978735114104821e-04
1.326377993018172901e-04
1.325777250922241524e-04
1.325176508826309604e-04
1.324575766730378226e-04
1.323975024634446306e-04
1.323374282538514928e-04
1.322773540442583008e-04
1.322172798346651630e-04
1.321572056250719710e-04
1.320971314154788332e-04
1.320370572058856412e-04
1.320556630507164998e-04
1.321529489499713547e-04
1.322502348492261826e-04
1.323475207484810375e-04
1.324448066477358925e-04
1.325420925469907474e-04
1.326393784462455753e-04
1.327366643455004302e-04
1.328339502447552852e-04
1.329312361440101401e-04
1.330285220432649680e-04
1.331258079425198229e-04
1.332230938417746779e-04
1.333203797410295328e-04
1.334176656402843606e-04
1.335149515395392156e-04
1.336122374387940705e-04
1.336443875670852599e-04
1.336765376953764494e-04
1.337086878236676659e-04
1.337408379519588553e-04
1.337729880802500447e-04
1.338051382085412341e-04
1.338372883368324235e-04
1.338694384651236400e-04
1.339015885934148294e-04
1.339337387217060188e-04
1.339658888499972082e-04
1.339980389782884247e-04
1.340301891065796142e-04
1.340623392348708036e-04
1.340944893631619930e-04
1.341266394914531824e-04
1.340680591437818227e-04
1.339187483201479138e-04
1.337694374965140050e-04
1.336201266728800690e-04
1.334708158492461602e-04
1.333215050256122513e-04
1.331721942019783425e-04
1.330228833783444066e-04
1.328735725547104977e-04
1.327242617310765889e-04
1.325749509074426529e-04
1.324256400838087441e-04
1.322763292601748352e-04
1.321270184365409264e-04
1.319777076129069904e-04
1.318283967892730816e-04
1.316790859656391728e-04
1.316546198788870546e-04
1.317549985290167541e-04
1.318553771791464537e-04
1.319557558292761262e-04
1.320561344794058257e-04
1.321565131295355253e-04
1.322568917796652249e-04
1.323572704297949244e-04
1.324576490799245969e-04
1.325580277300542965e-04
1.326584063801839960e-04
1.327587850303136956e-04
1.328591636804433952e-04
1.329595423305730947e-04
1.330599209807027672e-04
1.331602996308324668e-04
1.332606782809621663e-04
1.331732803029275639e-04
1.330858823248929615e-04
1.329984843468583590e-04
1.329110863688237566e-04
1.328236883907891271e-04
1.327362904127545246e-04
1.326488924347199222e-04
1.325614944566853198e-04
1.324740964786507173e-04
1.323866985006161149e-04
1.322993005225815125e-04
1.322119025445469100e-04
1.321245045665122805e-04
1.320371065884776780e-04
1.319497086104430756e-04
1.318623106324084732e-04
1.318356667854872174e-04
1.318697770696793082e-04
1.319038873538713990e-04
1.319379976380635170e-04
1.319721079222556078e-04
1.320062182064476986e-04
1.320403284906397894e-04
1.320744387748318802e-04
1.321085490590239711e-04
1.321426593432160890e-04
1.321767696274081798e-04
1.322108799116002706e-04
1.322449901957923615e-04
1.322791004799844523e-04
1.323132107641765702e-04
1.323473210483686610e-04
1.323814313325607519e-04
1.323946712818602645e-04
1.323870408962672261e-04
1.323794105106741606e-04
1.323717801250811222e-04
1.323641497394880567e-04
1.323565193538950183e-04
1.323488889683019528e-04
1.323412585827089144e-04
1.323336281971158488e-04
1.323259978115228104e-04
1.323183674259297720e-04
1.323107370403367065e-04
1.323031066547436681e-04
1.322954762691506026e-04
1.322878458835575642e-04
1.322802154979644987e-04
1.322725851123714603e-04
1.322554695878818310e-04
1.322288689244956108e-04
1.322022682611093906e-04
1.321756675977231975e-04
1.321490669343369773e-04
1.321224662709507842e-04
1.320958656075645640e-04
1.320692649441783438e-04
1.320426642807921507e-04
1.320160636174059305e-04
1.319894629540197374e-04
1.319628622906335173e-04
1.319362616272472971e-04
1.319096609638611040e-04
1.318830603004748838e-04
1.318564596370886907e-04
1.318298589737024705e-04
1.319405124269713934e-04
1.320511658802403434e-04
1.321618193335092663e-04
1.322724727867781891e-04
1.323831262400471391e-04
1.324937796933160620e-04
1.326044331465850120e-04
1.327150865998539349e-04
1.328257400531228578e-04
1.329363935063918077e-04
1.330470469596607306e-04
1.331577004129296535e-04
1.332683538661986035e-04
1.333790073194675264e-04
1.334896607727364493e-04
1.336003142260053993e-04
1.336554601989869571e-04
1.336550986916811500e-04
1.336547371843753700e-04
1.336543756770695629e-04
1.336540141697637558e-04
1.336536526624579487e-04
1.336532911551521687e-04
1.336529296478463616e-04
1.336525681405405545e-04
1.336522066332347474e-04
1.336518451259289403e-04
1.336514836186231603e-04
1.336511221113173531e-04
1.336507606040115460e-04
1.336503990967057389e-04
1.336500375893999589e-04
1.336496760820941518e-04
1.335456454559288541e-04
1.333379457109040386e-04
1.331302459658792231e-04
1.329225462208544347e-04
1.327148464758296192e-04
1.325071467308048037e-04
1.322994469857800154e-04
1.320917472407551999e-04
1.318840474957303844e-04
1.316763477507055960e-04
1.314686480056807805e-04
1.312609482606559650e-04
1.310532485156311767e-04
1.308455487706063612e-04
1.306378490255815457e-04
1.304301492805567573e-04
1.302224495355319418e-04
1.303026461753452195e-04
1.303828428151584972e-04
1.304630394549717478e-04
1.305432360947850255e-04
1.306234327345983032e-04
1.307036293744115809e-04
1.307838260142248586e-04
1.308640226540381364e-04
1.309442192938513870e-04
1.310244159336646647e-04
1.311046125734779424e-04
1.311848092132912201e-04
1.312650058531044978e-04
1.313452024929177484e-04
1.314253991327310261e-04
1.315055957725443038e-04
1.315413690321744135e-04
1.315327189116213824e-04
1.315240687910683242e-04
1.315154186705152931e-04
1.315067685499622348e-04
1.314981184294092037e-04
1.314894683088561455e-04
1.314808181883031144e-04
1.314721680677500833e-04
1.314635179471970250e-04
1.314548678266439939e-04
1.314462177060909357e-04
1.314375675855379046e-04
1.314289174649848463e-04
1.314202673444318152e-04
1.314116172238787570e-04
1.314029671033257259e-04
1.314315626458019068e-04
1.314974038513072997e-04
1.315632450568126927e-04
1.316290862623181127e-04
1.316949274678235057e-04
1.317607686733288986e-04
1.318266098788343187e-04
1.318924510843397116e-04
1.319582922898451046e-04
1.320241334953505246e-04
1.320899747008559175e-04
1.321558159063613376e-04
1.322216571118667305e-04
1.322874983173721235e-04
1.323533395228775435e-04
1.324191807283829365e-04
1.324850219338883294e-04
1.324979895567643048e-04
1.324580835970108085e-04
1.324181776372573393e-04
1.323782716775038701e-04
1.323383657177503738e-04
1.322984597579969046e-04
1.322585537982434354e-04
1.322186478384899391e-04
1.321787418787364699e-04
1.321388359189830007e-04
1.320989299592295043e-04
1.320590239994760351e-04
1.320191180397225388e-04
1.319792120799690696e-04
1.319393061202156004e-04
1.318994001604621041e-04
1.318594942007086349e-04
1.318540292412091872e-04
1.318485642817097665e-04
1.318430993222103188e-04
1.318376343627108982e-04
1.318321694032114505e-04
1.318267044437120027e-04
1.318212394842125821e-04
1.318157745247131344e-04
1.318103095652137138e-04
1.318048446057142661e-04
1.317993796462148183e-04
1.317939146867153977e-04
1.317884497272159500e-04
1.317829847677165294e-04
1.317775198082170817e-04
1.317720548487176339e-04
1.317929050999543637e-04
1.318400705619272438e-04
1.318872360239001511e-04
1.319344014858730312e-04
1.319815669478459114e-04
1.320287324098188186e-04
1.320758978717916988e-04
1.321230633337645789e-04
1.321702287957374862e-04
1.322173942577103663e-04
1.322645597196832465e-04
1.323117251816561266e-04
1.323588906436290338e-04
1.324060561056019140e-04
1.324532215675747941e-04
1.325003870295477014e-04
1.325475524915205815e-04
1.325853586511846298e-04
1.326138055085398192e-04
1.326422523658950085e-04
1.326706992232502250e-04
1.326991460806054143e-04
1.327275929379606036e-04
1.327560397953158201e-04
1.327844866526710094e-04
1.328129335100261988e-04
1.328413803673814152e-04
1.328698272247366046e-04
1.328982740820917939e-04
1.329267209394470104e-04
1.329551677968021997e-04
1.329836146541573891e-04
1.330120615115126055e-04
1.330405083688677948e-04
1.331022951930485674e-04
1.331640820172293670e-04
1.332258688414101396e-04
1.332876556655909392e-04
1.333494424897717118e-04
1.334112293139525114e-04
1.334730161381332840e-04
1.335348029623140836e-04
1.335965897864948562e-04
1.336583766106756558e-04
1.337201634348564284e-04
1.337819502590372280e-04
1.338437370832180006e-04
1.339055239073988002e-04
1.339673107315795728e-04
1.340290975557603724e-04
1.340356205981804163e-04
1.339868798588397586e-04
1.339381391194990737e-04
1.338893983801584160e-04
1.338406576408177312e-04
1.337919169014770734e-04
1.337431761621363886e-04
1.336944354227957309e-04
1.336456946834550731e-04
1.335969539441143883e-04
1.335482132047737306e-04
1.334994724654330457e-04
1.334507317260923880e-04
1.334019909867517032e-04
1.333532502474110454e-04
1.333045095080703606e-04
1.332557687687297029e-04
1.332267207330873216e-04
1.332173654011432711e-04
1.332080100691991934e-04
1.331986547372551429e-04
1.331892994053110652e-04
1.331799440733670147e-04
1.331705887414229370e-04
1.331612334094788865e-04
1.331518780775348089e-04
1.331425227455907583e-04
1.331331674136467078e-04
1.331238120817026301e-04
1.331144567497585796e-04
1.331051014178145019e-04
1.330957460858704514e-04
1.330863907539263737e-04
1.330770354219823232e-04
1.330236925598896622e-04
1.329263621676483908e-04
1.328290317754071464e-04
1.327317013831659021e-04
1.326343709909246307e-04
1.325370405986833863e-04
1.324397102064421420e-04
1.323423798142008706e-04
1.322450494219596262e-04
1.321477190297183819e-04
1.320503886374771105e-04
1.319530582452358661e-04
1.318557278529945947e-04
1.317583974607533504e-04
1.316610670685121060e-04
1.315637366762708346e-04
1.314664062840295903e-04
1.314501577846063679e-04
1.314339092851831727e-04
1.314176607857599503e-04
1.314014122863367551e-04
1.313851637869135327e-04
1.313689152874903375e-04
1.313526667880671151e-04
1.313364182886438928e-04
1.313201697892206975e-04
1.313039212897974752e-04
1.312876727903742799e-04
1.312714242909510576e-04
1.312551757915278623e-04
1.312389272921046400e-04
1.312226787926814176e-04
1.312064302932582224e-04
1.312274613849253105e-04
1.312857720676827091e-04
1.313440827504401076e-04
1.314023934331975062e-04
1.314607041159549048e-04
1.315190147987123034e-04
1.315773254814697020e-04
1.316356361642271005e-04
1.316939468469844991e-04
1.317522575297418977e-04
1.318105682124992963e-04
1.318688788952566949e-04
1.319271895780140934e-04
1.319855002607714920e-04
1.320438109435288906e-04
1.321021216262862892e-04
1.321604323090436878e-04
1.321991062031025994e-04
1.322181433084629971e-04
1.322371804138234219e-04
1.322562175191838196e-04
1.322752546245442443e-04
1.322942917299046420e-04
1.323133288352650668e-04
1.323323659406254644e-04
1.323514030459858621e-04
1.323704401513462869e-04
1.323894772567066845e-04
1.324085143620671093e-04
1.324275514674275070e-04
1.324465885727879317e-04
1.324656256781483294e-04
1.324846627835087542e-04
1.325036998888691519e-04
1.325155199793433161e-04
1.325201230549312469e-04
1.325247261305191506e-04
1.325293292061070815e-04
1.325339322816949852e-04
1.325385353572829160e-04
1.325431384328708197e-04
1.325477415084587505e-04
1.325523445840466543e-04
1.325569476596345851e-04
1.325615507352224888e-04
1.325661538108104196e-04
1.325707568863983233e-04
1.325753599619862542e-04
1.325799630375741579e-04
1.325845661131620887e-04
1.325891691887499924e-04
1.325112369022525137e-04
1.324333046157550621e-04
1.323553723292575834e-04
1.322774400427601318e-04
1.321995077562626532e-04
1.321215754697652016e-04
1.320436431832677229e-04
1.319657108967702713e-04
1.318877786102727926e-04
1.318098463237753410e-04
1.317319140372778623e-04
1.316539817507804107e-04
1.315760494642829320e-04
1.314981171777854804e-04
1.314201848912880017e-04
1.313422526047905502e-04
1.313318069472704179e-04
1.313888479187276591e-04
1.314458888901848732e-04
1.315029298616421144e-04
1.315599708330993285e-04
1.316170118045565697e-04
1.316740527760137838e-04
1.317310937474710250e-04
1.317881347189282391e-04
1.318451756903854532e-04
1.319022166618426944e-04
1.319592576332999086e-04
1.320162986047571498e-04
1.320733395762143639e-04
1.321303805476716051e-04
1.321874215191288192e-04
1.322444624905860604e-04
1.323205076660866931e-04
1.324155570456307717e-04
1.325106064251748230e-04
1.326056558047188744e-04
1.327007051842629529e-04
1.327957545638070043e-04
1.328908039433510557e-04
1.329858533228951342e-04
1.330809027024391856e-04
1.331759520819832370e-04
1.332710014615273155e-04
1.333660508410713669e-04
1.334611002206154454e-04
1.335561496001594968e-04
1.336511989797035482e-04
1.337462483592476267e-04
1.338412977387916781e-04
1.337881701810030521e-04
1.337350426232144260e-04
1.336819150654257999e-04
1.336287875076371738e-04
1.335756599498485477e-04
1.335225323920599216e-04
1.334694048342712955e-04
1.334162772764826694e-04
1.333631497186940163e-04
1.333100221609053902e-04
1.332568946031167641e-04
1.332037670453281380e-04
1.331506394875395119e-04
1.330975119297508858e-04
1.330443843719622597e-04
1.329912568141736336e-04
1.329517751309230382e-04
1.329259393222104462e-04
1.329001035134978542e-04
1.328742677047852622e-04
1.328484318960726973e-04
1.328225960873601053e-04
1.327967602786475133e-04
1.327709244699349213e-04
1.327450886612223293e-04
1.327192528525097644e-04
1.326934170437971724e-04
1.326675812350845804e-04
1.326417454263719884e-04
1.326159096176594235e-04
1.325900738089468315e-04
1.325642380002342395e-04
1.325384021915216475e-04
1.325509782236061729e-04
1.326019660964877886e-04
1.326529539693694043e-04
1.327039418422510471e-04
1.327549297151326628e-04
1.328059175880142784e-04
1.328569054608958941e-04
1.329078933337775098e-04
1.329588812066591526e-04
1.330098690795407683e-04
1.330608569524223839e-04
1.331118448253039996e-04
1.331628326981856153e-04
1.332138205710672310e-04
1.332648084439488738e-04
1.333157963168304894e-04
1.333667841897121051e-04
1.334204352735911844e-04
1.334767495684677002e-04
1.335330638633442160e-04
1.335893781582207318e-04
1.336456924530972747e-04
1.337020067479737905e-04
1.337583210428503063e-04
1.338146353377268492e-04
1.338709496326033650e-04
1.339272639274798808e-04
1.339835782223563966e-04
1.340398925172329395e-04
1.340962068121094553e-04
1.341525211069859711e-04
1.342088354018624869e-04
1.342651496967390298e-04
1.343214639916155456e-04
1.341972795294129521e-04
1.340730950672103586e-04
1.339489106050077650e-04
1.338247261428051715e-04
1.337005416806025780e-04
1.335763572183999574e-04
1.334521727561973638e-04
1.333279882939947703e-04
1.332038038317921768e-04
1.330796193695895832e-04
1.329554349073869897e-04
1.328312504451843962e-04
1.327070659829818026e-04
1.325828815207792091e-04
1.324586970585766156e-04
1.323345125963740221e-04
1.323010900592588846e-04
1.323584294472312302e-04
1.324157688352035759e-04
1.324731082231758944e-04
1.325304476111482401e-04
1.325877869991205858e-04
1.326451263870929314e-04
1.327024657750652771e-04
1.327598051630376227e-04
1.328171445510099413e-04
1.328744839389822869e-04
1.329318233269546326e-04
1.329891627149269783e-04
1.330465021028993239e-04
1.331038414908716425e-04
1.331611808788439881e-04
1.332185202668163338e-04
1.332599889969670779e-04
1.332855870692962476e-04
1.333111851416254174e-04
1.333367832139545871e-04
1.333623812862837568e-04
1.333879793586129265e-04
1.334135774309420962e-04
1.334391755032712660e-04
1.334647735756004357e-04
1.334903716479296054e-04
1.335159697202587751e-04
1.335415677925879448e-04
1.335671658649171146e-04
1.335927639372462843e-04
1.336183620095754540e-04
1.336439600819046237e-04
1.336695581542337934e-04
1.336479910701704325e-04
1.336264239861070715e-04
1.336048569020436834e-04
1.335832898179803224e-04
1.335617227339169614e-04
1.335401556498536004e-04
1.335185885657902123e-04
1.334970214817268513e-04
1.334754543976634903e-04
1.334538873136001294e-04
1.334323202295367413e-04
1.334107531454733803e-04
1.333891860614100193e-04
1.333676189773466583e-04
1.333460518932832702e-04
1.333244848092199092e-04
1.333254229121179791e-04
1.333488662019774798e-04
1.333723094918369805e-04
1.333957527816964812e-04
1.334191960715559819e-04
1.334426393614154827e-04
1.334660826512749834e-04
1.334895259411344841e-04
1.335129692309939848e-04
1.335364125208534855e-04
1.335598558107129862e-04
1.335832991005724869e-04
1.336067423904319876e-04
1.336301856802914884e-04
1.336536289701509891e-04
1.336770722600104898e-04
1.337005155498699905e-04
1.337277906387430494e-04
1.337588975266296664e-04
1.337900044145162834e-04
1.338211113024029004e-04
1.338522181902895175e-04
1.338833250781761345e-04
1.339144319660627515e-04
1.339455388539493685e-04
1.339766457418359855e-04
1.340077526297225755e-04
1.340388595176091925e-04
1.340699664054958095e-04
1.341010732933824265e-04
1.341321801812690436e-04
1.341632870691556606e-04
1.341943939570422776e-04
1.342255008449288946e-04
1.342047512499468720e-04
1.341321451720962367e-04
1.340595390942455744e-04
1.339869330163949391e-04
1.339143269385442768e-04
1.338417208606936415e-04
1.337691147828430063e-04
1.336965087049923439e-04
1.336239026271417087e-04
1.335512965492910464e-04
1.334786904714404111e-04
1.334060843935897488e-04
1.333334783157391135e-04
1.332608722378884512e-04
1.331882661600378159e-04
1.331156600821871536e-04
1.330430540043365183e-04
1.330186586763282893e-04
1.329942633483200602e-04
1.329698680203118583e-04
1.329454726923036292e-04
1.329210773642954002e-04
1.328966820362871711e-04
1.328722867082789692e-04
1.328478913802707401e-04
1.328234960522625110e-04
1.327991007242542820e-04
1.327747053962460800e-04
1.327503100682378510e-04
1.327259147402296219e-04
1.327015194122213929e-04
1.326771240842131909e-04
1.326527287562049618e-04
1.326453976120228436e-04
1.326551306516668633e-04
1.326648636913108829e-04
1.326745967309549026e-04
1.326843297705989223e-04
1.326940628102429420e-04
1.327037958498869616e-04
1.327135288895309813e-04
1.327232619291750010e-04
1.327329949688190206e-04
1.327427280084630403e-04
1.327524610481070600e-04
1.327621940877510797e-04
1.327719271273950993e-04
1.327816601670391190e-04
1.327913932066831387e-04
1.328011262463271583e-04
1.328273095628893679e-04
1.328699431563697944e-04
1.329125767498502209e-04
1.329552103433306474e-04
1.329978439368110740e-04
1.330404775302915005e-04
1.330831111237719270e-04
1.331257447172523535e-04
1.331683783107327800e-04
1.332110119042132065e-04
1.332536454976936330e-04
1.332962790911740596e-04
1.333389126846544861e-04
1.333815462781349126e-04
1.334241798716153391e-04
1.334668134650957656e-04
1.335094470585761921e-04
1.333972938161012201e-04
1.332851405736262753e-04
1.331729873311513033e-04
1.330608340886763584e-04
1.329486808462013864e-04
1.328365276037264144e-04
1.327243743612514695e-04
1.326122211187764975e-04
1.325000678763015526e-04
1.323879146338265806e-04
1.322757613913516086e-04
1.321636081488766637e-04
1.320514549064016917e-04
1.319393016639267468e-04
1.318271484214517749e-04
1.317149951789768029e-04
1.316620859905642523e-04
1.316684208562140688e-04
1.316747557218639125e-04
1.316810905875137562e-04
1.316874254531635727e-04
1.316937603188134164e-04
1.317000951844632330e-04
1.317064300501130767e-04
1.317127649157629203e-04
1.317190997814127369e-04
1.317254346470625806e-04
1.317317695127123971e-04
1.317381043783622408e-04
1.317444392440120574e-04
1.317507741096619011e-04
1.317571089753117447e-04
1.317634438409615613e-04
1.317681597060666658e-04
1.317712565706270040e-04
1.317743534351873693e-04
1.317774502997477075e-04
1.317805471643080728e-04
1.317836440288684110e-04
1.317867408934287764e-04
1.317898377579891146e-04
1.317929346225494799e-04
1.317960314871098452e-04
1.317991283516701834e-04
1.318022252162305487e-04
1.318053220807908869e-04
1.318084189453512522e-04
1.318115158099115905e-04
1.318146126744719558e-04
1.318177095390322940e-04
1.318383375251172649e-04
1.318764966327268143e-04
1.319146557403363636e-04
1.319528148479459401e-04
1.319909739555554895e-04
1.320291330631650389e-04
1.320672921707746153e-04
1.321054512783841647e-04
1.321436103859937141e-04
1.321817694936032906e-04
1.322199286012128400e-04
1.322580877088223893e-04
1.322962468164319658e-04
1.323344059240415152e-04
1.323725650316510646e-04
1.324107241392606410e-04
1.324488832468701904e-04
1.324360836283321413e-04
1.324232840097940922e-04
1.324104843912560702e-04
1.323976847727180212e-04
1.323848851541799721e-04
1.323720855356419230e-04
1.323592859171038739e-04
1.323464862985658519e-04
1.323336866800278028e-04
1.323208870614897537e-04
1.323080874429517046e-04
1.322952878244136826e-04
1.322824882058756335e-04
1.322696885873375844e-04
1.322568889687995354e-04
1.322440893502614863e-04
1.322438407731767076e-04
1.322561432375451453e-04
1.322684457019135829e-04
1.322807481662820206e-04
1.322930506306504582e-04
1.323053530950188959e-04
1.323176555593873606e-04
1.323299580237557982e-04
1.323422604881242359e-04
1.323545629524926735e-04
1.323668654168611112e-04
1.323791678812295759e-04
1.323914703455980136e-04
1.324037728099664512e-04
1.324160752743348888e-04
1.324283777387033265e-04
1.324406802030717641e-04
1.324306958106776888e-04
1.323984245615211005e-04
1.323661533123645121e-04
1.323338820632078967e-04
1.323016108140513084e-04
1.322693395648946930e-04
1.322370683157381046e-04
1.322047970665815163e-04
1.321725258174249009e-04
1.321402545682683126e-04
1.321079833191116971e-04
1.320757120699551088e-04
1.320434408207985205e-04
1.320111695716419051e-04
1.319788983224853168e-04
1.319466270733287013e-04
1.319143558241721130e-04
1.319340960297242125e-04
1.319538362352762849e-04
1.319735764408283844e-04
1.319933166463804568e-04
1.320130568519325563e-04
1.320327970574846287e-04
1.320525372630367282e-04
1.320722774685888007e-04
1.320920176741409002e-04
1.321117578796929726e-04
1.321314980852450721e-04
1.321512382907971445e-04
1.321709784963492440e-04
1.321907187019013164e-04
1.322104589074534159e-04
1.322301991130054883e-04
1.322235716580574772e-04
1.321905765426093285e-04
1.321575814271611798e-04
1.321245863117130582e-04
1.320915911962649094e-04
1.320585960808167607e-04
1.320256009653686120e-04
1.319926058499204904e-04
1.319596107344723416e-04
1.319266156190241929e-04
1.318936205035760713e-04
1.318606253881279226e-04
1.318276302726797738e-04
1.317946351572316251e-04
1.317616400417835035e-04
1.317286449263353548e-04
1.316956498108872060e-04
1.316364989532756938e-04
1.315511923535007911e-04
1.314658857537258883e-04
1.313805791539509856e-04
1.312952725541760828e-04
1.312099659544011801e-04
1.311246593546262773e-04
1.310393527548513746e-04
1.309540461550764718e-04
1.308687395553015690e-04
1.307834329555266663e-04
1.306981263557517635e-04
1.306128197559768608e-04
1.305275131562019580e-04
1.304422065564270553e-04
1.303568999566521525e-04
1.302715933568772497e-04
1.302732048727585736e-04
1.303617345042961241e-04
1.304502641358336746e-04
1.305387937673712522e-04
1.306273233989088027e-04
1.307158530304463532e-04
1.308043826619839037e-04
1.308929122935214543e-04
1.309814419250590319e-04
1.310699715565965824e-04
1.311585011881341329e-04
1.312470308196716834e-04
1.313355604512092339e-04
1.314240900827467844e-04
1.315126197142843620e-04
1.316011493458219125e-04
1.316896789773594630e-04
1.316576077834103549e-04
1.316255365894612739e-04
1.315934653955121657e-04
1.315613942015630576e-04
1.315293230076139766e-04
1.314972518136648684e-04
1.314651806197157603e-04
1.314331094257666793e-04
1.314010382318175712e-04
1.313689670378684630e-04
1.313368958439193820e-04
1.313048246499702739e-04
1.312727534560211658e-04
1.312406822620720847e-04
1.312086110681229766e-04
1.311765398741738685e-04
1.311836460962533424e-04
1.312299297343613984e-04
1.312762133724694274e-04
1.313224970105774834e-04
1.313687806486855123e-04
1.314150642867935683e-04
1.314613479249015972e-04
1.315076315630096533e-04
1.315539152011177093e-04
1.316001988392257382e-04
1.316464824773337942e-04
1.316927661154418232e-04
1.317390497535498792e-04
1.317853333916579081e-04
1.318316170297659641e-04
1.318779006678739930e-04
1.319241843059820491e-04
1.319380286559525121e-04
1.319194337177853821e-04
1.319008387796182793e-04
1.318822438414511764e-04
1.318636489032840465e-04
1.318450539651169436e-04
1.318264590269498137e-04
1.318078640887827108e-04
1.317892691506155809e-04
1.317706742124484780e-04
1.317520792742813752e-04
1.317334843361142452e-04
1.317148893979471424e-04
1.316962944597800124e-04
1.316776995216129096e-04
1.316591045834458067e-04
1.316405096452786768e-04
1.315928934562190394e-04
1.315162560162668945e-04
1.314396185763147225e-04
1.313629811363625777e-04
1.312863436964104057e-04
1.312097062564582608e-04
1.311330688165060889e-04
1.310564313765539440e-04
1.309797939366017720e-04
1.309031564966496271e-04
1.308265190566974552e-04
1.307498816167453103e-04
1.306732441767931383e-04
1.305966067368409934e-04
1.305199692968888215e-04
1.304433318569366766e-04
1.303666944169845046e-04
1.304181657444720857e-04
1.304696370719596668e-04
1.305211083994472479e-04
1.305725797269348290e-04
1.306240510544224101e-04
1.306755223819099912e-04
1.307269937093975723e-04
1.307784650368851533e-04
1.308299363643727344e-04
1.308814076918603155e-04
1.309328790193478966e-04
1.309843503468354777e-04
1.310358216743230588e-04
1.310872930018106399e-04
1.311387643292982210e-04
1.311902356567858021e-04
1.311963924014725169e-04
1.311572345633582842e-04
1.311180767252441057e-04
1.310789188871298730e-04
1.310397610490156945e-04
1.310006032109014618e-04
1.309614453727872834e-04
1.309222875346730507e-04
1.308831296965588722e-04
1.308439718584446395e-04
1.308048140203304610e-04
1.307656561822162283e-04
1.307264983441020498e-04
1.306873405059878171e-04
1.306481826678736386e-04
1.306090248297594059e-04
1.305698669916452274e-04
1.305806831724412663e-04
1.306414733721475495e-04
1.307022635718538598e-04
1.307630537715601430e-04
1.308238439712664533e-04
1.308846341709727365e-04
1.309454243706790469e-04
1.310062145703853301e-04
1.310670047700916404e-04
1.311277949697979236e-04
1.311885851695042339e-04
1.312493753692105171e-04
1.313101655689168275e-04
1.313709557686231107e-04
1.314317459683294210e-04
1.314925361680357042e-04
1.315533263677420145e-04
1.315243576236044189e-04
1.314953888794668504e-04
1.314664201353292548e-04
1.314374513911916863e-04
1.314084826470540907e-04
1.313795139029165222e-04
1.313505451587789266e-04
1.313215764146413581e-04
1.312926076705037625e-04
1.312636389263661940e-04
1.312346701822285984e-04
1.312057014380910299e-04
1.311767326939534343e-04
1.311477639498158658e-04
1.311187952056782702e-04
1.310898264615407017e-04
1.310900959582102839e-04
1.311196036956870168e-04
1.311491114331637768e-04
1.311786191706405097e-04
1.312081269081172698e-04
1.312376346455940027e-04
1.312671423830707627e-04
1.312966501205474956e-04
1.313261578580242556e-04
1.313556655955009885e-04
1.313851733329777214e-04
1.314146810704544814e-04
1.314441888079312143e-04
1.314736965454079743e-04
1.315032042828847073e-04
1.315327120203614673e-04
1.315622197578382002e-04
1.315909288587480065e-04
1.316188393230908321e-04
1.316467497874336849e-04
1.316746602517765376e-04
1.317025707161193632e-04
1.317304811804622159e-04
1.317583916448050415e-04
1.317863021091478942e-04
1.318142125734907198e-04
1.318421230378335725e-04
1.318700335021764252e-04
1.318979439665192508e-04
1.319258544308621035e-04
1.319537648952049291e-04
1.319816753595477819e-04
1.320095858238906346e-04
1.320374962882334602e-04
1.320599909787426593e-04
1.320770698954182320e-04
1.320941488120938047e-04
1.321112277287693774e-04
1.321283066454449501e-04
1.321453855621204957e-04
1.321624644787960684e-04
1.321795433954716411e-04
1.321966223121472139e-04
1.322137012288227594e-04
1.322307801454983322e-04
1.322478590621739049e-04
1.322649379788494776e-04
1.322820168955250503e-04
1.322990958122005959e-04
1.323161747288761686e-04
1.323332536455517413e-04
1.323244487450208132e-04
1.323156438444898851e-04
1.323068389439589841e-04
1.322980340434280560e-04
1.322892291428971279e-04
1.322804242423661998e-04
1.322716193418352717e-04
1.322628144413043707e-04
1.322540095407734426e-04
1.322452046402425145e-04
1.322363997397115864e-04
1.322275948391806854e-04
1.322187899386497573e-04
1.322099850381188292e-04
1.322011801375879011e-04
1.321923752370569730e-04
1.321600070697876079e-04
1.321040756357797787e-04
1.320481442017719495e-04
1.319922127677641203e-04
1.319362813337562911e-04
1.318803498997484619e-04
1.318244184657406328e-04
1.317684870317328036e-04
1.317125555977249744e-04
1.316566241637171723e-04
1.316006927297093431e-04
1.315447612957015139e-04
1.314888298616936847e-04
1.314328984276858555e-04
1.313769669936780263e-04
1.313210355596701971e-04
1.312651041256623680e-04
1.312238657089711169e-04
1.311973203095964441e-04
1.311707749102217712e-04
1.311442295108470983e-04
1.311176841114723983e-04
1.310911387120977255e-04
1.310645933127230526e-04
1.310380479133483797e-04
1.310115025139737069e-04
1.309849571145990340e-04
1.309584117152243611e-04
1.309318663158496882e-04
1.309053209164749883e-04
1.308787755171003154e-04
1.308522301177256425e-04
1.308256847183509697e-04
1.307991393189762968e-04
1.308213184979927228e-04
1.308434976770091488e-04
1.308656768560255749e-04
1.308878560350420009e-04
1.309100352140584269e-04
1.309322143930748529e-04
1.309543935720912790e-04
1.309765727511077050e-04
1.309987519301241581e-04
1.310209311091405841e-04
1.310431102881570102e-04
1.310652894671734362e-04
1.310874686461898622e-04
1.311096478252062882e-04
1.311318270042227143e-04
1.311540061832391403e-04
1.312157132050704512e-04
1.313169480697166469e-04
1.314181829343628427e-04
1.315194177990090113e-04
1.316206526636552071e-04
1.317218875283014028e-04
1.318231223929475985e-04
1.319243572575937943e-04
1.320255921222399900e-04
1.321268269868861587e-04
1.322280618515323544e-04
1.323292967161785502e-04
1.324305315808247459e-04
1.325317664454709417e-04
1.326330013101171103e-04
1.327342361747633061e-04
1.328354710394095018e-04
1.328481481295352214e-04
1.327722674451404649e-04
1.326963867607457083e-04
1.326205060763509518e-04
1.325446253919561953e-04
1.324687447075614387e-04
1.323928640231666822e-04
1.323169833387719257e-04
1.322411026543771962e-04
1.321652219699824397e-04
1.320893412855876831e-04
1.320134606011929266e-04
1.319375799167981701e-04
1.318616992324034135e-04
1.317858185480086570e-04
1.317099378636139005e-04
1.316340571792191439e-04
1.315988477991510554e-04
1.316043097234096077e-04
1.316097716476681600e-04
1.316152335719267122e-04
1.316206954961852916e-04
1.316261574204438439e-04
1.316316193447023962e-04
1.316370812689609756e-04
1.316425431932195279e-04
1.316480051174780802e-04
1.316534670417366325e-04
1.316589289659952119e-04
1.316643908902537642e-04
1.316698528145123165e-04
1.316753147387708688e-04
1.316807766630294482e-04
1.316862385872880005e-04
1.316362289531567244e-04
1.315862193190254483e-04
1.315362096848941723e-04
1.314862000507628962e-04
1.314361904166316201e-04
1.313861807825003440e-04
1.313361711483690679e-04
1.312861615142377919e-04
1.312361518801065158e-04
1.311861422459752397e-04
1.311361326118439636e-04
1.310861229777126875e-04
1.310361133435814114e-04
1.309861037094501354e-04
1.309360940753188593e-04
1.308860844411875832e-04
1.308846078605784165e-04
1.309316643334913592e-04
1.309787208064043019e-04
1.310257772793172446e-04
1.310728337522301602e-04
1.311198902251431030e-04
1.311669466980560457e-04
1.312140031709689884e-04
1.312610596438819311e-04
1.313081161167948467e-04
1.313551725897077894e-04
1.314022290626207321e-04
1.314492855355336748e-04
1.314963420084465904e-04
1.315433984813595331e-04
1.315904549542724759e-04
1.316375114271854186e-04
1.316092688593809999e-04
1.315057272508592470e-04
1.314021856423374941e-04
1.312986440338157683e-04
1.311951024252940154e-04
1.310915608167722624e-04
1.309880192082505095e-04
1.308844775997287566e-04
1.307809359912070308e-04
1.306773943826852779e-04
1.305738527741635250e-04
1.304703111656417721e-04
1.303667695571200191e-04
1.302632279485982662e-04
1.301596863400765404e-04
1.300561447315547875e-04
1.299526031230330346e-04
1.300412672029410449e-04
1.301299312828490553e-04
1.302185953627570656e-04
1.303072594426650760e-04
1.303959235225730863e-04
1.304845876024810967e-04
1.305732516823891070e-04
1.306619157622971174e-04
1.307505798422051548e-04
1.308392439221131652e-04
1.309279080020211755e-04
1.310165720819291859e-04
1.311052361618371962e-04
1.311939002417452065e-04
1.312825643216532169e-04
1.313712284015612272e-04
1.314361068020441169e-04
1.314771995231018588e-04
1.315182922441596278e-04
1.315593849652173968e-04
1.316004776862751387e-04
1.316415704073329077e-04
1.316826631283906767e-04
1.317237558494484186e-04
1.317648485705061876e-04
1.318059412915639566e-04
1.318470340126216985e-04
1.318881267336794675e-04
1.319292194547372365e-04
1.319703121757949784e-04
1.320114048968527474e-04
1.320524976179105164e-04
1.320935903389682583e-04
1.321296221878891632e-04
1.321605931646732039e-04
1.321915641414572176e-04
1.322225351182412583e-04
1.322535060950252991e-04
1.322844770718093128e-04
1.323154480485933535e-04
1.323464190253773943e-04
1.323773900021614079e-04
1.324083609789454487e-04
1.324393319557294895e-04
1.324703029325135302e-04
1.325012739092975439e-04
1.325322448860815846e-04
1.325632158628656254e-04
1.325941868396496390e-04
1.326251578164336798e-04
1.326243282382979203e-04
1.325916981052423877e-04
1.325590679721868552e-04
1.325264378391312955e-04
1.324938077060757629e-04
1.324611775730202303e-04
1.324285474399646706e-04
1.323959173069091380e-04
1.323632871738536054e-04
1.323306570407980457e-04
1.322980269077425131e-04
1.322653967746869805e-04
1.322327666416314208e-04
1.322001365085758882e-04
1.321675063755203556e-04
1.321348762424647959e-04
1.321022461094092633e-04
1.320918737707464641e-04
1.320815014320836649e-04
1.320711290934208657e-04
1.320607567547580664e-04
1.320503844160952672e-04
1.320400120774324951e-04
1.320296397387696959e-04
1.320192674001068967e-04
1.320088950614440974e-04
1.319985227227812982e-04
1.319881503841184990e-04
1.319777780454556998e-04
1.319674057067929005e-04
1.319570333681301013e-04
1.319466610294673021e-04
1.319362886908045029e-04
1.319175960370706422e-04
1.318905830682657199e-04
1.318635700994607706e-04
1.318365571306558484e-04
1.318095441618508991e-04
1.317825311930459768e-04
1.317555182242410275e-04
1.317285052554361053e-04
1.317014922866311831e-04
1.316744793178262337e-04
1.316474663490213115e-04
1.316204533802163622e-04
1.315934404114114400e-04
1.315664274426064906e-04
1.315394144738015684e-04
1.315124015049966191e-04
1.314853885361916969e-04
1.314718710277579250e-04
1.314718489796953577e-04
1.314718269316327904e-04
1.314718048835702231e-04
1.314717828355076558e-04
1.314717607874450885e-04
1.314717387393825212e-04
1.314717166913199539e-04
1.314716946432573867e-04
1.314716725951947923e-04
1.314716505471322250e-04
1.314716284990696577e-04
1.314716064510070904e-04
1.314715844029445231e-04
1.314715623548819558e-04
1.314715403068193885e-04
1.314715182587568212e-04
1.314647648576108949e-04
1.314512801033816637e-04
1.314377953491524325e-04
1.314243105949232013e-04
1.314108258406939431e-04
1.313973410864647119e-04
1.313838563322354807e-04
1.313703715780062224e-04
1.313568868237769912e-04
1.313434020695477601e-04
1.313299173153185289e-04
1.313164325610892706e-04
1.313029478068600394e-04
1.312894630526308083e-04
1.312759782984015771e-04
1.312624935441723188e-04
1.312490087899430876e-04
1.312551310689712852e-04
1.312612533479995099e-04
1.312673756270277075e-04
1.312734979060559051e-04
1.312796201850841297e-04
1.312857424641123273e-04
1.312918647431405520e-04
1.312979870221687496e-04
1.313041093011969472e-04
1.313102315802251719e-04
1.313163538592533694e-04
1.313224761382815670e-04
1.313285984173097917e-04
1.313347206963379893e-04
1.313408429753661869e-04
1.313469652543944116e-04
1.313474305515718269e-04
1.313422388668984871e-04
1.313370471822251201e-04
1.313318554975517803e-04
1.313266638128784134e-04
1.313214721282050736e-04
1.313162804435317067e-04
1.313110887588583668e-04
1.313058970741850270e-04
1.313007053895116601e-04
1.312955137048383203e-04
1.312903220201649534e-04
1.312851303354916135e-04
1.312799386508182466e-04
1.312747469661449068e-04
1.312695552814715399e-04
1.312643635967982001e-04
1.312658213772468010e-04
1.312739286228173971e-04
1.312820358683879660e-04
1.312901431139585349e-04
1.312982503595291309e-04
1.313063576050996998e-04
1.313144648506702687e-04
1.313225720962408647e-04
1.313306793418114336e-04
1.313387865873820025e-04
1.313468938329525985e-04
1.313550010785231674e-04
1.313631083240937635e-04
1.313712155696643324e-04
1.313793228152349013e-04
1.313874300608054973e-04
1.313955373063760662e-04
1.314014263709006739e-04
1.314073154354252816e-04
1.314132044999498893e-04
1.314190935644744969e-04
1.314249826289991317e-04
1.314308716935237394e-04
1.314367607580483471e-04
1.314426498225729548e-04
1.314485388870975625e-04
1.314544279516221702e-04
1.314603170161467779e-04
1.314662060806713855e-04
1.314720951451960203e-04
1.314779842097206280e-04
1.314838732742452357e-04
1.314897623387698434e-04
1.315136271018391113e-04
1.315554675634530665e-04
1.315973080250670217e-04
1.316391484866809769e-04
1.316809889482949321e-04
1.317228294099088873e-04
1.317646698715228425e-04
1.318065103331367977e-04
1.318483507947507528e-04
1.318901912563647080e-04
1.319320317179786632e-04
1.319738721795926184e-04
1.320157126412065736e-04
1.320575531028205288e-04
1.320993935644344840e-04
1.321412340260484392e-04
1.321830744876623944e-04
1.322222154056730981e-04
1.322586567800806316e-04
1.322950981544881110e-04
1.323315395288956445e-04
1.323679809033031238e-04
1.324044222777106573e-04
1.324408636521181367e-04
1.324773050265256702e-04
1.325137464009331495e-04
1.325501877753406830e-04
1.325866291497481623e-04
1.326230705241556959e-04
1.326595118985631752e-04
1.326959532729707087e-04
1.327323946473781880e-04
1.327688360217857215e-04
1.328052773961932009e-04
1.327780019983811240e-04
1.326870098283494637e-04
1.325960176583177764e-04
1.325050254882861162e-04
1.324140333182544289e-04
1.323230411482227687e-04
1.322320489781911084e-04
1.321410568081594211e-04
1.320500646381277609e-04
1.319590724680960736e-04
1.318680802980644134e-04
1.317770881280327260e-04
1.316860959580010658e-04
1.315951037879693785e-04
1.315041116179377183e-04
1.314131194479060310e-04
1.313221272778743707e-04
1.312882773111843178e-04
1.312544273444942377e-04
1.312205773778041848e-04
1.311867274111141318e-04
1.311528774444240518e-04
1.311190274777339988e-04
1.310851775110439459e-04
1.310513275443538929e-04
1.310174775776638129e-04
1.309836276109737599e-04
1.309497776442837070e-04
1.309159276775936269e-04
1.308820777109035740e-04
1.308482277442135210e-04
1.308143777775234409e-04
1.307805278108333880e-04
1.308056205215732577e-04
1.308896559097430501e-04
1.309736912979128426e-04
1.310577266860826350e-04
1.311417620742524274e-04
1.312257974624222198e-04
1.313098328505920122e-04
1.313938682387618046e-04
1.314779036269315970e-04
1.315619390151014166e-04
1.316459744032712090e-04
1.317300097914410014e-04
1.318140451796107938e-04
1.318980805677805862e-04
1.319821159559503786e-04
1.320661513441201711e-04
1.321501867322899635e-04
1.321924832619344819e-04
1.321930409330537262e-04
1.321935986041729706e-04
1.321941562752922150e-04
1.321947139464114593e-04
1.321952716175307037e-04
1.321958292886499481e-04
1.321963869597691924e-04
1.321969446308884639e-04
1.321975023020077083e-04
1.321980599731269526e-04
1.321986176442461970e-04
1.321991753153654414e-04
1.321997329864846857e-04
1.322002906576039301e-04
1.322008483287231745e-04
1.322014059998424188e-04
1.321831943496020768e-04
1.321649826993617348e-04
1.321467710491213928e-04
1.321285593988810779e-04
1.321103477486407359e-04
1.320921360984003939e-04
1.320739244481600519e-04
1.320557127979197099e-04
1.320375011476793679e-04
1.320192894974390530e-04
1.320010778471987110e-04
1.319828661969583690e-04
1.319646545467180270e-04
1.319464428964776850e-04
1.319282312462373430e-04
1.319100195959970010e-04
1.318853474492485869e-04
1.318542148059920465e-04
1.318230821627355061e-04
1.317919495194789928e-04
1.317608168762224525e-04
1.317296842329659121e-04
1.316985515897093717e-04
1.316674189464528584e-04
1.316362863031963180e-04
1.316051536599397776e-04
1.315740210166832643e-04
1.315428883734267240e-04
1.315117557301701836e-04
1.314806230869136432e-04
1.314494904436571299e-04
1.314183578004005895e-04
1.313872251571440491e-04
1.313791251667497306e-04
1.313940578292176068e-04
1.314089904916854830e-04
1.314239231541533862e-04
1.314388558166212624e-04
1.314537884790891386e-04
1.314687211415570148e-04
1.314836538040248910e-04
1.314985864664927943e-04
1.315135191289606704e-04
1.315284517914285466e-04
1.315433844538964228e-04
1.315583171163642990e-04
1.315732497788321752e-04
1.315881824413000784e-04
1.316031151037679546e-04
1.316180477662358308e-04
1.316234833563480666e-04
1.316194218741046349e-04
1.316153603918612303e-04
1.316112989096177987e-04
1.316072374273743941e-04
1.316031759451309624e-04
1.315991144628875307e-04
1.315950529806441261e-04
1.315909914984006945e-04
1.315869300161572899e-04
1.315828685339138582e-04
1.315788070516704536e-04
1.315747455694270219e-04
1.315706840871836173e-04
1.315666226049401857e-04
1.315625611226967811e-04
1.315584996404533494e-04
1.315638884108532528e-04
1.315692771812531834e-04
1.315746659516530868e-04
1.315800547220529902e-04
1.315854434924529207e-04
1.315908322628528242e-04
1.315962210332527276e-04
1.316016098036526310e-04
1.316069985740525616e-04
1.316123873444524650e-04
1.316177761148523684e-04
1.316231648852522989e-04
1.316285536556522024e-04
1.316339424260521058e-04
1.316393311964520363e-04
1.316447199668519398e-04
1.316425762561761702e-04
1.316329000644247006e-04
1.316232238726732580e-04
1.316135476809218155e-04
1.316038714891703458e-04
1.315941952974189033e-04
1.315845191056674336e-04
1.315748429139159911e-04
1.315651667221645485e-04
1.315554905304130789e-04
1.315458143386616363e-04
1.315361381469101667e-04
1.315264619551587241e-04
1.315167857634072545e-04
1.315071095716558120e-04
1.314974333799043694e-04
1.314877571881528998e-04
1.315017857932723700e-04
1.315395191952627803e-04
1.315772525972531634e-04
1.316149859992435736e-04
1.316527194012339567e-04
1.316904528032243670e-04
1.317281862052147501e-04
1.317659196072051603e-04
1.318036530091955434e-04
1.318413864111859536e-04
1.318791198131763368e-04
1.319168532151667470e-04
1.319545866171571301e-04
1.319923200191475403e-04
1.320300534211379234e-04
1.320677868231283337e-04
1.321055202251187168e-04
1.320866479406536680e-04
1.320677756561886192e-04
1.320489033717235975e-04
1.320300310872585486e-04
1.320111588027934998e-04
1.319922865183284510e-04
1.319734142338634022e-04
1.319545419493983534e-04
1.319356696649333317e-04
1.319167973804682829e-04
1.318979250960032341e-04
1.318790528115381853e-04
1.318601805270731364e-04
1.318413082426081147e-04
1.318224359581430659e-04
1.318035636736780171e-04
1.317724528383175961e-04
1.317291034520618029e-04
1.316857540658059825e-04
1.316424046795501893e-04
1.315990552932943961e-04
1.315557059070385758e-04
1.315123565207827825e-04
1.314690071345269893e-04
1.314256577482711690e-04
1.313823083620153757e-04
1.313389589757595825e-04
1.312956095895037893e-04
1.312522602032479690e-04
1.312089108169921757e-04
1.311655614307363825e-04
1.311222120444805622e-04
1.310788626582247689e-04
1.310934431781847563e-04
1.311659536043605512e-04
1.312384640305363462e-04
1.313109744567121412e-04
1.313834848828879362e-04
1.314559953090637312e-04
1.315285057352395261e-04
1.316010161614153211e-04
1.316735265875910890e-04
1.317460370137668840e-04
1.318185474399426790e-04
1.318910578661184739e-04
1.319635682922942689e-04
1.320360787184700639e-04
1.321085891446458589e-04
1.321810995708216539e-04
1.322536099969974488e-04
1.322859220960049371e-04
1.322780358678441186e-04
1.322701496396833272e-04
1.322622634115225358e-04
1.322543771833617173e-04
1.322464909552009259e-04
1.322386047270401345e-04
1.322307184988793160e-04
1.322228322707185246e-04
1.322149460425577332e-04
1.322070598143969147e-04
1.321991735862361233e-04
1.321912873580753049e-04
1.321834011299145135e-04
1.321755149017537221e-04
1.321676286735929036e-04
1.321597424454321122e-04
1.321463665030531988e-04
1.321329905606742855e-04
1.321196146182953722e-04
1.321062386759164588e-04
1.320928627335375455e-04
1.320794867911586051e-04
1.320661108487796917e-04
1.320527349064007784e-04
1.320393589640218651e-04
1.320259830216429517e-04
1.320126070792640384e-04
1.319992311368851251e-04
1.319858551945062117e-04
1.319724792521272984e-04
1.319591033097483850e-04
1.319457273673694717e-04
1.319292404805723622e-04
1.319096426493571107e-04
1.318900448181418593e-04
1.318704469869266078e-04
1.318508491557113292e-04
1.318312513244960778e-04
1.318116534932808263e-04
1.317920556620655749e-04
1.317724578308503234e-04
1.317528599996350448e-04
1.317332621684197934e-04
1.317136643372045419e-04
1.316940665059892904e-04
1.316744686747740119e-04
1.316548708435587604e-04
1.316352730123435089e-04
1.316156751811282575e-04
1.316034332373477371e-04
1.315985471810020020e-04
1.315936611246562398e-04
1.315887750683104776e-04
1.315838890119647425e-04
1.315790029556189802e-04
1.315741168992732180e-04
1.315692308429274829e-04
1.315643447865817207e-04
1.315594587302359585e-04
1.315545726738902234e-04
1.315496866175444612e-04
1.315448005611987261e-04
1.315399145048529639e-04
1.315350284485072017e-04
1.315301423921614666e-04
1.315252563358157043e-04
1.315369875837008214e-04
1.315487188315859113e-04
1.315604500794710283e-04
1.315721813273561182e-04
1.315839125752412352e-04
1.315956438231263251e-04
1.316073750710114421e-04
1.316191063188965320e-04
1.316308375667816491e-04
1.316425688146667390e-04
1.316543000625518560e-04
1.316660313104369459e-04
1.316777625583220629e-04
1.316894938062071528e-04
1.317012250540922698e-04
1.317129563019773597e-04
1.317387966647276813e-04
1.317787461423432075e-04
1.318186956199587608e-04
1.318586450975742870e-04
1.318985945751898132e-04
1.319385440528053665e-04
1.319784935304208926e-04
1.320184430080364188e-04
1.320583924856519450e-04
1.320983419632674983e-04
1.321382914408830245e-04
1.321782409184985507e-04
1.322181903961141040e-04
1.322581398737296301e-04
1.322980893513451563e-04
1.323380388289607096e-04
1.323779883065762358e-04
1.323950276347643181e-04
1.323891568135249295e-04
1.323832859922855680e-04
1.323774151710461794e-04
1.323715443498068179e-04
1.323656735285674293e-04
1.323598027073280678e-04
1.323539318860886792e-04
1.323480610648493177e-04
1.323421902436099291e-04
1.323363194223705405e-04
1.323304486011311789e-04
1.323245777798917903e-04
1.323187069586524288e-04
1.323128361374130402e-04
1.323069653161736787e-04
1.323010944949342901e-04
1.323166568269918287e-04
1.323536523123462674e-04
1.323906477977007060e-04
1.324276432830551447e-04
1.324646387684095834e-04
1.325016342537640220e-04
1.325386297391184607e-04
1.325756252244728994e-04
1.326126207098273380e-04
1.326496161951817767e-04
1.326866116805362154e-04
1.327236071658906540e-04
1.327606026512450927e-04
1.327975981365995314e-04
1.328345936219539700e-04
1.328715891073084087e-04
1.329085845926628474e-04
1.328305612345954056e-04
1.327525378765279638e-04
1.326745145184605220e-04
1.325964911603930531e-04
1.325184678023256114e-04
1.324404444442581696e-04
1.323624210861907278e-04
1.322843977281232860e-04
1.322063743700558442e-04
1.321283510119883754e-04
1.320503276539209336e-04
1.319723042958534918e-04
1.318942809377860500e-04
1.318162575797186082e-04
1.317382342216511665e-04
1.316602108635837247e-04
1.316323013173060835e-04
1.316545055828183242e-04
1.316767098483305107e-04
1.316989141138427515e-04
1.317211183793549380e-04
1.317433226448671787e-04
1.317655269103793652e-04
1.317877311758916059e-04
1.318099354414037925e-04
1.318321397069160332e-04
1.318543439724282197e-04
1.318765482379404604e-04
1.318987525034526469e-04
1.319209567689648877e-04
1.319431610344770742e-04
1.319653652999893149e-04
1.319875695655015014e-04
1.319990706768562618e-04
1.319998686340535690e-04
1.320006665912508762e-04
1.320014645484481833e-04
1.320022625056454634e-04
1.320030604628427706e-04
1.320038584200400778e-04
1.320046563772373849e-04
1.320054543344346921e-04
1.320062522916319722e-04
1.320070502488292794e-04
1.320078482060265865e-04
1.320086461632238937e-04
1.320094441204211738e-04
1.320102420776184809e-04
1.320110400348157881e-04
1.320118379920130953e-04
1.320230872034406689e-04
1.320447876690985633e-04
1.320664881347564305e-04
1.320881886004142977e-04
1.321098890660721921e-04
1.321315895317300593e-04
1.321532899973879537e-04
1.321749904630458209e-04
1.321966909287037152e-04
1.322183913943615825e-04
1.322400918600194497e-04
1.322617923256773440e-04
1.322834927913352113e-04
1.323051932569931056e-04
1.323268937226509728e-04
1.323485941883088672e-04
1.323702946539667344e-04
1.324278837124149427e-04
1.324854727708631782e-04
1.325430618293113865e-04
1.326006508877596219e-04
1.326582399462078302e-04
1.327158290046560657e-04
1.327734180631042740e-04
1.328310071215525094e-04
1.328885961800007178e-04
1.329461852384489532e-04
1.330037742968971615e-04
1.330613633553453970e-04
1.331189524137936053e-04
1.331765414722418407e-04
1.332341305306900491e-04
1.332917195891382845e-04
1.332731766516160200e-04
1.331785017181233096e-04
1.330838267846305722e-04
1.329891518511378619e-04
1.328944769176451516e-04
1.327998019841524142e-04
1.327051270506597038e-04
1.326104521171669664e-04
1.325157771836742561e-04
1.324211022501815458e-04
1.323264273166888084e-04
1.322317523831960980e-04
1.321370774497033606e-04
1.320424025162106503e-04
1.319477275827179400e-04
1.318530526492252026e-04
1.317583777157324922e-04
1.317598654659482668e-04
1.318575158998725805e-04
1.319551663337968671e-04
1.320528167677211537e-04
1.321504672016454674e-04
1.322481176355697540e-04
1.323457680694940406e-04
1.324434185034183544e-04
1.325410689373426410e-04
1.326387193712669276e-04
1.327363698051912413e-04
1.328340202391155279e-04
1.329316706730398416e-04
1.330293211069641282e-04
1.331269715408884148e-04
1.332246219748127285e-04
1.333222724087370151e-04
1.332937273316906564e-04
1.332651822546442977e-04
1.332366371775979661e-04
1.332080921005516074e-04
1.331795470235052486e-04
1.331510019464588899e-04
1.331224568694125312e-04
1.330939117923661996e-04
1.330653667153198409e-04
1.330368216382734822e-04
1.330082765612271235e-04
1.329797314841807919e-04
1.329511864071344332e-04
1.329226413300880745e-04
1.328940962530417158e-04
1.328655511759953571e-04
1.328377498623121522e-04
1.328106923119920469e-04
1.327836347616719417e-04
1.327565772113518635e-04
1.327295196610317582e-04
1.327024621107116529e-04
1.326754045603915748e-04
1.326483470100714695e-04
1.326212894597513913e-04
1.325942319094312860e-04
1.325671743591111808e-04
1.325401168087911026e-04
1.325130592584709973e-04
1.324860017081508920e-04
1.324589441578308139e-04
1.324318866075107086e-04
1.324048290571906033e-04
1.324153219438020603e-04
1.324633652673450795e-04
1.325114085908880716e-04
1.325594519144310637e-04
1.326074952379740829e-04
1.326555385615170750e-04
1.327035818850600670e-04
1.327516252086030862e-04
1.327996685321460783e-04
1.328477118556890704e-04
1.328957551792320896e-04
1.329437985027750817e-04
1.329918418263180738e-04
1.330398851498610930e-04
1.330879284734040851e-04
1.331359717969470772e-04
1.331840151204900964e-04
1.331995278082189751e-04
1.331825098601337133e-04
1.331654919120484786e-04
1.331484739639632439e-04
1.331314560158779821e-04
1.331144380677927474e-04
1.330974201197074856e-04
1.330804021716222509e-04
1.330633842235369891e-04
1.330463662754517544e-04
1.330293483273665197e-04
1.330123303792812579e-04
1.329953124311960232e-04
1.329782944831107614e-04
1.329612765350255267e-04
1.329442585869402649e-04
1.329272406388550302e-04
1.329738015370752536e-04
1.330203624352954770e-04
1.330669233335157004e-04
1.331134842317359239e-04
1.331600451299561473e-04
1.332066060281763436e-04
1.332531669263965670e-04
1.332997278246167904e-04
1.333462887228370139e-04
1.333928496210572373e-04
1.334394105192774607e-04
1.334859714174976841e-04
1.335325323157179076e-04
1.335790932139381310e-04
1.336256541121583544e-04
1.336722150103785778e-04
1.336631621555981776e-04
1.335984955478171539e-04
1.335338289400361572e-04
1.334691623322551606e-04
1.334044957244741368e-04
1.333398291166931402e-04
1.332751625089121164e-04
1.332104959011311198e-04
1.331458292933501231e-04
1.330811626855690993e-04
1.330164960777881027e-04
1.329518294700070789e-04
1.328871628622260823e-04
1.328224962544450585e-04
1.327578296466640619e-04
1.326931630388830652e-04
1.326284964311020415e-04
1.325785107636592625e-04
1.325432060365547011e-04
1.325079013094501127e-04
1.324725965823455513e-04
1.324372918552409900e-04
1.324019871281364015e-04
1.323666824010318402e-04
1.323313776739272788e-04
1.322960729468226904e-04
1.322607682197181290e-04
1.322254634926135677e-04
1.321901587655090063e-04
1.321548540384044179e-04
1.321195493112998565e-04
1.320842445841952952e-04
1.320489398570907067e-04
1.320136351299861454e-04
1.320816972118345287e-04
1.321497592936829121e-04
1.322178213755312954e-04
1.322858834573796788e-04
1.323539455392280621e-04
1.324220076210764455e-04
1.324900697029248288e-04
1.325581317847732122e-04
1.326261938666215684e-04
1.326942559484699518e-04
1.327623180303183351e-04
1.328303801121667185e-04
1.328984421940151018e-04
1.329665042758634852e-04
1.330345663577118685e-04
1.331026284395602519e-04
1.331222700545241569e-04
1.330934912026035836e-04
1.330647123506829832e-04
1.330359334987624099e-04
1.330071546468418367e-04
1.329783757949212363e-04
1.329495969430006630e-04
1.329208180910800897e-04
1.328920392391595164e-04
1.328632603872389160e-04
1.328344815353183427e-04
1.328057026833977694e-04
1.327769238314771691e-04
1.327481449795565958e-04
1.327193661276360225e-04
1.326905872757154221e-04
1.326618084237948488e-04
1.326415163272472804e-04
1.326297109860727439e-04
1.326179056448982074e-04
1.326061003037236439e-04
1.325942949625491074e-04
1.325824896213745709e-04
1.325706842802000344e-04
1.325588789390254709e-04
1.325470735978509344e-04
1.325352682566763979e-04
1.325234629155018344e-04
1.325116575743272979e-04
1.324998522331527614e-04
1.324880468919782249e-04
1.324762415508036614e-04
1.324644362096291249e-04
1.324526308684545884e-04
1.324965385302036530e-04
1.325961591948763727e-04
1.326957798595490925e-04
1.327954005242218123e-04
1.328950211888945321e-04
1.329946418535672518e-04
1.330942625182399716e-04
1.331938831829126914e-04
1.332935038475854112e-04
1.333931245122581309e-04
1.334927451769308507e-04
1.335923658416035705e-04
1.336919865062762903e-04
1.337916071709490100e-04
1.338912278356217298e-04
1.339908485002944496e-04
1.340904691649671694e-04
1.340340091567221448e-04
1.339775491484771202e-04
1.339210891402320956e-04
1.338646291319870710e-04
1.338081691237420464e-04
1.337517091154970218e-04
1.336952491072519972e-04
1.336387890990069726e-04
1.335823290907619480e-04
1.335258690825169234e-04
1.334694090742718988e-04
1.334129490660268742e-04
1.333564890577818495e-04
1.333000290495368249e-04
1.332435690412918003e-04
1.331871090330467757e-04
1.331389802157091498e-04
1.330991825892789769e-04
1.330593849628488039e-04
1.330195873364186038e-04
1.329797897099884308e-04
1.329399920835582579e-04
1.329001944571280849e-04
1.328603968306978848e-04
1.328205992042677118e-04
1.327808015778375388e-04
1.327410039514073388e-04
1.327012063249771658e-04
1.326614086985469928e-04
1.326216110721168198e-04
1.325818134456866197e-04
1.325420158192564468e-04
1.325022181928262738e-04
1.324938593866091779e-04
1.325169394006051862e-04
1.325400194146012216e-04
1.325630994285972300e-04
1.325861794425932383e-04
1.326092594565892466e-04
1.326323394705852820e-04
1.326554194845812904e-04
1.326784994985772987e-04
1.327015795125733070e-04
1.327246595265693424e-04
1.327477395405653507e-04
1.327708195545613591e-04
1.327938995685573674e-04
1.328169795825534028e-04
1.328400595965494111e-04
1.328631396105454195e-04
1.329120879824547677e-04
1.329610363543641430e-04
1.330099847262734912e-04
1.330589330981828394e-04
1.331078814700921876e-04
1.331568298420015629e-04
1.332057782139109111e-04
1.332547265858202593e-04
1.333036749577296075e-04
1.333526233296389828e-04
1.334015717015483310e-04
1.334505200734576792e-04
1.334994684453670545e-04
1.335484168172764027e-04
1.335973651891857509e-04
1.336463135610950991e-04
1.336688954904122185e-04
1.336651109771370548e-04
1.336613264638619183e-04
1.336575419505867546e-04
1.336537574373115910e-04
1.336499729240364545e-04
1.336461884107612908e-04
1.336424038974861543e-04
1.336386193842109907e-04
1.336348348709358270e-04
1.336310503576606905e-04
1.336272658443855268e-04
1.336234813311103903e-04
1.336196968178352267e-04
1.336159123045600630e-04
1.336121277912849265e-04
1.336083432780097629e-04
1.336126220909474071e-04
1.336249642300978591e-04
1.336373063692483112e-04
1.336496485083987361e-04
1.336619906475491882e-04
1.336743327866996402e-04
1.336866749258500923e-04
1.336990170650005172e-04
1.337113592041509692e-04
1.337237013433014213e-04
1.337360434824518462e-04
1.337483856216022983e-04
1.337607277607527503e-04
1.337730698999032024e-04
1.337854120390536273e-04
1.337977541782040794e-04
1.338100963173545314e-04
1.338119874391695849e-04
1.338034275436492397e-04
1.337948676481288946e-04
1.337863077526085494e-04
1.337777478570882043e-04
1.337691879615678862e-04
1.337606280660475410e-04
1.337520681705271959e-04
1.337435082750068507e-04
1.337349483794865327e-04
1.337263884839661875e-04
1.337178285884458423e-04
1.337092686929254972e-04
1.337007087974051520e-04
1.336921489018848340e-04
1.336835890063644888e-04
1.336750291108441437e-04
1.336654288615648199e-04
1.336558286122854690e-04
1.336462283630061453e-04
1.336366281137268215e-04
1.336270278644474977e-04
1.336174276151681469e-04
1.336078273658888231e-04
1.335982271166094994e-04
1.335886268673301756e-04
1.335790266180508247e-04
1.335694263687715010e-04
1.335598261194921772e-04
1.335502258702128263e-04
1.335406256209335026e-04
1.335310253716541788e-04
1.335214251223748550e-04
1.335482161119995416e-04
1.336113983405282926e-04
1.336745805690570164e-04
1.337377627975857674e-04
1.338009450261145184e-04
1.338641272546432423e-04
1.339273094831719933e-04
1.339904917117007172e-04
1.340536739402294682e-04
1.341168561687582192e-04
1.341800383972869431e-04
1.342432206258156941e-04
1.343064028543444180e-04
1.343695850828731690e-04
1.344327673114019200e-04
1.344959495399306439e-04
1.345591317684593949e-04
1.345679029078013830e-04
1.345222629579566082e-04
1.344766230081118335e-04
1.344309830582670587e-04
1.343853431084223110e-04
1.343397031585775363e-04
1.342940632087327615e-04
1.342484232588880139e-04
1.342027833090432391e-04
1.341571433591984643e-04
1.341115034093536896e-04
1.340658634595089419e-04
1.340202235096641672e-04
1.339745835598193924e-04
1.339289436099746176e-04
1.338833036601298700e-04
1.338376637102850952e-04
1.338399766580309692e-04
1.338422896057768431e-04
1.338446025535227170e-04
1.338469155012685910e-04
1.338492284490144649e-04
1.338515413967603389e-04
1.338538543445062128e-04
1.338561672922520868e-04
1.338584802399979878e-04
1.338607931877438617e-04
1.338631061354897357e-04
1.338654190832356096e-04
1.338677320309814836e-04
1.338700449787273575e-04
1.338723579264732315e-04
1.338746708742191054e-04
1.338828539494565201e-04
1.338969071521854486e-04
1.339109603549144042e-04
1.339250135576433326e-04
1.339390667603722882e-04
1.339531199631012167e-04
1.339671731658301722e-04
1.339812263685591007e-04
1.339952795712880292e-04
1.340093327740169847e-04
1.340233859767459132e-04
1.340374391794748688e-04
1.340514923822037972e-04
1.340655455849327528e-04
1.340795987876616812e-04
1.340936519903906368e-04
1.341077051931195653e-04
1.340813920235003377e-04
1.340147124815329542e-04
1.339480329395655435e-04
1.338813533975981328e-04
1.338146738556307493e-04
1.337479943136633386e-04
1.336813147716959551e-04
1.336146352297285444e-04
1.335479556877611608e-04
1.334812761457937502e-04
1.334145966038263395e-04
1.333479170618589559e-04
1.332812375198915453e-04
1.332145579779241617e-04
1.331478784359567511e-04
1.330811988939893404e-04
1.330145193520219568e-04
1.329965973856086440e-04
1.330274329947494290e-04
1.330582686038902140e-04
1.330891042130310262e-04
1.331199398221718112e-04
1.331507754313125962e-04
1.331816110404533812e-04
1.332124466495941662e-04
1.332432822587349783e-04
1.332741178678757633e-04
1.333049534770165483e-04
1.333357890861573334e-04
1.333666246952981184e-04
1.333974603044389034e-04
1.334282959135797155e-04
1.334591315227205005e-04
1.334899671318612855e-04
1.335231306914655999e-04
1.335562942510699143e-04
1.335894578106742287e-04
1.336226213702785431e-04
1.336557849298828575e-04
1.336889484894871719e-04
1.337221120490914863e-04
1.337552756086958007e-04
1.337884391683001422e-04
1.338216027279044565e-04
1.338547662875087709e-04
1.338879298471130853e-04
1.339210934067173997e-04
1.339542569663217141e-04
1.339874205259260285e-04
1.340205840855303429e-04
1.340408425479165373e-04
1.340481959130846389e-04
1.340555492782527405e-04
1.340629026434208421e-04
1.340702560085889165e-04
1.340776093737570181e-04
1.340849627389251197e-04
1.340923161040932213e-04
1.340996694692613228e-04
1.341070228344293973e-04
1.341143761995974989e-04
1.341217295647656005e-04
1.341290829299337020e-04
1.341364362951017765e-04
1.341437896602698781e-04
1.341511430254379797e-04
1.341584963906060812e-04
1.341459401194933048e-04
1.341134742120996773e-04
1.340810083047060499e-04
1.340485423973124225e-04
1.340160764899187950e-04
1.339836105825251676e-04
1.339511446751315402e-04
1.339186787677379127e-04
1.338862128603443124e-04
1.338537469529506850e-04
1.338212810455570575e-04
1.337888151381634301e-04
1.337563492307698026e-04
1.337238833233761752e-04
1.336914174159825478e-04
1.336589515085889203e-04
1.336264856011952929e-04
1.336514257097094391e-04
1.337337718341313861e-04
1.338161179585533331e-04
1.338984640829752801e-04
1.339808102073972271e-04
1.340631563318191741e-04
1.341455024562411211e-04
1.342278485806630681e-04
1.343101947050850150e-04
1.343925408295069620e-04
1.344748869539289090e-04
1.345572330783508289e-04
1.346395792027727759e-04
1.347219253271947229e-04
1.348042714516166699e-04
1.348866175760386169e-04
1.349689637004605639e-04
1.349342499158274729e-04
1.348995361311943820e-04
1.348648223465612639e-04
1.348301085619281730e-04
1.347953947772950821e-04
1.347606809926619911e-04
1.347259672080289002e-04
1.346912534233957821e-04
1.346565396387626912e-04
1.346218258541296002e-04
1.345871120694965093e-04
1.345523982848633913e-04
1.345176845002303003e-04
1.344829707155972094e-04
1.344482569309641184e-04
1.344135431463310275e-04
1.343962627480878053e-04
1.343964157362344519e-04
1.343965687243810984e-04
1.343967217125277721e-04
1.343968747006744186e-04
1.343970276888210651e-04
1.343971806769677388e-04
1.343973336651143853e-04
1.343974866532610590e-04
1.343976396414077055e-04
1.343977926295543521e-04
1.343979456177010257e-04
1.343980986058476723e-04
1.343982515939943188e-04
1.343984045821409925e-04
1.343985575702876390e-04
1.343987105584342856e-04
1.344165258972037096e-04
1.344520035865958839e-04
1.344874812759880582e-04
1.345229589653802055e-04
1.345584366547723798e-04
1.345939143441645541e-04
1.346293920335567284e-04
1.346648697229489028e-04
1.347003474123410500e-04
1.347358251017332243e-04
1.347713027911253986e-04
1.348067804805175730e-04
1.348422581699097473e-04
1.348777358593019216e-04
1.349132135486940688e-04
1.349486912380862432e-04
1.349841689274784175e-04
1.349324112327871775e-04
1.348806535380959375e-04
1.348288958434046704e-04
1.347771381487134303e-04
1.347253804540221903e-04
1.346736227593309503e-04
1.346218650646397103e-04
1.345701073699484432e-04
1.345183496752572032e-04
1.344665919805659632e-04
1.344148342858747232e-04
1.343630765911834560e-04
1.343113188964922160e-04
1.342595612018009760e-04
1.342078035071097360e-04
1.341560458124184960e-04
1.341223781547959165e-04
1.341068005342420518e-04
1.340912229136881600e-04
1.340756452931342953e-04
1.340600676725804035e-04
1.340444900520265388e-04
1.340289124314726469e-04
1.340133348109187822e-04
1.339977571903648904e-04
1.339821795698109986e-04
1.339666019492571339e-04
1.339510243287032421e-04
1.339354467081493773e-04
1.339198690875954855e-04
1.339042914670416208e-04
1.338887138464877290e-04
1.338731362259338643e-04
1.338819843685687004e-04
1.339152582743922916e-04
1.339485321802158556e-04
1.339818060860394197e-04
1.340150799918630108e-04
1.340483538976865749e-04
1.340816278035101661e-04
1.341149017093337301e-04
1.341481756151572942e-04
1.341814495209808853e-04
1.342147234268044494e-04
1.342479973326280406e-04
1.342812712384516046e-04
1.343145451442751958e-04
1.343478190500987598e-04
1.343810929559223239e-04
1.344143668617459150e-04
1.344327790104806646e-04
1.344363294021266267e-04
1.344398797937725889e-04
1.344434301854185510e-04
1.344469805770645131e-04
1.344505309687104753e-04
1.344540813603564374e-04
1.344576317520023996e-04
1.344611821436483617e-04
1.344647325352943238e-04
1.344682829269402860e-04
1.344718333185862481e-04
1.344753837102322103e-04
1.344789341018781724e-04
1.344824844935241345e-04
1.344860348851700967e-04
1.344895852768160588e-04
1.345498497529116198e-04
1.346101142290071807e-04
1.346703787051027417e-04
1.347306431811983026e-04
1.347909076572938636e-04
1.348511721333894246e-04
1.349114366094849855e-04
1.349717010855805465e-04
1.350319655616760803e-04
1.350922300377716413e-04
1.351524945138672022e-04
1.352127589899627632e-04
1.352730234660583241e-04
1.353332879421538851e-04
1.353935524182494461e-04
1.354538168943450070e-04
1.354764252884007030e-04
1.354613776004165340e-04
1.354463299124323379e-04
1.354312822244481689e-04
1.354162345364639999e-04
1.354011868484798309e-04
1.353861391604956348e-04
1.353710914725114658e-04
1.353560437845272967e-04
1.353409960965431277e-04
1.353259484085589587e-04
1.353109007205747626e-04
1.352958530325905936e-04
1.352808053446064246e-04
1.352657576566222556e-04
1.352507099686380595e-04
1.352356622806538905e-04
1.352938091287095160e-04
1.354251505128049361e-04
1.355564918969003562e-04
1.356878332809957762e-04
1.358191746650911692e-04
1.359505160491865892e-04
1.360818574332820093e-04
1.362131988173774294e-04
1.363445402014728494e-04
1.364758815855682695e-04
1.366072229696636896e-04
1.367385643537591096e-04
1.368699057378545026e-04
1.370012471219499226e-04
1.371325885060453427e-04
1.372639298901407628e-04
1.373952712742361828e-04
1.374852218067538882e-04
1.375751723392715936e-04
1.376651228717892719e-04
1.377550734043069772e-04
1.378450239368246826e-04
1.379349744693423880e-04
1.380249250018600934e-04
1.381148755343777988e-04
1.382048260668954770e-04
1.382947765994131824e-04
1.383847271319308878e-04
1.384746776644485932e-04
1.385646281969662985e-04
1.386545787294839768e-04
1.387445292620016822e-04
1.388344797945193876e-04
1.389184562782285522e-04
1.389964587131291762e-04
1.390744611480298001e-04
1.391524635829304241e-04
1.392304660178310480e-04
1.393084684527316720e-04
1.393864708876322960e-04
1.394644733225329199e-04
1.395424757574335439e-04
1.396204781923341678e-04
1.396984806272347918e-04
1.397764830621354157e-04
1.398544854970360397e-04
1.399324879319366636e-04
1.400104903668372876e-04
1.400884928017379115e-04
1.401664952366385355e-04
1.401869807548048591e-04
1.401499493562369096e-04
1.401129179576689600e-04
1.400758865591010104e-04
1.400388551605330609e-04
1.400018237619651113e-04
1.399647923633971617e-04
1.399277609648292122e-04
1.398907295662612626e-04
1.398536981676933130e-04
1.398166667691253635e-04
1.397796353705574139e-04
1.397426039719894644e-04
1.397055725734215148e-04
1.396685411748535652e-04
1.396315097762856157e-04
1.395944783777176661e-04
1.396247780711594531e-04
1.397224088566110308e-04
1.398200396420626085e-04
1.399176704275141862e-04
1.400153012129657639e-04
1.401129319984173417e-04
1.402105627838689194e-04
1.403081935693204971e-04
1.404058243547720748e-04
1.405034551402236525e-04
1.406010859256752303e-04
1.406987167111267809e-04
1.407963474965783586e-04
1.408939782820299363e-04
1.409916090674815140e-04
1.410892398529330917e-04
1.411868706383846695e-04
1.412417267213912739e-04
1.412965828043978513e-04
1.413514388874044557e-04
1.414062949704110331e-04
1.414611510534176375e-04
1.415160071364242149e-04
1.415708632194308193e-04
1.416257193024373967e-04
1.416805753854440012e-04
1.417354314684505785e-04
1.417902875514571830e-04
1.418451436344637603e-04
1.418999997174703648e-04
1.419548558004769421e-04
1.420097118834835466e-04
1.420645679664901239e-04
1.420661472552735044e-04
1.420144497498336880e-04
1.419627522443938717e-04
1.419110547389540553e-04
1.418593572335142389e-04
1.418076597280744226e-04
1.417559622226345791e-04
1.417042647171947627e-04
1.416525672117549463e-04
1.416008697063151299e-04
1.415491722008753136e-04
1.414974746954354701e-04
1.414457771899956537e-04
1.413940796845558373e-04
1.413423821791160210e-04
1.412906846736762046e-04
1.412389871682363882e-04
1.412195570259481983e-04
1.412323942468116892e-04
1.412452314676751800e-04
1.412580686885386708e-04
1.412709059094021617e-04
1.412837431302656525e-04
1.412965803511291433e-04
1.413094175719926070e-04
1.413222547928560978e-04
1.413350920137195887e-04
1.413479292345830795e-04
1.413607664554465703e-04
1.413736036763100612e-04
1.413864408971735249e-04
1.413992781180370157e-04
1.414121153389005065e-04
1.414249525597639973e-04
1.415085657577197129e-04
1.415921789556754285e-04
1.416757921536311441e-04
1.417594053515868597e-04
1.418430185495425753e-04
1.419266317474983179e-04
1.420102449454540335e-04
1.420938581434097491e-04
1.421774713413654647e-04
1.422610845393211803e-04
1.423446977372768959e-04
1.424283109352326114e-04
1.425119241331883270e-04
1.425955373311440426e-04
1.426791505290997582e-04
1.427627637270554738e-04
1.427576699523865381e-04
1.426638692050929242e-04
1.425700684577993103e-04
1.424762677105056964e-04
1.423824669632121095e-04
1.422886662159184956e-04
1.421948654686248817e-04
1.421010647213312677e-04
1.420072639740376538e-04
1.419134632267440399e-04
1.418196624794504260e-04
1.417258617321568120e-04
1.416320609848631981e-04
1.415382602375696113e-04
1.414444594902759973e-04
1.413506587429823834e-04
1.412568579956887695e-04
1.412089791833708410e-04
1.412070223060285978e-04
1.412050654286863547e-04
1.412031085513441116e-04
1.412011516740018684e-04
1.411991947966596253e-04
1.411972379193173822e-04
1.411952810419751390e-04
1.411933241646328688e-04
1.411913672872906257e-04
1.411894104099483825e-04
1.411874535326061394e-04
1.411854966552638963e-04
1.411835397779216531e-04
1.411815829005794100e-04
1.411796260232371669e-04
1.411776691458949237e-04
1.411420106567181276e-04
1.410726505557067785e-04
1.410032904546954565e-04
1.409339303536841074e-04
1.408645702526727583e-04
1.407952101516614363e-04
1.407258500506500872e-04
1.406564899496387381e-04
1.405871298486274161e-04
1.405177697476160670e-04
1.404484096466047179e-04
1.403790495455933688e-04
1.403096894445820468e-04
1.402403293435706977e-04
1.401709692425593486e-04
1.401016091415480266e-04
1.400322490405366774e-04
1.400029213954756427e-04
1.399735937504146079e-04
1.399442661053535732e-04
1.399149384602925384e-04
1.398856108152315037e-04
1.398562831701704418e-04
1.398269555251094071e-04
1.397976278800483723e-04
1.397683002349873376e-04
1.397389725899263028e-04
1.397096449448652681e-04
1.396803172998042333e-04
1.396509896547431986e-04
1.396216620096821638e-04
1.395923343646211291e-04
1.395630067195600943e-04
1.395250021887493885e-04
1.394783207721890116e-04
1.394316393556286346e-04
1.393849579390682848e-04
1.393382765225079079e-04
1.392915951059475309e-04
1.392449136893871811e-04
1.391982322728268042e-04
1.391515508562664273e-04
1.391048694397060775e-04
1.390581880231457005e-04
1.390115066065853507e-04
1.389648251900249738e-04
1.389181437734645968e-04
1.388714623569042470e-04
1.388247809403438701e-04
1.387780995237834932e-04
1.387806727507892904e-04
1.388325006213612619e-04
1.388843284919332062e-04
1.389361563625051506e-04
1.389879842330771220e-04
1.390398121036490664e-04
1.390916399742210378e-04
1.391434678447929822e-04
1.391952957153649536e-04
1.392471235859368980e-04
1.392989514565088423e-04
1.393507793270808137e-04
1.394026071976527581e-04
1.394544350682247295e-04
1.395062629387966739e-04
1.395580908093686182e-04
1.396099186799405897e-04
0.000000000000000000e+00
0.000000000000000000e+00
0.000000000000000000e+00
0.000000000000000000e+00
0.000000000000000000e+00
0.000000000000000000e+00
0.000000000000000000e+00
0.000000000000000000e+00
