0.000000000000000000e+00
0.000000000000000000e+00
0.000000000000000000e+00
0.000000000000000000e+00
0.000000000000000000e+00
0.000000000000000000e+00
0.000000000000000000e+00
0.000000000000000000e+00
0.000000000000000000e+00
0.000000000000000000e+00
1.197387875293581280e-35
1.196667071678994443e-35
1.195946268064407606e-35
1.195225464449820903e-35
1.194504660835234066e-35
1.193783857220647229e-35
1.193063053606060392e-35
1.192342249991473555e-35
1.191621446376886852e-35
1.190900642762300015e-35
1.190179839147713178e-35
1.189459035533126341e-35
1.188738231918539638e-35
1.188017428303952801e-35
1.187296624689365964e-35
1.186575821074779127e-35
1.185855017460192290e-35
1.184728346347075304e-35
1.183195807735428168e-35
1.181663269123781033e-35
1.180130730512133898e-35
1.178598191900486762e-35
1.177065653288839627e-35
1.175533114677192358e-35
1.174000576065545222e-35
1.172468037453898087e-35
1.170935498842250951e-35
1.169402960230603816e-35
1.167870421618956547e-35
1.166337883007309411e-35
1.164805344395662276e-35
1.163272805784015141e-35
1.161740267172368005e-35
1.160207728560720870e-35
1.166484027979037153e-35
1.180569165427316990e-35
1.194654302875596826e-35
1.208739440323876796e-35
1.222824577772156633e-35
1.236909715220436469e-35
1.250994852668716306e-35
1.265079990116996142e-35
1.279165127565275979e-35
1.293250265013555815e-35
1.307335402461835919e-35
1.321420539910115755e-35
1.335505677358395592e-35
1.349590814806675428e-35
1.363675952254955264e-35
1.377761089703235101e-35
1.391846227151514937e-35
2.355198878165268598e-10
4.710397756330537196e-10
7.065596634495805794e-10
9.420795512661074392e-10
1.177599439082634299e-09
1.413119326899161159e-09
1.648639214715688019e-09
1.884159102532214878e-09
2.119678990348741531e-09
2.355198878165268598e-09
2.590718765981795665e-09
2.826238653798322318e-09
3.061758541614848971e-09
3.297278429431376037e-09
3.532798317247903104e-09
3.768318205064429757e-09
5.540463178163708794e-07
1.654366797151167149e-06
2.754687276485963208e-06
3.855007755820759478e-06
4.955328235155555747e-06
6.055648714490352017e-06
7.155969193825148287e-06
8.256289673159945404e-06
9.356610152494739980e-06
1.045693063182953794e-05
1.155725111116433252e-05
1.265757159049913048e-05
1.375789206983392506e-05
1.485821254916872302e-05
1.595853302850351929e-05
1.705885350783831726e-05
1.815917398717311183e-05
2.041294576902510113e-05
2.382016885339427838e-05
2.722739193776345563e-05
3.063461502213263288e-05
3.404183810650181013e-05
3.744906119087098738e-05
4.085628427524015785e-05
4.426350735960933510e-05
4.767073044397851235e-05
5.107795352834768960e-05
5.448517661271686684e-05
5.789239969708604409e-05
6.129962278145521457e-05
6.470684586582439181e-05
6.811406895019356906e-05
7.152129203456274631e-05
7.492851511893192356e-05
7.715137443453893727e-05
7.818986998138378745e-05
7.922836552822862407e-05
8.026686107507347424e-05
8.130535662191832442e-05
8.234385216876316104e-05
8.338234771560801121e-05
8.442084326245286139e-05
8.545933880929769801e-05
8.649783435614254818e-05
8.753632990298739836e-05
8.857482544983224853e-05
8.961332099667708515e-05
9.065181654352193533e-05
9.169031209036678550e-05
9.272880763721162213e-05
9.376730318405647230e-05
9.440868124888038163e-05
9.505005931370429095e-05
9.569143737852820028e-05
9.633281544335210961e-05
9.697419350817601893e-05
9.761557157299992826e-05
9.825694963782383759e-05
9.889832770264774691e-05
9.953970576747165624e-05
1.001810838322955656e-04
1.008224618971194749e-04
1.014638399619433842e-04
1.021052180267672935e-04
1.027465960915912029e-04
1.033879741564150986e-04
1.040293522212390215e-04
1.044885107941904664e-04
1.047654498752694603e-04
1.050423889563484677e-04
1.053193280374274617e-04
1.055962671185064556e-04
1.058732061995854630e-04
1.061501452806644570e-04
1.064270843617434509e-04
1.067040234428224448e-04
1.069809625239014523e-04
1.072579016049804462e-04
1.075348406860594401e-04
1.078117797671384475e-04
1.080887188482174415e-04
1.083656579292964354e-04
1.086425970103754428e-04
1.089195360914544368e-04
1.087961254402234956e-04
1.082723650566826058e-04
1.077486046731417161e-04
1.072248442896008399e-04
1.067010839060599501e-04
1.061773235225190603e-04
1.056535631389781841e-04
1.051298027554372944e-04
1.046060423718964046e-04
1.040822819883555284e-04
1.035585216048146386e-04
1.030347612212737489e-04
1.025110008377328727e-04
1.019872404541919829e-04
1.014634800706510931e-04
1.009397196871102169e-04
1.004159593035693272e-04
1.003843436768958136e-04
1.003527280502223000e-04
1.003211124235487865e-04
1.002894967968752729e-04
1.002578811702017593e-04
1.002262655435282322e-04
1.001946499168547187e-04
1.001630342901812051e-04
1.001314186635076915e-04
1.000998030368341780e-04
1.000681874101606644e-04
1.000365717834871508e-04
1.000049561568136373e-04
9.997334053014012370e-05
9.994172490346661013e-05
9.991010927679309657e-05
9.988321096790793029e-05
9.986102997681111130e-05
9.983884898571430586e-05
9.981666799461750043e-05
9.979448700352068144e-05
9.977230601242387600e-05
9.975012502132707057e-05
9.972794403023025158e-05
9.970576303913344614e-05
9.968358204803664071e-05
9.966140105693982172e-05
9.963922006584301628e-05
9.961703907474621085e-05
9.959485808364939186e-05
9.957267709255258642e-05
9.955049610145578099e-05
9.952831511035896200e-05
9.944758075127611483e-05
9.930829302420722592e-05
9.916900529713833701e-05
9.902971757006946165e-05
9.889042984300057274e-05
9.875114211593168383e-05
9.861185438886279492e-05
9.847256666179390601e-05
9.833327893472501710e-05
9.819399120765614174e-05
9.805470348058725283e-05
9.791541575351836392e-05
9.777612802644947501e-05
9.763684029938058610e-05
9.749755257231171074e-05
9.735826484524282183e-05
9.721897711817393292e-05
9.687376642401169082e-05
9.632263276275610908e-05
9.577149910150052734e-05
9.522036544024494560e-05
9.466923177898936385e-05
9.411809811773376856e-05
9.356696445647818682e-05
9.301583079522260508e-05
9.246469713396702334e-05
9.191356347271144160e-05
9.136242981145584630e-05
9.081129615020026456e-05
9.026016248894468282e-05
8.970902882768910108e-05
8.915789516643351934e-05
8.860676150517792404e-05
8.805562784392234230e-05
8.815445344324638070e-05
8.825327904257040555e-05
8.835210464189444395e-05
8.845093024121848235e-05
8.854975584054250719e-05
8.864858143986654559e-05
8.874740703919058399e-05
8.884623263851462239e-05
8.894505823783864723e-05
8.904388383716268563e-05
8.914270943648672403e-05
8.924153503581074888e-05
8.934036063513478728e-05
8.943918623445882567e-05
8.953801183378285052e-05
8.963683743310688892e-05
8.962787834543802282e-05
8.951113457077626578e-05
8.939439079611450874e-05
8.927764702145275170e-05
8.916090324679099466e-05
8.904415947212923762e-05
8.892741569746748058e-05
8.881067192280572354e-05
8.869392814814396650e-05
8.857718437348219591e-05
8.846044059882043886e-05
8.834369682415868182e-05
8.822695304949692478e-05
8.811020927483516774e-05
8.799346550017341070e-05
8.787672172551165366e-05
8.775997795084989662e-05
8.767964932413600267e-05
8.763573584536998536e-05
8.759182236660396806e-05
8.754790888783795075e-05
8.750399540907193344e-05
8.746008193030591613e-05
8.741616845153989883e-05
8.737225497277388152e-05
8.732834149400785066e-05
8.728442801524183335e-05
8.724051453647581604e-05
8.719660105770979874e-05
8.715268757894378143e-05
8.710877410017776412e-05
8.706486062141174681e-05
8.702094714264572951e-05
8.697703366387971220e-05
8.697612800305290211e-05
8.697522234222609201e-05
8.697431668139928192e-05
8.697341102057247182e-05
8.697250535974566173e-05
8.697159969891885163e-05
8.697069403809204154e-05
8.696978837726523145e-05
8.696888271643842135e-05
8.696797705561161126e-05
8.696707139478480116e-05
8.696616573395799107e-05
8.696526007313118097e-05
8.696435441230437088e-05
8.696344875147756079e-05
8.696254309065075069e-05
8.697432758455423416e-05
8.699880223318801119e-05
8.702327688182178822e-05
8.704775153045556525e-05
8.707222617908935583e-05
8.709670082772313286e-05
8.712117547635690989e-05
8.714565012499068692e-05
8.717012477362447750e-05
8.719459942225825453e-05
8.721907407089203156e-05
8.724354871952580859e-05
8.726802336815958562e-05
8.729249801679337620e-05
8.731697266542715323e-05
8.734144731406093026e-05
8.736592196269470729e-05
8.727454183675779876e-05
8.706730693625019111e-05
8.686007203574256990e-05
8.665283713523496225e-05
8.644560223472735460e-05
8.623836733421973340e-05
8.603113243371212574e-05
8.582389753320451809e-05
8.561666263269689689e-05
8.540942773218928924e-05
8.520219283168168158e-05
8.499495793117407393e-05
8.478772303066645273e-05
8.458048813015884508e-05
8.437325322965123742e-05
8.416601832914361622e-05
8.395878342863600857e-05
8.384496063226480763e-05
8.382454994003001340e-05
8.380413924779523272e-05
8.378372855556043850e-05
8.376331786332564427e-05
8.374290717109085004e-05
8.372249647885606936e-05
8.370208578662127513e-05
8.368167509438648091e-05
8.366126440215168668e-05
8.364085370991690600e-05
8.362044301768211177e-05
8.360003232544731754e-05
8.357962163321252331e-05
8.355921094097774264e-05
8.353880024874294841e-05
8.351838955650815418e-05
8.343409912902317416e-05
8.334980870153819413e-05
8.326551827405320055e-05
8.318122784656822053e-05
8.309693741908324050e-05
8.301264699159826047e-05
8.292835656411326689e-05
8.284406613662828687e-05
8.275977570914330684e-05
8.267548528165832682e-05
8.259119485417333324e-05
8.250690442668835321e-05
8.242261399920337319e-05
8.233832357171839316e-05
8.225403314423339958e-05
8.216974271674841956e-05
8.215539418025896506e-05
8.221098753476502254e-05
8.226658088927109357e-05
8.232217424377715105e-05
8.237776759828322208e-05
8.243336095278927956e-05
8.248895430729535059e-05
8.254454766180140807e-05
8.260014101630747910e-05
8.265573437081355013e-05
8.271132772531960761e-05
8.276692107982567864e-05
8.282251443433173612e-05
8.287810778883780715e-05
8.293370114334386463e-05
8.298929449784993567e-05
8.304488785235599314e-05
8.296937783560061396e-05
8.276276444758377099e-05
8.255615105956692803e-05
8.234953767155009862e-05
8.214292428353325566e-05
8.193631089551642625e-05
8.172969750749958329e-05
8.152308411948274033e-05
8.131647073146591092e-05
8.110985734344906795e-05
8.090324395543223854e-05
8.069663056741539558e-05
8.049001717939855262e-05
8.028340379138172321e-05
8.007679040336488025e-05
7.987017701534805084e-05
7.966356362733120788e-05
7.956697200412112946e-05
7.947038038091106460e-05
7.937378875770098618e-05
7.927719713449090776e-05
7.918060551128084290e-05
7.908401388807076448e-05
7.898742226486069962e-05
7.889083064165062120e-05
7.879423901844054279e-05
7.869764739523047792e-05
7.860105577202039951e-05
7.850446414881032109e-05
7.840787252560025623e-05
7.831128090239017781e-05
7.821468927918009940e-05
7.811809765597003453e-05
7.809456762385548565e-05
7.814409918283646631e-05
7.819363074181744696e-05
7.824316230079842761e-05
7.829269385977940827e-05
7.834222541876038892e-05
7.839175697774136958e-05
7.844128853672235023e-05
7.849082009570333088e-05
7.854035165468431154e-05
7.858988321366529219e-05
7.863941477264627285e-05
7.868894633162725350e-05
7.873847789060823416e-05
7.878800944958921481e-05
7.883754100857019546e-05
7.888707256755117612e-05
7.888670048876786486e-05
7.883642477222027524e-05
7.878614905567267207e-05
7.873587333912508246e-05
7.868559762257747929e-05
7.863532190602988967e-05
7.858504618948228650e-05
7.853477047293469689e-05
7.848449475638709372e-05
7.843421903983949055e-05
7.838394332329190093e-05
7.833366760674429776e-05
7.828339189019670815e-05
7.823311617364910498e-05
7.818284045710151536e-05
7.813256474055391219e-05
7.808228902400632257e-05
7.803198139260043072e-05
7.798164184633626375e-05
7.793130230007209677e-05
7.788096275380792979e-05
7.783062320754376281e-05
7.778028366127959583e-05
7.772994411501542886e-05
7.767960456875126188e-05
7.762926502248709490e-05
7.757892547622292792e-05
7.752858592995876094e-05
7.747824638369459397e-05
7.742790683743042699e-05
7.737756729116626001e-05
7.732722774490209303e-05
7.727688819863792605e-05
7.722654865237375908e-05
7.717534604288310161e-05
7.712414343339245770e-05
7.707294082390180024e-05
7.702173821441114278e-05
7.697053560492049887e-05
7.691933299542984140e-05
7.686813038593918394e-05
7.681692777644854003e-05
7.676572516695788257e-05
7.671452255746722510e-05
7.666331994797658119e-05
7.661211733848592373e-05
7.656091472899526627e-05
7.650971211950462236e-05
7.645850951001396489e-05
7.640730690052330743e-05
7.635237729903761089e-05
7.629372070555684817e-05
7.623506411207609901e-05
7.617640751859533629e-05
7.611775092511458712e-05
7.605909433163382440e-05
7.600043773815307524e-05
7.594178114467231252e-05
7.588312455119156335e-05
7.582446795771081419e-05
7.576581136423005147e-05
7.570715477074930230e-05
7.564849817726853958e-05
7.558984158378779042e-05
7.553118499030702770e-05
7.547252839682627853e-05
7.541387180334551581e-05
7.541008440717299438e-05
7.546116620830871423e-05
7.551224800944442053e-05
7.556332981058014038e-05
7.561441161171584668e-05
7.566549341285156653e-05
7.571657521398727283e-05
7.576765701512299268e-05
7.581873881625869897e-05
7.586982061739441883e-05
7.592090241853013868e-05
7.597198421966584497e-05
7.602306602080156483e-05
7.607414782193727112e-05
7.612522962307299097e-05
7.617631142420869727e-05
7.622739322534441712e-05
7.622969579465461781e-05
7.618321913213931288e-05
7.613674246962399441e-05
7.609026580710868948e-05
7.604378914459338455e-05
7.599731248207807963e-05
7.595083581956276115e-05
7.590435915704745623e-05
7.585788249453215130e-05
7.581140583201684637e-05
7.576492916950152790e-05
7.571845250698622297e-05
7.567197584447091804e-05
7.562549918195561312e-05
7.557902251944029464e-05
7.553254585692498971e-05
7.548606919440968479e-05
7.550352672632232006e-05
7.552098425823496888e-05
7.553844179014760415e-05
7.555589932206023941e-05
7.557335685397288823e-05
7.559081438588552350e-05
7.560827191779817232e-05
7.562572944971080759e-05
7.564318698162344286e-05
7.566064451353609168e-05
7.567810204544872694e-05
7.569555957736136221e-05
7.571301710927401103e-05
7.573047464118664630e-05
7.574793217309928157e-05
7.576538970501193039e-05
7.579657895323247297e-05
7.584149991776093641e-05
7.588642088228939985e-05
7.593134184681786330e-05
7.597626281134632674e-05
7.602118377587479018e-05
7.606610474040325363e-05
7.611102570493171707e-05
7.615594666946018051e-05
7.620086763398864396e-05
7.624578859851710740e-05
7.629070956304557084e-05
7.633563052757403428e-05
7.638055149210249773e-05
7.642547245663096117e-05
7.647039342115942461e-05
7.651531438568788806e-05
7.647442661129650059e-05
7.634773009798527575e-05
7.622103358467405092e-05
7.609433707136281253e-05
7.596764055805158770e-05
7.584094404474036287e-05
7.571424753142913804e-05
7.558755101811791320e-05
7.546085450480667482e-05
7.533415799149544999e-05
7.520746147818422515e-05
7.508076496487300032e-05
7.495406845156177549e-05
7.482737193825055066e-05
7.470067542493931227e-05
7.457397891162808744e-05
7.444728239831686261e-05
7.449991950400809693e-05
7.455255660969933125e-05
7.460519371539056557e-05
7.465783082108179989e-05
7.471046792677304776e-05
7.476310503246428208e-05
7.481574213815551640e-05
7.486837924384675072e-05
7.492101634953798504e-05
7.497365345522921936e-05
7.502629056092045368e-05
7.507892766661168800e-05
7.513156477230293587e-05
7.518420187799417019e-05
7.523683898368540451e-05
7.528947608937663883e-05
7.530926697781792540e-05
7.529621164900925068e-05
7.528315632020058951e-05
7.527010099139192834e-05
7.525704566258325362e-05
7.524399033377459245e-05
7.523093500496593128e-05
7.521787967615725656e-05
7.520482434734859539e-05
7.519176901853993423e-05
7.517871368973125950e-05
7.516565836092259833e-05
7.515260303211393717e-05
7.513954770330526244e-05
7.512649237449660128e-05
7.511343704568794011e-05
7.510038171687926538e-05
7.509767408247429010e-05
7.510531414247298713e-05
7.511295420247168417e-05
7.512059426247039476e-05
7.512823432246909180e-05
7.513587438246778884e-05
7.514351444246649943e-05
7.515115450246519647e-05
7.515879456246389351e-05
7.516643462246260410e-05
7.517407468246130114e-05
7.518171474246001173e-05
7.518935480245870877e-05
7.519699486245740581e-05
7.520463492245611640e-05
7.521227498245481344e-05
7.521991504245351047e-05
7.521367264491157160e-05
7.519354778982899681e-05
7.517342293474640847e-05
7.515329807966382013e-05
7.513317322458124535e-05
7.511304836949865701e-05
7.509292351441608222e-05
7.507279865933349388e-05
7.505267380425091909e-05
7.503254894916833076e-05
7.501242409408574242e-05
7.499229923900316763e-05
7.497217438392057929e-05
7.495204952883800450e-05
7.493192467375541616e-05
7.491179981867284138e-05
7.489167496359025304e-05
7.493802874654733118e-05
7.498438252950439576e-05
7.503073631246147391e-05
7.507709009541855205e-05
7.512344387837561663e-05
7.516979766133269477e-05
7.521615144428977291e-05
7.526250522724685105e-05
7.530885901020391564e-05
7.535521279316099378e-05
7.540156657611807192e-05
7.544792035907513651e-05
7.549427414203221465e-05
7.554062792498929279e-05
7.558698170794635738e-05
7.563333549090343552e-05
7.561368096738847137e-05
7.552801813740147847e-05
7.544235530741447203e-05
7.535669247742747914e-05
7.527102964744047269e-05
7.518536681745347980e-05
7.509970398746647336e-05
7.501404115747948046e-05
7.492837832749247402e-05
7.484271549750546757e-05
7.475705266751847468e-05
7.467138983753146824e-05
7.458572700754447535e-05
7.450006417755746890e-05
7.441440134757047601e-05
7.432873851758346956e-05
7.424307568759647667e-05
7.417888741322923815e-05
7.413617369448175399e-05
7.409345997573426983e-05
7.405074625698678567e-05
7.400803253823930151e-05
7.396531881949181735e-05
7.392260510074433319e-05
7.387989138199686258e-05
7.383717766324937842e-05
7.379446394450189426e-05
7.375175022575441010e-05
7.370903650700692594e-05
7.366632278825944178e-05
7.362360906951197117e-05
7.358089535076448701e-05
7.353818163201700285e-05
7.349546791326951869e-05
7.343716775886530667e-05
7.337886760446109464e-05
7.332056745005688261e-05
7.326226729565268414e-05
7.320396714124847212e-05
7.314566698684426009e-05
7.308736683244004806e-05
7.302906667803583604e-05
7.297076652363162401e-05
7.291246636922742554e-05
7.285416621482321351e-05
7.279586606041900149e-05
7.273756590601478946e-05
7.267926575161057744e-05
7.262096559720636541e-05
7.256266544280215339e-05
7.255519121498310966e-05
7.259854291374923422e-05
7.264189461251535878e-05
7.268524631128148335e-05
7.272859801004760791e-05
7.277194970881373248e-05
7.281530140757985704e-05
7.285865310634598161e-05
7.290200480511210617e-05
7.294535650387821719e-05
7.298870820264434175e-05
7.303205990141046632e-05
7.307541160017659088e-05
7.311876329894271545e-05
7.316211499770884001e-05
7.320546669647496458e-05
7.324881839524108914e-05
7.326096743443087785e-05
7.324191381404434426e-05
7.322286019365781067e-05
7.320380657327127708e-05
7.318475295288474349e-05
7.316569933249820990e-05
7.314664571211167631e-05
7.312759209172514272e-05
7.310853847133859558e-05
7.308948485095206199e-05
7.307043123056552840e-05
7.305137761017899481e-05
7.303232398979246122e-05
7.301327036940592763e-05
7.299421674901939404e-05
7.297516312863286045e-05
7.295610950824632686e-05
7.294053548913732876e-05
7.292844107130586615e-05
7.291634665347440354e-05
7.290425223564294093e-05
7.289215781781147833e-05
7.288006339998001572e-05
7.286796898214855311e-05
7.285587456431709050e-05
7.284378014648564144e-05
7.283168572865417884e-05
7.281959131082271623e-05
7.280749689299125362e-05
7.279540247515979101e-05
7.278330805732832840e-05
7.277121363949686579e-05
7.275911922166540318e-05
7.274702480383394058e-05
7.270691433878647878e-05
7.266680387373901698e-05
7.262669340869155519e-05
7.258658294364409339e-05
7.254647247859663159e-05
7.250636201354916980e-05
7.246625154850170800e-05
7.242614108345424621e-05
7.238603061840677086e-05
7.234592015335930906e-05
7.230580968831184726e-05
7.226569922326438547e-05
7.222558875821692367e-05
7.218547829316946187e-05
7.214536782812200008e-05
7.210525736307453828e-05
7.209084573339910747e-05
7.210213293909572120e-05
7.211342014479232138e-05
7.212470735048893511e-05
7.213599455618554884e-05
7.214728176188214901e-05
7.215856896757876274e-05
7.216985617327536292e-05
7.218114337897197665e-05
7.219243058466859038e-05
7.220371779036519055e-05
7.221500499606180428e-05
7.222629220175840446e-05
7.223757940745501819e-05
7.224886661315163192e-05
7.226015381884823210e-05
7.227144102454484582e-05
7.226903147300038936e-05
7.225292516421488980e-05
7.223681885542937670e-05
7.222071254664387714e-05
7.220460623785836403e-05
7.218849992907286448e-05
7.217239362028735137e-05
7.215628731150185182e-05
7.214018100271633871e-05
7.212407469393083915e-05
7.210796838514532605e-05
7.209186207635982649e-05
7.207575576757431338e-05
7.205964945878881383e-05
7.204354315000330072e-05
7.202743684121780117e-05
7.201133053243228806e-05
7.199562566205945147e-05
7.197992079168661489e-05
7.196421592131377830e-05
7.194851105094094172e-05
7.193280618056810513e-05
7.191710131019526855e-05
7.190139643982243196e-05
7.188569156944959538e-05
7.186998669907677234e-05
7.185428182870393576e-05
7.183857695833109917e-05
7.182287208795826259e-05
7.180716721758542600e-05
7.179146234721258942e-05
7.177575747683975283e-05
7.176005260646691624e-05
7.173763901066013571e-05
7.170851668941939769e-05
7.167939436817865966e-05
7.165027204693792163e-05
7.162114972569719716e-05
7.159202740445645913e-05
7.156290508321572110e-05
7.153378276197498308e-05
7.150466044073425860e-05
7.147553811949352057e-05
7.144641579825278255e-05
7.141729347701204452e-05
7.138817115577130649e-05
7.135904883453058202e-05
7.132992651328984399e-05
7.130080419204910596e-05
7.127168187080836794e-05
7.125570312688933464e-05
7.125286796029199252e-05
7.125003279369465040e-05
7.124719762709730828e-05
7.124436246049996617e-05
7.124152729390262405e-05
7.123869212730528193e-05
7.123585696070793981e-05
7.123302179411059769e-05
7.123018662751324202e-05
7.122735146091589990e-05
7.122451629431855778e-05
7.122168112772121566e-05
7.121884596112387355e-05
7.121601079452653143e-05
7.121317562792918931e-05
7.121034046133184719e-05
7.119627957554755494e-05
7.117099297057631255e-05
7.114570636560507016e-05
7.112041976063381422e-05
7.109513315566257183e-05
7.106984655069132945e-05
7.104455994572008706e-05
7.101927334074884467e-05
7.099398673577758873e-05
7.096870013080634634e-05
7.094341352583510396e-05
7.091812692086386157e-05
7.089284031589261918e-05
7.086755371092137679e-05
7.084226710595012085e-05
7.081698050097887847e-05
7.079169389600763608e-05
7.079100088448373688e-05
7.079030787295983768e-05
7.078961486143595203e-05
7.078892184991205283e-05
7.078822883838815363e-05
7.078753582686425443e-05
7.078684281534036878e-05
7.078614980381646958e-05
7.078545679229257038e-05
7.078476378076867118e-05
7.078407076924478553e-05
7.078337775772088633e-05
7.078268474619698713e-05
7.078199173467308793e-05
7.078129872314920228e-05
7.078060571162530308e-05
7.077715377966134458e-05
7.077094292725734034e-05
7.076473207485333610e-05
7.075852122244931830e-05
7.075231037004531406e-05
7.074609951764130981e-05
7.073988866523729202e-05
7.073367781283328778e-05
7.072746696042928353e-05
7.072125610802526574e-05
7.071504525562126149e-05
7.070883440321724370e-05
7.070262355081323945e-05
7.069641269840923521e-05
7.069020184600521741e-05
7.068399099360121317e-05
7.067778014119720893e-05
7.064938338908478257e-05
7.059880073726396122e-05
7.054821808544313986e-05
7.049763543362231851e-05
7.044705278180149715e-05
7.039647012998066224e-05
7.034588747815984089e-05
7.029530482633901953e-05
7.024472217451819818e-05
7.019413952269736327e-05
7.014355687087654191e-05
7.009297421905572056e-05
7.004239156723489920e-05
6.999180891541407785e-05
6.994122626359324294e-05
6.989064361177242158e-05
6.984006095995160023e-05
6.988503688400402893e-05
6.993001280805644408e-05
6.997498873210887278e-05
7.001996465616128792e-05
7.006494058021371662e-05
7.010991650426613177e-05
7.015489242831856047e-05
7.019986835237097562e-05
7.024484427642340432e-05
7.028982020047581946e-05
7.033479612452824816e-05
7.037977204858067686e-05
7.042474797263309201e-05
7.046972389668552071e-05
7.051469982073793586e-05
7.055967574479036456e-05
7.059881406941554674e-05
7.063211479461350951e-05
7.066541551981147227e-05
7.069871624500943504e-05
7.073201697020739781e-05
7.076531769540536057e-05
7.079861842060332334e-05
7.083191914580128611e-05
7.086521987099923532e-05
7.089852059619719809e-05
7.093182132139516085e-05
7.096512204659312362e-05
7.099842277179108639e-05
7.103172349698904915e-05
7.106502422218701192e-05
7.109832494738497469e-05
7.113162567258293745e-05
7.112395717513611115e-05
7.107531945504452287e-05
7.102668173495293460e-05
7.097804401486133277e-05
7.092940629476974449e-05
7.088076857467815622e-05
7.083213085458656794e-05
7.078349313449496612e-05
7.073485541440337784e-05
7.068621769431178957e-05
7.063757997422018774e-05
7.058894225412859946e-05
7.054030453403701119e-05
7.049166681394542291e-05
7.044302909385382109e-05
7.039439137376223281e-05
7.034575365367064454e-05
7.030102467747512747e-05
7.026020444517568162e-05
7.021938421287623577e-05
7.017856398057678992e-05
7.013774374827734406e-05
7.009692351597791176e-05
7.005610328367846591e-05
7.001528305137902006e-05
6.997446281907957421e-05
6.993364258678014191e-05
6.989282235448069606e-05
6.985200212218125020e-05
6.981118188988180435e-05
6.977036165758235850e-05
6.972954142528292620e-05
6.968872119298348035e-05
6.964790096068403449e-05
6.965840813607422914e-05
6.966891531146442379e-05
6.967942248685463200e-05
6.968992966224482665e-05
6.970043683763502129e-05
6.971094401302521594e-05
6.972145118841542415e-05
6.973195836380561880e-05
6.974246553919581345e-05
6.975297271458600810e-05
6.976347988997621630e-05
6.977398706536641095e-05
6.978449424075660560e-05
6.979500141614680025e-05
6.980550859153700845e-05
6.981601576692720310e-05
6.982336742005835258e-05
6.982756355093044335e-05
6.983175968180254766e-05
6.983595581267465198e-05
6.984015194354674274e-05
6.984434807441884706e-05
6.984854420529093783e-05
6.985274033616304214e-05
6.985693646703513291e-05
6.986113259790723722e-05
6.986532872877934154e-05
6.986952485965143231e-05
6.987372099052353662e-05
6.987791712139562739e-05
6.988211325226773170e-05
6.988630938313983602e-05
6.989050551401192678e-05
6.991597369239141489e-05
6.996271391827827324e-05
7.000945414416514514e-05
7.005619437005201704e-05
7.010293459593887539e-05
7.014967482182574729e-05
7.019641504771261919e-05
7.024315527359947754e-05
7.028989549948634944e-05
7.033663572537322134e-05
7.038337595126007969e-05
7.043011617714695159e-05
7.047685640303382349e-05
7.052359662892068184e-05
7.057033685480755374e-05
7.061707708069442564e-05
7.066381730658128398e-05
7.068738244406041170e-05
7.068777249313178167e-05
7.068816254220315165e-05
7.068855259127452162e-05
7.068894264034589160e-05
7.068933268941726157e-05
7.068972273848863155e-05
7.069011278756000152e-05
7.069050283663137150e-05
7.069089288570274147e-05
7.069128293477411145e-05
7.069167298384549498e-05
7.069206303291686495e-05
7.069245308198823493e-05
7.069284313105960490e-05
7.069323318013097488e-05
7.069362322920234485e-05
7.064267420499460010e-05
7.059172518078685535e-05
7.054077615657911059e-05
7.048982713237136584e-05
7.043887810816360753e-05
7.038792908395586278e-05
7.033698005974811803e-05
7.028603103554037328e-05
7.023508201133262852e-05
7.018413298712488377e-05
7.013318396291713902e-05
7.008223493870939427e-05
7.003128591450163596e-05
6.998033689029389121e-05
6.992938786608614646e-05
6.987843884187840170e-05
6.985992348528181255e-05
6.987384179629639255e-05
6.988776010731097255e-05
6.990167841832555255e-05
6.991559672934013255e-05
6.992951504035471255e-05
6.994343335136929255e-05
6.995735166238387255e-05
6.997126997339845255e-05
6.998518828441301900e-05
6.999910659542759900e-05
7.001302490644217900e-05
7.002694321745675900e-05
7.004086152847133900e-05
7.005477983948591900e-05
7.006869815050049900e-05
7.008261646151507901e-05
7.005952922778431870e-05
6.999943644930823163e-05
6.993934367083214456e-05
6.987925089235605750e-05
6.981915811387995688e-05
6.975906533540386981e-05
6.969897255692778274e-05
6.963887977845169568e-05
6.957878699997560861e-05
6.951869422149952154e-05
6.945860144302343447e-05
6.939850866454734741e-05
6.933841588607124679e-05
6.927832310759515972e-05
6.921823032911907266e-05
6.915813755064298559e-05
6.909804477216689852e-05
6.909754268004978880e-05
6.909704058793267908e-05
6.909653849581556936e-05
6.909603640369845964e-05
6.909553431158134992e-05
6.909503221946425376e-05
6.909453012734714404e-05
6.909402803523003432e-05
6.909352594311292460e-05
6.909302385099581488e-05
6.909252175887870516e-05
6.909201966676159544e-05
6.909151757464448572e-05
6.909101548252737600e-05
6.909051339041026628e-05
6.909001129829315656e-05
6.909251992419758936e-05
6.909803926812356468e-05
6.910355861204954000e-05
6.910907795597550176e-05
6.911459729990147708e-05
6.912011664382745240e-05
6.912563598775342771e-05
6.913115533167938948e-05
6.913667467560536480e-05
6.914219401953134011e-05
6.914771336345730188e-05
6.915323270738327720e-05
6.915875205130925252e-05
6.916427139523522783e-05
6.916979073916118960e-05
6.917531008308716492e-05
6.918082942701314023e-05
6.919166479816612418e-05
6.920781619654613030e-05
6.922396759492613642e-05
6.924011899330612899e-05
6.925627039168613512e-05
6.927242179006614124e-05
6.928857318844614736e-05
6.930472458682615348e-05
6.932087598520615961e-05
6.933702738358615218e-05
6.935317878196615830e-05
6.936933018034616442e-05
6.938548157872617055e-05
6.940163297710617667e-05
6.941778437548616924e-05
6.943393577386617536e-05
6.945008717224618149e-05
6.947754241609531477e-05
6.951630150541357521e-05
6.955506059473182210e-05
6.959381968405008254e-05
6.963257877336834299e-05
6.967133786268658987e-05
6.971009695200485032e-05
6.974885604132311076e-05
6.978761513064135765e-05
6.982637421995961809e-05
6.986513330927787853e-05
6.990389239859613898e-05
6.994265148791438587e-05
6.998141057723264631e-05
7.002016966655090675e-05
7.005892875586915364e-05
7.009768784518741408e-05
7.006362336251266009e-05
7.002955887983790609e-05
6.999549439716313854e-05
6.996142991448838454e-05
6.992736543181363054e-05
6.989330094913887655e-05
6.985923646646410900e-05
6.982517198378935500e-05
6.979110750111460100e-05
6.975704301843984700e-05
6.972297853576507945e-05
6.968891405309032545e-05
6.965484957041557146e-05
6.962078508774081746e-05
6.958672060506604991e-05
6.955265612239129591e-05
6.954258168376145329e-05
6.955649728917649493e-05
6.957041289459156368e-05
6.958432850000660533e-05
6.959824410542167408e-05
6.961215971083671572e-05
6.962607531625178447e-05
6.963999092166682611e-05
6.965390652708189486e-05
6.966782213249693651e-05
6.968173773791200526e-05
6.969565334332704690e-05
6.970956894874211565e-05
6.972348455415715730e-05
6.973740015957222605e-05
6.975131576498726769e-05
6.976523137040233644e-05
6.973472262502614896e-05
6.965978952885873237e-05
6.958485643269131577e-05
6.950992333652389918e-05
6.943499024035648258e-05
6.936005714418906599e-05
6.928512404802164939e-05
6.921019095185423279e-05
6.913525785568681620e-05
6.906032475951939960e-05
6.898539166335198301e-05
6.891045856718456641e-05
6.883552547101714982e-05
6.876059237484973322e-05
6.868565927868231663e-05
6.861072618251490003e-05
6.853579308634748343e-05
6.858018074642190933e-05
6.862456840649633523e-05
6.866895606657076113e-05
6.871334372664518702e-05
6.875773138671961292e-05
6.880211904679403882e-05
6.884650670686846472e-05
6.889089436694289061e-05
6.893528202701731651e-05
6.897966968709174241e-05
6.902405734716616831e-05
6.906844500724059420e-05
6.911283266731502010e-05
6.915722032738944600e-05
6.920160798746387190e-05
6.924599564753829779e-05
6.927889152823159301e-05
6.930029562954375755e-05
6.932169973085590853e-05
6.934310383216805952e-05
6.936450793348022405e-05
6.938591203479237504e-05
6.940731613610452602e-05
6.942872023741669056e-05
6.945012433872884154e-05
6.947152844004099252e-05
6.949293254135315706e-05
6.951433664266530804e-05
6.953574074397745903e-05
6.955714484528962357e-05
6.957854894660177455e-05
6.959995304791392553e-05
6.962135714922609007e-05
6.961579859720421122e-05
6.958327739184831608e-05
6.955075618649240738e-05
6.951823498113649869e-05
6.948571377578060355e-05
6.945319257042469486e-05
6.942067136506879972e-05
6.938815015971289103e-05
6.935562895435699589e-05
6.932310774900108719e-05
6.929058654364517850e-05
6.925806533828928336e-05
6.922554413293337467e-05
6.919302292757747953e-05
6.916050172222157084e-05
6.912798051686566215e-05
6.909545931150976701e-05
6.904613127006915818e-05
6.897999639254383567e-05
6.891386151501851316e-05
6.884772663749320421e-05
6.878159175996788170e-05
6.871545688244255919e-05
6.864932200491725024e-05
6.858318712739192773e-05
6.851705224986660522e-05
6.845091737234129626e-05
6.838478249481597375e-05
6.831864761729065125e-05
6.825251273976534229e-05
6.818637786224001978e-05
6.812024298471469727e-05
6.805410810718938832e-05
6.798797322966406581e-05
6.805724120448123618e-05
6.812650917929842010e-05
6.819577715411559047e-05
6.826504512893277440e-05
6.833431310374994477e-05
6.840358107856712869e-05
6.847284905338429906e-05
6.854211702820148298e-05
6.861138500301865336e-05
6.868065297783583728e-05
6.874992095265300765e-05
6.881918892747019157e-05
6.888845690228736194e-05
6.895772487710454587e-05
6.902699285192171624e-05
6.909626082673890016e-05
6.914617430445805211e-05
6.917673328507918564e-05
6.920729226570031917e-05
6.923785124632145271e-05
6.926841022694258624e-05
6.929896920756371977e-05
6.932952818818485330e-05
6.936008716880598683e-05
6.939064614942710681e-05
6.942120513004824034e-05
6.945176411066937387e-05
6.948232309129050740e-05
6.951288207191164093e-05
6.954344105253277447e-05
6.957400003315390800e-05
6.960455901377504153e-05
6.963511799439617506e-05
6.963315928446948695e-05
6.959868288399499075e-05
6.956420648352049454e-05
6.952973008304599834e-05
6.949525368257150214e-05
6.946077728209700593e-05
6.942630088162250973e-05
6.939182448114799998e-05
6.935734808067350377e-05
6.932287168019900757e-05
6.928839527972451137e-05
6.925391887925001517e-05
6.921944247877551896e-05
6.918496607830100921e-05
6.915048967782651301e-05
6.911601327735201680e-05
6.908153687687752060e-05
6.906421702591641811e-05
6.904689717495531562e-05
6.902957732399421314e-05
6.901225747303311065e-05
6.899493762207200816e-05
6.897761777111089212e-05
6.896029792014978963e-05
6.894297806918868714e-05
6.892565821822758466e-05
6.890833836726648217e-05
6.889101851630537968e-05
6.887369866534427719e-05
6.885637881438317470e-05
6.883905896342207222e-05
6.882173911246096973e-05
6.880441926149986724e-05
6.877549147963947518e-05
6.873495576687980709e-05
6.869442005412013900e-05
6.865388434136045735e-05
6.861334862860078926e-05
6.857281291584112117e-05
6.853227720308145308e-05
6.849174149032178499e-05
6.845120577756211690e-05
6.841067006480243526e-05
6.837013435204276717e-05
6.832959863928309908e-05
6.828906292652343099e-05
6.824852721376376290e-05
6.820799150100408125e-05
6.816745578824441316e-05
6.812692007548474507e-05
6.812111548472174125e-05
6.815004201595540169e-05
6.817896854718906213e-05
6.820789507842270902e-05
6.823682160965636946e-05
6.826574814089002990e-05
6.829467467212369035e-05
6.832360120335735079e-05
6.835252773459101123e-05
6.838145426582465812e-05
6.841038079705831856e-05
6.843930732829197900e-05
6.846823385952563944e-05
6.849716039075929989e-05
6.852608692199294678e-05
6.855501345322660722e-05
6.858393998446026766e-05
6.861382275079337255e-05
6.864466175222590835e-05
6.867550075365844414e-05
6.870633975509099348e-05
6.873717875652352927e-05
6.876801775795606507e-05
6.879885675938861441e-05
6.882969576082115020e-05
6.886053476225368600e-05
6.889137376368623534e-05
6.892221276511877113e-05
6.895305176655130693e-05
6.898389076798385627e-05
6.901472976941639206e-05
6.904556877084892786e-05
6.907640777228147720e-05
6.910724677371401299e-05
6.906163629640469368e-05
6.901602581909537437e-05
6.897041534178605506e-05
6.892480486447674930e-05
6.887919438716742998e-05
6.883358390985811067e-05
6.878797343254879136e-05
6.874236295523947205e-05
6.869675247793015273e-05
6.865114200062084697e-05
6.860553152331152766e-05
6.855992104600220835e-05
6.851431056869288904e-05
6.846870009138356973e-05
6.842308961407425041e-05
6.837747913676493110e-05
6.834467163926018045e-05
6.832466712155998490e-05
6.830466260385977581e-05
6.828465808615958026e-05
6.826465356845938472e-05
6.824464905075917562e-05
6.822464453305898007e-05
6.820464001535878453e-05
6.818463549765858898e-05
6.816463097995837989e-05
6.814462646225818434e-05
6.812462194455798880e-05
6.810461742685777970e-05
6.808461290915758415e-05
6.806460839145738861e-05
6.804460387375717951e-05
6.802459935605698396e-05
6.803220811721884058e-05
6.806743015724274937e-05
6.810265219726665815e-05
6.813787423729055338e-05
6.817309627731446217e-05
6.820831831733837095e-05
6.824354035736227974e-05
6.827876239738618852e-05
6.831398443741008375e-05
6.834920647743399254e-05
6.838442851745790132e-05
6.841965055748181011e-05
6.845487259750571889e-05
6.849009463752962767e-05
6.852531667755352291e-05
6.856053871757743169e-05
6.859576075760134047e-05
6.862458342529514834e-05
6.865340609298896976e-05
6.868222876068277763e-05
6.871105142837659904e-05
6.873987409607040691e-05
6.876869676376422833e-05
6.879751943145803619e-05
6.882634209915185761e-05
6.885516476684566548e-05
6.888398743453948690e-05
6.891281010223329476e-05
6.894163276992710263e-05
6.897045543762092405e-05
6.899927810531473191e-05
6.902810077300855333e-05
6.905692344070236120e-05
6.906587106697978037e-05
6.905494365184079730e-05
6.904401623670181423e-05
6.903308882156283116e-05
6.902216140642383453e-05
6.901123399128485146e-05
6.900030657614586839e-05
6.898937916100688532e-05
6.897845174586790225e-05
6.896752433072891918e-05
6.895659691558993611e-05
6.894566950045095304e-05
6.893474208531196997e-05
6.892381467017297334e-05
6.891288725503399027e-05
6.890195983989500720e-05
6.889103242475602413e-05
6.886517358749580321e-05
6.882438332811433089e-05
6.878359306873287212e-05
6.874280280935139980e-05
6.870201254996994103e-05
6.866122229058846871e-05
6.862043203120700994e-05
6.857964177182553761e-05
6.853885151244406529e-05
6.849806125306260652e-05
6.845727099368113420e-05
6.841648073429967543e-05
6.837569047491820311e-05
6.833490021553674434e-05
6.829410995615527202e-05
6.825331969677381325e-05
6.821252943739234092e-05
6.820325982008116445e-05
6.822551084484025673e-05
6.824776186959936256e-05
6.827001289435846840e-05
6.829226391911756068e-05
6.831451494387666651e-05
6.833676596863577234e-05
6.835901699339486462e-05
6.838126801815397045e-05
6.840351904291307628e-05
6.842577006767216856e-05
6.844802109243127439e-05
6.847027211719036667e-05
6.849252314194947250e-05
6.851477416670857833e-05
6.853702519146767061e-05
6.855927621622677644e-05
6.853129547337055466e-05
6.850331473051431933e-05
6.847533398765809755e-05
6.844735324480187577e-05
6.841937250194564044e-05
6.839139175908941866e-05
6.836341101623319687e-05
6.833543027337697509e-05
6.830744953052073976e-05
6.827946878766451798e-05
6.825148804480829620e-05
6.822350730195206087e-05
6.819552655909583909e-05
6.816754581623961731e-05
6.813956507338338197e-05
6.811158433052716019e-05
6.808927712979211469e-05
6.807264347117821836e-05
6.805600981256434913e-05
6.803937615395045280e-05
6.802274249533658357e-05
6.800610883672268724e-05
6.798947517810881801e-05
6.797284151949492168e-05
6.795620786088105245e-05
6.793957420226715612e-05
6.792294054365328689e-05
6.790630688503939056e-05
6.788967322642552133e-05
6.787303956781162500e-05
6.785640590919775578e-05
6.783977225058385944e-05
6.782313859196999022e-05
6.782440428739649509e-05
6.784356933686340116e-05
6.786273438633030723e-05
6.788189943579721330e-05
6.790106448526411938e-05
6.792022953473102545e-05
6.793939458419793152e-05
6.795855963366483760e-05
6.797772468313174367e-05
6.799688973259864974e-05
6.801605478206555581e-05
6.803521983153246189e-05
6.805438488099936796e-05
6.807354993046627403e-05
6.809271497993318011e-05
6.811188002940008618e-05
6.813104507886699225e-05
6.813727671833996204e-05
6.813057494781900910e-05
6.812387317729804261e-05
6.811717140677707612e-05
6.811046963625612318e-05
6.810376786573515669e-05
6.809706609521419020e-05
6.809036432469323726e-05
6.808366255417227077e-05
6.807696078365130428e-05
6.807025901313035134e-05
6.806355724260938485e-05
6.805685547208843191e-05
6.805015370156746542e-05
6.804345193104649892e-05
6.803675016052554599e-05
6.803004839000457949e-05
6.801851776962379126e-05
6.800698714924300302e-05
6.799545652886221478e-05
6.798392590848142654e-05
6.797239528810063830e-05
6.796086466771985007e-05
6.794933404733906183e-05
6.793780342695827359e-05
6.792627280657748535e-05
6.791474218619669712e-05
6.790321156581590888e-05
6.789168094543512064e-05
6.788015032505433240e-05
6.786861970467354416e-05
6.785708908429275593e-05
6.784555846391196769e-05
6.783253838274829210e-05
6.781802884080171561e-05
6.780351929885515268e-05
6.778900975690857619e-05
6.777450021496199970e-05
6.775999067301543676e-05
6.774548113106886027e-05
6.773097158912229734e-05
6.771646204717572085e-05
6.770195250522914436e-05
6.768744296328258142e-05
6.767293342133600493e-05
6.765842387938944200e-05
6.764391433744286551e-05
6.762940479549628902e-05
6.761489525354972608e-05
6.760038571160314959e-05
6.760706036970614674e-05
6.763491922785870396e-05
6.766277808601126118e-05
6.769063694416381841e-05
6.771849580231636208e-05
6.774635466046891930e-05
6.777421351862147653e-05
6.780207237677403375e-05
6.782993123492659098e-05
6.785779009307914820e-05
6.788564895123170542e-05
6.791350780938426265e-05
6.794136666753680632e-05
6.796922552568936354e-05
6.799708438384192077e-05
6.802494324199447799e-05
6.805280210014703522e-05
6.802946086600201330e-05
6.800611963185697784e-05
6.798277839771195593e-05
6.795943716356692046e-05
6.793609592942189855e-05
6.791275469527686308e-05
6.788941346113184117e-05
6.786607222698680570e-05
6.784273099284178379e-05
6.781938975869674833e-05
6.779604852455172641e-05
6.777270729040670450e-05
6.774936605626166904e-05
6.772602482211664712e-05
6.770268358797161166e-05
6.767934235382658975e-05
6.768852821235587353e-05
6.773024116355946301e-05
6.777195411476305250e-05
6.781366706596664198e-05
6.785538001717023146e-05
6.789709296837382094e-05
6.793880591957741043e-05
6.798051887078099991e-05
6.802223182198458939e-05
6.806394477318819243e-05
6.810565772439178191e-05
6.814737067559537139e-05
6.818908362679896088e-05
6.823079657800255036e-05
6.827250952920613984e-05
6.831422248040972933e-05
6.835593543161331881e-05
6.836302669296209973e-05
6.833549626445604497e-05
6.830796583595000377e-05
6.828043540744394902e-05
6.825290497893790782e-05
6.822537455043185307e-05
6.819784412192581187e-05
6.817031369341975712e-05
6.814278326491371592e-05
6.811525283640766117e-05
6.808772240790160642e-05
6.806019197939556522e-05
6.803266155088951047e-05
6.800513112238346927e-05
6.797760069387741451e-05
6.795007026537137331e-05
6.792253983686531856e-05
6.792125088135852334e-05
6.794620339885096055e-05
6.797115591634339776e-05
6.799610843383583497e-05
6.802106095132827218e-05
6.804601346882070939e-05
6.807096598631314660e-05
6.809591850380558380e-05
6.812087102129802101e-05
6.814582353879045822e-05
6.817077605628289543e-05
6.819572857377533264e-05
6.822068109126776985e-05
6.824563360876020706e-05
6.827058612625264426e-05
6.829553864374508147e-05
6.832049116123751868e-05
6.824055753132709232e-05
6.816062390141666596e-05
6.808069027150623960e-05
6.800075664159581324e-05
6.792082301168538689e-05
6.784088938177496053e-05
6.776095575186453417e-05
6.768102212195410781e-05
6.760108849204368145e-05
6.752115486213325509e-05
6.744122123222282873e-05
6.736128760231240237e-05
6.728135397240197601e-05
6.720142034249154965e-05
6.712148671258112329e-05
6.704155308267069693e-05
6.703181977886270174e-05
6.709228680115715126e-05
6.715275382345160078e-05
6.721322084574606385e-05
6.727368786804051337e-05
6.733415489033496289e-05
6.739462191262941240e-05
6.745508893492386192e-05
6.751555595721831144e-05
6.757602297951277451e-05
6.763649000180722403e-05
6.769695702410167355e-05
6.775742404639612307e-05
6.781789106869057259e-05
6.787835809098503566e-05
6.793882511327948518e-05
6.799929213557393470e-05
6.800338466005156565e-05
6.795110268671239158e-05
6.789882071337320396e-05
6.784653874003402990e-05
6.779425676669484228e-05
6.774197479335566821e-05
6.768969282001649414e-05
6.763741084667730652e-05
6.758512887333813246e-05
6.753284689999894484e-05
6.748056492665977077e-05
6.742828295332058315e-05
6.737600097998140908e-05
6.732371900664222146e-05
6.727143703330304739e-05
6.721915505996385978e-05
6.716687308662468571e-05
6.716520145596650371e-05
6.716352982530832171e-05
6.716185819465013971e-05
6.716018656399195771e-05
6.715851493333377571e-05
6.715684330267560726e-05
6.715517167201742526e-05
6.715350004135924326e-05
6.715182841070106126e-05
6.715015678004287926e-05
6.714848514938469726e-05
6.714681351872651526e-05
6.714514188806833326e-05
6.714347025741015126e-05
6.714179862675196927e-05
6.714012699609378727e-05
6.715269338717615047e-05
6.717949779999905888e-05
6.720630221282195373e-05
6.723310662564484859e-05
6.725991103846775700e-05
6.728671545129065186e-05
6.731351986411356026e-05
6.734032427693645512e-05
6.736712868975934998e-05
6.739393310258225839e-05
6.742073751540515324e-05
6.744754192822806165e-05
6.747434634105095651e-05
6.750115075387386491e-05
6.752795516669675977e-05
6.755475957951965463e-05
6.758156399234256304e-05
6.760464370398723349e-05
6.762399871445367954e-05
6.764335372492012559e-05
6.766270873538655808e-05
6.768206374585300413e-05
6.770141875631945018e-05
6.772077376678589623e-05
6.774012877725234228e-05
6.775948378771878833e-05
6.777883879818522082e-05
6.779819380865166687e-05
6.781754881911811292e-05
6.783690382958455897e-05
6.785625884005100502e-05
6.787561385051743752e-05
6.789496886098388357e-05
6.791432387145032962e-05
6.790766709342879466e-05
6.787499852691929224e-05
6.784232996040977627e-05
6.780966139390026031e-05
6.777699282739075789e-05
6.774432426088124193e-05
6.771165569437173951e-05
6.767898712786222354e-05
6.764631856135272113e-05
6.761364999484320516e-05
6.758098142833368919e-05
6.754831286182418678e-05
6.751564429531467081e-05
6.748297572880516840e-05
6.745030716229565243e-05
6.741763859578615002e-05
6.738497002927663405e-05
6.740131382243205792e-05
6.741765761558748179e-05
6.743400140874290566e-05
6.745034520189831598e-05
6.746668899505373984e-05
6.748303278820916371e-05
6.749937658136458758e-05
6.751572037452001145e-05
6.753206416767543532e-05
6.754840796083084564e-05
6.756475175398626951e-05
6.758109554714169338e-05
6.759743934029711725e-05
6.761378313345254112e-05
6.763012692660796499e-05
6.764647071976338886e-05
6.765394719682668047e-05
6.765255635779786694e-05
6.765116551876905341e-05
6.764977467974023987e-05
6.764838384071141279e-05
6.764699300168259925e-05
6.764560216265378572e-05
6.764421132362497219e-05
6.764282048459614510e-05
6.764142964556733157e-05
6.764003880653851803e-05
6.763864796750970450e-05
6.763725712848089097e-05
6.763586628945206388e-05
6.763447545042325035e-05
6.763308461139443681e-05
6.763169377236562328e-05
6.764595602445221025e-05
6.767587136765419774e-05
6.770578671085618523e-05
6.773570205405818627e-05
6.776561739726017376e-05
6.779553274046217480e-05
6.782544808366416228e-05
6.785536342686614977e-05
6.788527877006815081e-05
6.791519411327013830e-05
6.794510945647213934e-05
6.797502479967412682e-05
6.800494014287611431e-05
6.803485548607811535e-05
6.806477082928010284e-05
6.809468617248210388e-05
6.812460151568409136e-05
6.807655485585070818e-05
6.802850819601732500e-05
6.798046153618394181e-05
6.793241487635055863e-05
6.788436821651716189e-05
6.783632155668377871e-05
6.778827489685039552e-05
6.774022823701701234e-05
6.769218157718362916e-05
6.764413491735024597e-05
6.759608825751686279e-05
6.754804159768347960e-05
6.749999493785008287e-05
6.745194827801669968e-05
6.740390161818331650e-05
6.735585495834993332e-05
6.733451419284489450e-05
6.733987932166820005e-05
6.734524445049150561e-05
6.735060957931482471e-05
6.735597470813813026e-05
6.736133983696143582e-05
6.736670496578474137e-05
6.737207009460804692e-05
6.737743522343135247e-05
6.738280035225467158e-05
6.738816548107797713e-05
6.739353060990128268e-05
6.739889573872458824e-05
6.740426086754789379e-05
6.740962599637121289e-05
6.741499112519451845e-05
6.742035625401782400e-05
6.740652671621290672e-05
6.737350251177978016e-05
6.734047830734665361e-05
6.730745410291352705e-05
6.727442989848038694e-05
6.724140569404726039e-05
6.720838148961413383e-05
6.717535728518100728e-05
6.714233308074786717e-05
6.710930887631474061e-05
6.707628467188161405e-05
6.704326046744848750e-05
6.701023626301536094e-05
6.697721205858222083e-05
6.694418785414909428e-05
6.691116364971596772e-05
6.687813944528284117e-05
6.685750279851851885e-05
6.684925370942301434e-05
6.684100462032749627e-05
6.683275553123199176e-05
6.682450644213648724e-05
6.681625735304098273e-05
6.680800826394546466e-05
6.679975917484996014e-05
6.679151008575445563e-05
6.678326099665895111e-05
6.677501190756343304e-05
6.676676281846792853e-05
6.675851372937242401e-05
6.675026464027691950e-05
6.674201555118140143e-05
6.673376646208589692e-05
6.672551737299039240e-05
6.674843848113969481e-05
6.677135958928899723e-05
6.679428069743829964e-05
6.681720180558760205e-05
6.684012291373690447e-05
6.686304402188620688e-05
6.688596513003550929e-05
6.690888623818481171e-05
6.693180734633411412e-05
6.695472845448341653e-05
6.697764956263271895e-05
6.700057067078202136e-05
6.702349177893132377e-05
6.704641288708062619e-05
6.706933399522992860e-05
6.709225510337923101e-05
6.709824258593870955e-05
6.708729644290835066e-05
6.707635029987799177e-05
6.706540415684763288e-05
6.705445801381727398e-05
6.704351187078691509e-05
6.703256572775656975e-05
6.702161958472621086e-05
6.701067344169585197e-05
6.699972729866549308e-05
6.698878115563513418e-05
6.697783501260478885e-05
6.696688886957442995e-05
6.695594272654407106e-05
6.694499658351371217e-05
6.693405044048335328e-05
6.692310429745299439e-05
6.690694139884279033e-05
6.688556174465272756e-05
6.686418209046266479e-05
6.684280243627261557e-05
6.682142278208255280e-05
6.680004312789249003e-05
6.677866347370242726e-05
6.675728381951236449e-05
6.673590416532231527e-05
6.671452451113225250e-05
6.669314485694218973e-05
6.667176520275212696e-05
6.665038554856206419e-05
6.662900589437200142e-05
6.660762624018195220e-05
6.658624658599188943e-05
6.656486693180182666e-05
6.656187874552601331e-05
6.657728202716444940e-05
6.659268530880289904e-05
6.660808859044133512e-05
6.662349187207977121e-05
6.663889515371822084e-05
6.665429843535665693e-05
6.666970171699509301e-05
6.668510499863354265e-05
6.670050828027197874e-05
6.671591156191041482e-05
6.673131484354885090e-05
6.674671812518730054e-05
6.676212140682573663e-05
6.677752468846417271e-05
6.679292797010262235e-05
6.680833125174105843e-05
6.683191929862199231e-05
6.685550734550293973e-05
6.687909539238387361e-05
6.690268343926480748e-05
6.692627148614575491e-05
6.694985953302668878e-05
6.697344757990762265e-05
6.699703562678857008e-05
6.702062367366950395e-05
6.704421172055043782e-05
6.706779976743138525e-05
6.709138781431231912e-05
6.711497586119325300e-05
6.713856390807420042e-05
6.716215195495513430e-05
6.718574000183606817e-05
6.720016050670351638e-05
6.720541346955746537e-05
6.721066643241141436e-05
6.721591939526536336e-05
6.722117235811929880e-05
6.722642532097324779e-05
6.723167828382719678e-05
6.723693124668114578e-05
6.724218420953509477e-05
6.724743717238904376e-05
6.725269013524299276e-05
6.725794309809694175e-05
6.726319606095089074e-05
6.726844902380482618e-05
6.727370198665877518e-05
6.727895494951272417e-05
6.728420791236667316e-05
6.726768748715073604e-05
6.722939367386491279e-05
6.719109986057908955e-05
6.715280604729326631e-05
6.711451223400744306e-05
6.707621842072161982e-05
6.703792460743579658e-05
6.699963079414997334e-05
6.696133698086416364e-05
6.692304316757834040e-05
6.688474935429251716e-05
6.684645554100669392e-05
6.680816172772087067e-05
6.676986791443504743e-05
6.673157410114922419e-05
6.669328028786340094e-05
6.665498647457757770e-05
6.667766472978915574e-05
6.670034298500074734e-05
6.672302124021232538e-05
6.674569949542390342e-05
6.676837775063549502e-05
6.679105600584707306e-05
6.681373426105865110e-05
6.683641251627024269e-05
6.685909077148182074e-05
6.688176902669339878e-05
6.690444728190499037e-05
6.692712553711656842e-05
6.694980379232814646e-05
6.697248204753973805e-05
6.699516030275131609e-05
6.701783855796289414e-05
6.704188874791435773e-05
6.706731087260570687e-05
6.709273299729705600e-05
6.711815512198839159e-05
6.714357724667974073e-05
6.716899937137108987e-05
6.719442149606242546e-05
6.721984362075377460e-05
6.724526574544511018e-05
6.727068787013645932e-05
6.729610999482780846e-05
6.732153211951914405e-05
6.734695424421049319e-05
6.737237636890184233e-05
6.739779849359317791e-05
6.742322061828452705e-05
6.744864274297587619e-05
6.745311735444820044e-05
6.743664445270152689e-05
6.742017155095483979e-05
6.740369864920816624e-05
6.738722574746147914e-05
6.737075284571480559e-05
6.735427994396811849e-05
6.733780704222144494e-05
6.732133414047475784e-05
6.730486123872807074e-05
6.728838833698139719e-05
6.727191543523471009e-05
6.725544253348803654e-05
6.723896963174134944e-05
6.722249672999467589e-05
6.720602382824798879e-05
6.718955092650131524e-05
6.717189402159366501e-05
6.715305311352506520e-05
6.713421220545646539e-05
6.711537129738786558e-05
6.709653038931926577e-05
6.707768948125066597e-05
6.705884857318206616e-05
6.704000766511346635e-05
6.702116675704486654e-05
6.700232584897626673e-05
6.698348494090766692e-05
6.696464403283906711e-05
6.694580312477046730e-05
6.692696221670186749e-05
6.690812130863326769e-05
6.688928040056466788e-05
6.687043949249606807e-05
6.686351134948146182e-05
6.685658320646685557e-05
6.684965506345224933e-05
6.684272692043764308e-05
6.683579877742303684e-05
6.682887063440843059e-05
6.682194249139382434e-05
6.681501434837921810e-05
6.680808620536461185e-05
6.680115806235000561e-05
6.679422991933539936e-05
6.678730177632079311e-05
6.678037363330618687e-05
6.677344549029158062e-05
6.676651734727697437e-05
6.675958920426236813e-05
6.677431098764144922e-05
6.681068269741421766e-05
6.684705440718697255e-05
6.688342611695974099e-05
6.691979782673250943e-05
6.695616953650526432e-05
6.699254124627803276e-05
6.702891295605080120e-05
6.706528466582356964e-05
6.710165637559632453e-05
6.713802808536909297e-05
6.717439979514186141e-05
6.721077150491461629e-05
6.724714321468738473e-05
6.728351492446015317e-05
6.731988663423290806e-05
6.735625834400567650e-05
6.735335108977636874e-05
6.731116487154497122e-05
6.726897865331357370e-05
6.722679243508217618e-05
6.718460621685077867e-05
6.714241999861938115e-05
6.710023378038798363e-05
6.705804756215659967e-05
6.701586134392520215e-05
6.697367512569380463e-05
6.693148890746240711e-05
6.688930268923100960e-05
6.684711647099961208e-05
6.680493025276822811e-05
6.676274403453683060e-05
6.672055781630543308e-05
6.667837159807403556e-05
6.672858568364965217e-05
6.677879976922528233e-05
6.682901385480089895e-05
6.687922794037651556e-05
6.692944202595214572e-05
6.697965611152776233e-05
6.702987019710337894e-05
6.708008428267900911e-05
6.713029836825462572e-05
6.718051245383024233e-05
6.723072653940587249e-05
6.728094062498148910e-05
6.733115471055710571e-05
6.738136879613273588e-05
6.743158288170835249e-05
6.748179696728396910e-05
6.750311136152078811e-05
6.749552606441878240e-05
6.748794076731677669e-05
6.748035547021477099e-05
6.747277017311276528e-05
6.746518487601075957e-05
6.745759957890876742e-05
6.745001428180676171e-05
6.744242898470475601e-05
6.743484368760275030e-05
6.742725839050074459e-05
6.741967309339875244e-05
6.741208779629674673e-05
6.740450249919474103e-05
6.739691720209273532e-05
6.738933190499072962e-05
6.738174660788872391e-05
6.736126113826077628e-05
6.732787549610687317e-05
6.729448985395297005e-05
6.726110421179906694e-05
6.722771856964516383e-05
6.719433292749126072e-05
6.716094728533735761e-05
6.712756164318345450e-05
6.709417600102955139e-05
6.706079035887563473e-05
6.702740471672173162e-05
6.699401907456782850e-05
6.696063343241392539e-05
6.692724779026002228e-05
6.689386214810611917e-05
6.686047650595221606e-05
6.682709086379831295e-05
6.681311052109933772e-05
6.681853547785530391e-05
6.682396043461125655e-05
6.682938539136722275e-05
6.683481034812317539e-05
6.684023530487914159e-05
6.684566026163509423e-05
6.685108521839106042e-05
6.685651017514701307e-05
6.686193513190297926e-05
6.686736008865893190e-05
6.687278504541489810e-05
6.687821000217085074e-05
6.688363495892681693e-05
6.688905991568276958e-05
6.689448487243873577e-05
6.689990982919468841e-05
6.691951530428504253e-05
6.693912077937539664e-05
6.695872625446573721e-05
6.697833172955609132e-05
6.699793720464644543e-05
6.701754267973679955e-05
6.703714815482715366e-05
6.705675362991749423e-05
6.707635910500784834e-05
6.709596458009820246e-05
6.711557005518855657e-05
6.713517553027889713e-05
6.715478100536925125e-05
6.717438648045960536e-05
6.719399195554995948e-05
6.721359743064031359e-05
6.721955257959459781e-05
6.721185740241283923e-05
6.720416222523106710e-05
6.719646704804930852e-05
6.718877187086754995e-05
6.718107669368577782e-05
6.717338151650401924e-05
6.716568633932224711e-05
6.715799116214048853e-05
6.715029598495872996e-05
6.714260080777695783e-05
6.713490563059519925e-05
6.712721045341342712e-05
6.711951527623166854e-05
6.711182009904990997e-05
6.710412492186813784e-05
6.709642974468637926e-05
6.709486612418182050e-05
6.709943406035446156e-05
6.710400199652710263e-05
6.710856993269974369e-05
6.711313786887238475e-05
6.711770580504502581e-05
6.712227374121766687e-05
6.712684167739032149e-05
6.713140961356296255e-05
6.713597754973560361e-05
6.714054548590824467e-05
6.714511342208088574e-05
6.714968135825352680e-05
6.715424929442618141e-05
6.715881723059882247e-05
6.716338516677146354e-05
6.716795310294410460e-05
6.714606261407047401e-05
6.712417212519684341e-05
6.710228163632321282e-05
6.708039114744959578e-05
6.705850065857596519e-05
6.703661016970233460e-05
6.701471968082870401e-05
6.699282919195507341e-05
6.697093870308144282e-05
6.694904821420782578e-05
6.692715772533419519e-05
6.690526723646056460e-05
6.688337674758693401e-05
6.686148625871330342e-05
6.683959576983967282e-05
6.681770528096604223e-05
6.682470414238427501e-05
6.686059235409435762e-05
6.689648056580445377e-05
6.693236877751453638e-05
6.696825698922461898e-05
6.700414520093470158e-05
6.704003341264479774e-05
6.707592162435488034e-05
6.711180983606496295e-05
6.714769804777504555e-05
6.718358625948512815e-05
6.721947447119522431e-05
6.725536268290530691e-05
6.729125089461538952e-05
6.732713910632547212e-05
6.736302731803556828e-05
6.739891552974565088e-05
6.741532024015513107e-05
6.741224144926399528e-05
6.740916265837285949e-05
6.740608386748172371e-05
6.740300507659058792e-05
6.739992628569945214e-05
6.739684749480831635e-05
6.739376870391718057e-05
6.739068991302605833e-05
6.738761112213492255e-05
6.738453233124378676e-05
6.738145354035265098e-05
6.737837474946151519e-05
6.737529595857037941e-05
6.737221716767924362e-05
6.736913837678810784e-05
6.736605958589697205e-05
6.738589232364171377e-05
6.742863659002233299e-05
6.747138085640295220e-05
6.751412512278357142e-05
6.755686938916417709e-05
6.759961365554479631e-05
6.764235792192541553e-05
6.768510218830602119e-05
6.772784645468664041e-05
6.777059072106725963e-05
6.781333498744787885e-05
6.785607925382848452e-05
6.789882352020910374e-05
6.794156778658972295e-05
6.798431205297034217e-05
6.802705631935094784e-05
6.806980058573156706e-05
6.804090500909005406e-05
6.801200943244855462e-05
6.798311385580704162e-05
6.795421827916552863e-05
6.792532270252402919e-05
6.789642712588251619e-05
6.786753154924100319e-05
6.783863597259950375e-05
6.780974039595799076e-05
6.778084481931647776e-05
6.775194924267497832e-05
6.772305366603346532e-05
6.769415808939195233e-05
6.766526251275045288e-05
6.763636693610893989e-05
6.760747135946742689e-05
6.760388732911762246e-05
6.762561484505951305e-05
6.764734236100141719e-05
6.766906987694330778e-05
6.769079739288519837e-05
6.771252490882710251e-05
6.773425242476899309e-05
6.775597994071088368e-05
6.777770745665278782e-05
6.779943497259467841e-05
6.782116248853656900e-05
6.784289000447845958e-05
6.786461752042036372e-05
6.788634503636225431e-05
6.790807255230414490e-05
6.792980006824604904e-05
6.795152758418793962e-05
6.793519946270791250e-05
6.788081570380598122e-05
6.782643194490403638e-05
6.777204818600209154e-05
6.771766442710016026e-05
6.766328066819821542e-05
6.760889690929627058e-05
6.755451315039433930e-05
6.750012939149239446e-05
6.744574563259044962e-05
6.739136187368851834e-05
6.733697811478657350e-05
6.728259435588464221e-05
6.722821059698269738e-05
6.717382683808075254e-05
6.711944307917882126e-05
6.706505932027687642e-05
6.706733805385922491e-05
6.706961678744157340e-05
6.707189552102393545e-05
6.707417425460628394e-05
6.707645298818863244e-05
6.707873172177098093e-05
6.708101045535332942e-05
6.708328918893569147e-05
6.708556792251803996e-05
6.708784665610038845e-05
6.709012538968273695e-05
6.709240412326509899e-05
6.709468285684744748e-05
6.709696159042979598e-05
6.709924032401214447e-05
6.710151905759449296e-05
6.711060402410471293e-05
6.712649522354279083e-05
6.714238642298086873e-05
6.715827762241894663e-05
6.717416882185701097e-05
6.719006002129508887e-05
6.720595122073316676e-05
6.722184242017124466e-05
6.723773361960932256e-05
6.725362481904740045e-05
6.726951601848547835e-05
6.728540721792355625e-05
6.730129841736163414e-05
6.731718961679969849e-05
6.733308081623777639e-05
6.734897201567585428e-05
6.736486321511393218e-05
6.738460144540646261e-05
6.740818670655343201e-05
6.743177196770040141e-05
6.745535722884738437e-05
6.747894248999435378e-05
6.750252775114132318e-05
6.752611301228830614e-05
6.754969827343527554e-05
6.757328353458225850e-05
6.759686879572922790e-05
6.762045405687619731e-05
6.764403931802318026e-05
6.766762457917014967e-05
6.769120984031711907e-05
6.771479510146410203e-05
6.773838036261107143e-05
6.776196562375804084e-05
6.777488957590240741e-05
6.777715221904415761e-05
6.777941486218589425e-05
6.778167750532764445e-05
6.778394014846939465e-05
6.778620279161113129e-05
6.778846543475288149e-05
6.779072807789463168e-05
6.779299072103636833e-05
6.779525336417811853e-05
6.779751600731986872e-05
6.779977865046161892e-05
6.780204129360335556e-05
6.780430393674510576e-05
6.780656657988685596e-05
6.780882922302859260e-05
6.781109186617034280e-05
6.776949201455899916e-05
6.772789216294765552e-05
6.768629231133631188e-05
6.764469245972496824e-05
6.760309260811362461e-05
6.756149275650228097e-05
6.751989290489093733e-05
6.747829305327959369e-05
6.743669320166825005e-05
6.739509335005690641e-05
6.735349349844556278e-05
6.731189364683421914e-05
6.727029379522287550e-05
6.722869394361153186e-05
6.718709409200018822e-05
6.714549424038884458e-05
6.713784195125081550e-05
6.716413722458610097e-05
6.719043249792138644e-05
6.721672777125667190e-05
6.724302304459194382e-05
6.726931831792722929e-05
6.729561359126251475e-05
6.732190886459780022e-05
6.734820413793307214e-05
6.737449941126835761e-05
6.740079468460364307e-05
6.742708995793892854e-05
6.745338523127421401e-05
6.747968050460948592e-05
6.750597577794477139e-05
6.753227105128005686e-05
6.755856632461534233e-05
6.756373780260681403e-05
6.754778548525449907e-05
6.753183316790218411e-05
6.751588085054986916e-05
6.749992853319754064e-05
6.748397621584522569e-05
6.746802389849291073e-05
6.745207158114059577e-05
6.743611926378828081e-05
6.742016694643595230e-05
6.740421462908363734e-05
6.738826231173132239e-05
6.737230999437900743e-05
6.735635767702667892e-05
6.734040535967436396e-05
6.732445304232204900e-05
6.730850072496973404e-05
6.732497265193842356e-05
6.737386882322813112e-05
6.742276499451783868e-05
6.747166116580755979e-05
6.752055733709726735e-05
6.756945350838697490e-05
6.761834967967668246e-05
6.766724585096639002e-05
6.771614202225611113e-05
6.776503819354581868e-05
6.781393436483552624e-05
6.786283053612523380e-05
6.791172670741494135e-05
6.796062287870464891e-05
6.800951904999437002e-05
6.805841522128407758e-05
6.810731139257378513e-05
6.813701955234416113e-05
6.816672771211452358e-05
6.819643587188489958e-05
6.822614403165526203e-05
6.825585219142563803e-05
6.828556035119600048e-05
6.831526851096637648e-05
6.834497667073675248e-05
6.837468483050711493e-05
6.840439299027749093e-05
6.843410115004785338e-05
6.846380930981822938e-05
6.849351746958859182e-05
6.852322562935896783e-05
6.855293378912934383e-05
6.858264194889970627e-05
6.860101673333985478e-05
6.860805814244978935e-05
6.861509955155972393e-05
6.862214096066965850e-05
6.862918236977959307e-05
6.863622377888952764e-05
6.864326518799946221e-05
6.865030659710939678e-05
6.865734800621933135e-05
6.866438941532926592e-05
6.867143082443920050e-05
6.867847223354913507e-05
6.868551364265906964e-05
6.869255505176900421e-05
6.869959646087893878e-05
6.870663786998887335e-05
6.871367927909880792e-05
6.869336620160427923e-05
6.864569863750531438e-05
6.859803107340633598e-05
6.855036350930735758e-05
6.850269594520839273e-05
6.845502838110941433e-05
6.840736081701043593e-05
6.835969325291147108e-05
6.831202568881249268e-05
6.826435812471351428e-05
6.821669056061454943e-05
6.816902299651557103e-05
6.812135543241660618e-05
6.807368786831762778e-05
6.802602030421864938e-05
6.797835274011968453e-05
6.793068517602070613e-05
6.793478981523524442e-05
6.793889445444976916e-05
6.794299909366430744e-05
6.794710373287883218e-05
6.795120837209337047e-05
6.795531301130789520e-05
6.795941765052243349e-05
6.796352228973695823e-05
6.796762692895149652e-05
6.797173156816602125e-05
6.797583620738055954e-05
6.797994084659508428e-05
6.798404548580962257e-05
6.798815012502414730e-05
6.799225476423868559e-05
6.799635940345321033e-05
6.799683567091826511e-05
6.799368356663384994e-05
6.799053146234942122e-05
6.798737935806500605e-05
6.798422725378059088e-05
6.798107514949616216e-05
6.797792304521174699e-05
6.797477094092731827e-05
6.797161883664290310e-05
6.796846673235848793e-05
6.796531462807405921e-05
6.796216252378964404e-05
6.795901041950521532e-05
6.795585831522080015e-05
6.795270621093638498e-05
6.794955410665195626e-05
6.794640200236754109e-05
6.793724137329244393e-05
6.792207221942666477e-05
6.790690306556088562e-05
6.789173391169512001e-05
6.787656475782934086e-05
6.786139560396356170e-05
6.784622645009778254e-05
6.783105729623201694e-05
6.781588814236623778e-05
6.780071898850045862e-05
6.778554983463469302e-05
6.777038068076891386e-05
6.775521152690313471e-05
6.774004237303735555e-05
6.772487321917158994e-05
6.770970406530581079e-05
6.769453491144003163e-05
6.770096505952862042e-05
6.772899450957156359e-05
6.775702395961450677e-05
6.778505340965744995e-05
6.781308285970039313e-05
6.784111230974333630e-05
6.786914175978627948e-05
6.789717120982922266e-05
6.792520065987216584e-05
6.795323010991510902e-05
6.798125955995805219e-05
6.800928901000099537e-05
6.803731846004393855e-05
6.806534791008688173e-05
6.809337736012982490e-05
6.812140681017276808e-05
6.814943626021571126e-05
6.814122774876819216e-05
6.813301923732067306e-05
6.812481072587315395e-05
6.811660221442563485e-05
6.810839370297811575e-05
6.810018519153059665e-05
6.809197668008307755e-05
6.808376816863555845e-05
6.807555965718803935e-05
6.806735114574052024e-05
6.805914263429300114e-05
6.805093412284548204e-05
6.804272561139796294e-05
6.803451709995044384e-05
6.802630858850292474e-05
6.801810007705540563e-05
6.803650180765088995e-05
6.808151378028937768e-05
6.812652575292786541e-05
6.817153772556635313e-05
6.821654969820484086e-05
6.826156167084332859e-05
6.830657364348181632e-05
6.835158561612030405e-05
6.839659758875879178e-05
6.844160956139727951e-05
6.848662153403576724e-05
6.853163350667425496e-05
6.857664547931274269e-05
6.862165745195123042e-05
6.866666942458971815e-05
6.871168139722820588e-05
6.875669336986669361e-05
6.877314380344796388e-05
6.876103269797200314e-05
6.874892159249604241e-05
6.873681048702009523e-05
6.872469938154413449e-05
6.871258827606817375e-05
6.870047717059222657e-05
6.868836606511626584e-05
6.867625495964030510e-05
6.866414385416435792e-05
6.865203274868839718e-05
6.863992164321243645e-05
6.862781053773648926e-05
6.861569943226052853e-05
6.860358832678456779e-05
6.859147722130862061e-05
6.857936611583265987e-05
6.859149235309113923e-05
6.860361859034961858e-05
6.861574482760808438e-05
6.862787106486656374e-05
6.863999730212504309e-05
6.865212353938352245e-05
6.866424977664200180e-05
6.867637601390046761e-05
6.868850225115894696e-05
6.870062848841742632e-05
6.871275472567590567e-05
6.872488096293437147e-05
6.873700720019285083e-05
6.874913343745133018e-05
6.876125967470980954e-05
6.877338591196828889e-05
6.875748683486749614e-05
6.871356244340743127e-05
6.866963805194736641e-05
6.862571366048730154e-05
6.858178926902723667e-05
6.853786487756717181e-05
6.849394048610710694e-05
6.845001609464704208e-05
6.840609170318697721e-05
6.836216731172691235e-05
6.831824292026684748e-05
6.827431852880678261e-05
6.823039413734671775e-05
6.818646974588665288e-05
6.814254535442658802e-05
6.809862096296652315e-05
6.805469657150645829e-05
6.803352398108062878e-05
6.803510319168903464e-05
6.803668240229744050e-05
6.803826161290583280e-05
6.803984082351423866e-05
6.804142003412264451e-05
6.804299924473103682e-05
6.804457845533944268e-05
6.804615766594783498e-05
6.804773687655624084e-05
6.804931608716464670e-05
6.805089529777303900e-05
6.805247450838144486e-05
6.805405371898985071e-05
6.805563292959824302e-05
6.805721214020664888e-05
6.805879135081505473e-05
6.806669493285130354e-05
6.808092288631540886e-05
6.809515083977951417e-05
6.810937879324361949e-05
6.812360674670772480e-05
6.813783470017183012e-05
6.815206265363593543e-05
6.816629060710004075e-05
6.818051856056415961e-05
6.819474651402826493e-05
6.820897446749237024e-05
6.822320242095647556e-05
6.823743037442058087e-05
6.825165832788468619e-05
6.826588628134879150e-05
6.828011423481289682e-05
6.829434218827700213e-05
6.827990636027109813e-05
6.826547053226520768e-05
6.825103470425930368e-05
6.823659887625339968e-05
6.822216304824750923e-05
6.820772722024160523e-05
6.819329139223570123e-05
6.817885556422979723e-05
6.816441973622390678e-05
6.814998390821800278e-05
6.813554808021209878e-05
6.812111225220620833e-05
6.810667642420030433e-05
6.809224059619440033e-05
6.807780476818850988e-05
6.806336894018260588e-05
6.806022100449753501e-05
6.806836096113328370e-05
6.807650091776903240e-05
6.808464087440478109e-05
6.809278083104052979e-05
6.810092078767627849e-05
6.810906074431202718e-05
6.811720070094777588e-05
6.812534065758353813e-05
6.813348061421928682e-05
6.814162057085503552e-05
6.814976052749078422e-05
6.815790048412653291e-05
6.816604044076228161e-05
6.817418039739803030e-05
6.818232035403377900e-05
6.819046031066952770e-05
6.820767238245641355e-05
6.823395656939443656e-05
6.826024075633245957e-05
6.828652494327048259e-05
6.831280913020850560e-05
6.833909331714652861e-05
6.836537750408455162e-05
6.839166169102257463e-05
6.841794587796059765e-05
6.844423006489862066e-05
6.847051425183664367e-05
6.849679843877465313e-05
6.852308262571267614e-05
6.854936681265069915e-05
6.857565099958872216e-05
6.860193518652674518e-05
6.862821937346476819e-05
6.859155318442084523e-05
6.855488699537693582e-05
6.851822080633301285e-05
6.848155461728908989e-05
6.844488842824518048e-05
6.840822223920125752e-05
6.837155605015733455e-05
6.833488986111341159e-05
6.829822367206950218e-05
6.826155748302557922e-05
6.822489129398165626e-05
6.818822510493774685e-05
6.815155891589382388e-05
6.811489272684990092e-05
6.807822653780599151e-05
6.804156034876206855e-05
6.801282411784052406e-05
6.799201784504137159e-05
6.797121157224221913e-05
6.795040529944306666e-05
6.792959902664391419e-05
6.790879275384476173e-05
6.788798648104559571e-05
6.786718020824644324e-05
6.784637393544729078e-05
6.782556766264813831e-05
6.780476138984898584e-05
6.778395511704981983e-05
6.776314884425066736e-05
6.774234257145151489e-05
6.772153629865236243e-05
6.770073002585320996e-05
6.767992375305405749e-05
6.768494623195075576e-05
6.771579746254331831e-05
6.774664869313588085e-05
6.777749992372844340e-05
6.780835115432101950e-05
6.783920238491358205e-05
6.787005361550614460e-05
6.790090484609870715e-05
6.793175607669126970e-05
6.796260730728383224e-05
6.799345853787639479e-05
6.802430976846895734e-05
6.805516099906151989e-05
6.808601222965409599e-05
6.811686346024665854e-05
6.814771469083922108e-05
6.817856592143178363e-05
6.820339505550269911e-05
6.822220209305195396e-05
6.824100913060120882e-05
6.825981616815046367e-05
6.827862320569971853e-05
6.829743024324897338e-05
6.831623728079822824e-05
6.833504431834748309e-05
6.835385135589673795e-05
6.837265839344599280e-05
6.839146543099524766e-05
6.841027246854451606e-05
6.842907950609377092e-05
6.844788654364302577e-05
6.846669358119228063e-05
6.848550061874153548e-05
6.850430765629079034e-05
6.847144292413947923e-05
6.843857819198815456e-05
6.840571345983684345e-05
6.837284872768553234e-05
6.833998399553422123e-05
6.830711926338289657e-05
6.827425453123158545e-05
6.824138979908027434e-05
6.820852506692896323e-05
6.817566033477763857e-05
6.814279560262632746e-05
6.810993087047501635e-05
6.807706613832369168e-05
6.804420140617238057e-05
6.801133667402106946e-05
6.797847194186975835e-05
6.796514645293389063e-05
6.797136020721349342e-05
6.797757396149309620e-05
6.798378771577269898e-05
6.799000147005230177e-05
6.799621522433190455e-05
6.800242897861149378e-05
6.800864273289109656e-05
6.801485648717069934e-05
6.802107024145030213e-05
6.802728399572990491e-05
6.803349775000949414e-05
6.803971150428909692e-05
6.804592525856869971e-05
6.805213901284830249e-05
6.805835276712790527e-05
6.806456652140750806e-05
6.808685904272181579e-05
6.812523033107084202e-05
6.816360161941986825e-05
6.820197290776890803e-05
6.824034419611793426e-05
6.827871548446696050e-05
6.831708677281598673e-05
6.835545806116501296e-05
6.839382934951405274e-05
6.843220063786307897e-05
6.847057192621210521e-05
6.850894321456113144e-05
6.854731450291015767e-05
6.858568579125918390e-05
6.862405707960822368e-05
6.866242836795724992e-05
6.870079965630627615e-05
6.864770055739374778e-05
6.859460145848123296e-05
6.854150235956870459e-05
6.848840326065618977e-05
6.843530416174366140e-05
6.838220506283114659e-05
6.832910596391861822e-05
6.827600686500608985e-05
6.822290776609357503e-05
6.816980866718104666e-05
6.811670956826853184e-05
6.806361046935600347e-05
6.801051137044348866e-05
6.795741227153096029e-05
6.790431317261843192e-05
6.785121407370591710e-05
6.784076771700650425e-05
6.787297410252020693e-05
6.790518048803389605e-05
6.793738687354759873e-05
6.796959325906130141e-05
6.800179964457499053e-05
6.803400603008869321e-05
6.806621241560239588e-05
6.809841880111609856e-05
6.813062518662978768e-05
6.816283157214349036e-05
6.819503795765719304e-05
6.822724434317088216e-05
6.825945072868458484e-05
6.829165711419828751e-05
6.832386349971197664e-05
6.835606988522567931e-05
6.835364009796435279e-05
6.831657413792798352e-05
6.827950817789161424e-05
6.824244221785524497e-05
6.820537625781887569e-05
6.816831029778250642e-05
6.813124433774613714e-05
6.809417837770976787e-05
6.805711241767339859e-05
6.802004645763702932e-05
6.798298049760066004e-05
6.794591453756429077e-05
6.790884857752792149e-05
6.787178261749155222e-05
6.783471665745518294e-05
6.779765069741881367e-05
6.776058473738244439e-05
6.773155247927930460e-05
6.771055392310936720e-05
6.768955536693942979e-05
6.766855681076949238e-05
6.764755825459955497e-05
6.762655969842961757e-05
6.760556114225968016e-05
6.758456258608975631e-05
6.756356402991981890e-05
6.754256547374988149e-05
6.752156691757994409e-05
6.750056836141000668e-05
6.747956980524006927e-05
6.745857124907014542e-05
6.743757269290020801e-05
6.741657413673027060e-05
6.739557558056033320e-05
6.746588335185060240e-05
6.753619112314087161e-05
6.760649889443114081e-05
6.767680666572141002e-05
6.774711443701167922e-05
6.781742220830194842e-05
6.788772997959221763e-05
6.795803775088248683e-05
6.802834552217275604e-05
6.809865329346302524e-05
6.816896106475329445e-05
6.823926883604356365e-05
6.830957660733383285e-05
6.837988437862410206e-05
6.845019214991437126e-05
6.852049992120464047e-05
6.853791346267927445e-05
6.850243277433827323e-05
6.846695208599728555e-05
6.843147139765628432e-05
6.839599070931528309e-05
6.836051002097429542e-05
6.832502933263329419e-05
6.828954864429229296e-05
6.825406795595129173e-05
6.821858726761030405e-05
6.818310657926930282e-05
6.814762589092830160e-05
6.811214520258731392e-05
6.807666451424631269e-05
6.804118382590531146e-05
6.800570313756432379e-05
6.797022244922332256e-05
6.795683131047303984e-05
6.796552972131346209e-05
6.797422813215388434e-05
6.798292654299432013e-05
6.799162495383474238e-05
6.800032336467516463e-05
6.800902177551558687e-05
6.801772018635602267e-05
6.802641859719644492e-05
6.803511700803686717e-05
6.804381541887730297e-05
6.805251382971772521e-05
6.806121224055814746e-05
6.806991065139856971e-05
6.807860906223900551e-05
6.808730747307942775e-05
6.809600588391985000e-05
6.809719983054742258e-05
6.809088931296211839e-05
6.808457879537681420e-05
6.807826827779152356e-05
6.807195776020621937e-05
6.806564724262091518e-05
6.805933672503562454e-05
6.805302620745032035e-05
6.804671568986501615e-05
6.804040517227972552e-05
6.803409465469442132e-05
6.802778413710911713e-05
6.802147361952382649e-05
6.801516310193852230e-05
6.800885258435321811e-05
6.800254206676792747e-05
6.799623154918262328e-05
6.798888935484318809e-05
6.798154716050376644e-05
6.797420496616433125e-05
6.796686277182490961e-05
6.795952057748547441e-05
6.795217838314605277e-05
6.794483618880661757e-05
6.793749399446718238e-05
6.793015180012776074e-05
6.792280960578832554e-05
6.791546741144890390e-05
6.790812521710946870e-05
6.790078302277004706e-05
6.789344082843061187e-05
6.788609863409117667e-05
6.787875643975175503e-05
6.785982167519754281e-05
6.782929434042856711e-05
6.779876700565959141e-05
6.776823967089061571e-05
6.773771233612164001e-05
6.770718500135266432e-05
6.767665766658368862e-05
6.764613033181471292e-05
6.761560299704573722e-05
6.758507566227676152e-05
6.755454832750778583e-05
6.752402099273881013e-05
6.749349365796983443e-05
6.746296632320085873e-05
6.743243898843188304e-05
6.740191165366290734e-05
6.737138431889393164e-05
6.736406850784502757e-05
6.737996422051622223e-05
6.739585993318740335e-05
6.741175564585859801e-05
6.742765135852977912e-05
6.744354707120097379e-05
6.745944278387216845e-05
6.747533849654334956e-05
6.749123420921454423e-05
6.750712992188572534e-05
6.752302563455692000e-05
6.753892134722810111e-05
6.755481705989929578e-05
6.757071277257047689e-05
6.758660848524167155e-05
6.760250419791285267e-05
6.761839991058404733e-05
6.762769946618192324e-05
6.763699902177981271e-05
6.764629857737768863e-05
6.765559813297557809e-05
6.766489768857345401e-05
6.767419724417134347e-05
6.768349679976921939e-05
6.769279635536710885e-05
6.770209591096498477e-05
6.771139546656287423e-05
6.772069502216075015e-05
6.772999457775862606e-05
6.773929413335651553e-05
6.774859368895439144e-05
6.775789324455228091e-05
6.776719280015015682e-05
6.777401728190518744e-05
6.777836668981735921e-05
6.778271609772954453e-05
6.778706550564171630e-05
6.779141491355388806e-05
6.779576432146607338e-05
6.780011372937824515e-05
6.780446313729041692e-05
6.780881254520260224e-05
6.781316195311477401e-05
6.781751136102694578e-05
6.782186076893911755e-05
6.782621017685130287e-05
6.783055958476347464e-05
6.783490899267564640e-05
6.783925840058783172e-05
6.784360780850000349e-05
6.784923650853486390e-05
6.785614450069242650e-05
6.786305249284998911e-05
6.786996048500755171e-05
6.787686847716511431e-05
6.788377646932267691e-05
6.789068446148023952e-05
6.789759245363780212e-05
6.790450044579535117e-05
6.791140843795291377e-05
6.791831643011047638e-05
6.792522442226803898e-05
6.793213241442560158e-05
6.793904040658316418e-05
6.794594839874072679e-05
6.795285639089828939e-05
6.795976438305585199e-05
6.796669115195590454e-05
6.797363669759847414e-05
6.798058224324104374e-05
6.798752778888361335e-05
6.799447333452618295e-05
6.800141888016873900e-05
6.800836442581130860e-05
6.801530997145387820e-05
6.802225551709644780e-05
6.802920106273900385e-05
6.803614660838157345e-05
6.804309215402414306e-05
6.805003769966671266e-05
6.805698324530928226e-05
6.806392879095183831e-05
6.807087433659440791e-05
6.807781988223697751e-05
6.807461345438014784e-05
6.807140702652331816e-05
6.806820059866648849e-05
6.806499417080965882e-05
6.806178774295282914e-05
6.805858131509598592e-05
6.805537488723915624e-05
6.805216845938232657e-05
6.804896203152549690e-05
6.804575560366866722e-05
6.804254917581183755e-05
6.803934274795500788e-05
6.803613632009817820e-05
6.803292989224134853e-05
6.802972346438451885e-05
6.802651703652768918e-05
6.802925573982747647e-05
6.803793957428389428e-05
6.804662340874031209e-05
6.805530724319672990e-05
6.806399107765314770e-05
6.807267491210956551e-05
6.808135874656598332e-05
6.809004258102240113e-05
6.809872641547881893e-05
6.810741024993525029e-05
6.811609408439166810e-05
6.812477791884808591e-05
6.813346175330450372e-05
6.814214558776092152e-05
6.815082942221733933e-05
6.815951325667375714e-05
6.816819709113017495e-05
6.818471637601918414e-05
6.820907111134077115e-05
6.823342584666237172e-05
6.825778058198397229e-05
6.828213531730555931e-05
6.830649005262715988e-05
6.833084478794874690e-05
6.835519952327034747e-05
6.837955425859193448e-05
6.840390899391353505e-05
6.842826372923513562e-05
6.845261846455672264e-05
6.847697319987832321e-05
6.850132793519991023e-05
6.852568267052151080e-05
6.855003740584309781e-05
6.857439214116469838e-05
6.855618555957707506e-05
6.853797897798943818e-05
6.851977239640181486e-05
6.850156581481419153e-05
6.848335923322655466e-05
6.846515265163893133e-05
6.844694607005130801e-05
6.842873948846368468e-05
6.841053290687604781e-05
6.839232632528842448e-05
6.837411974370080116e-05
6.835591316211316428e-05
6.833770658052554096e-05
6.831949999893791763e-05
6.830129341735028075e-05
6.828308683576265743e-05
6.827057398956389554e-05
6.826375487875400863e-05
6.825693576794410818e-05
6.825011665713422127e-05
6.824329754632433437e-05
6.823647843551443391e-05
6.822965932470454701e-05
6.822284021389464655e-05
6.821602110308475964e-05
6.820920199227487274e-05
6.820238288146497228e-05
6.819556377065508538e-05
6.818874465984518492e-05
6.818192554903529802e-05
6.817510643822541111e-05
6.816828732741551065e-05
6.816146821660562375e-05
6.817688994312892084e-05
6.821455250698542903e-05
6.825221507084192367e-05
6.828987763469843186e-05
6.832754019855492649e-05
6.836520276241143468e-05
6.840286532626792932e-05
6.844052789012443751e-05
6.847819045398093215e-05
6.851585301783742678e-05
6.855351558169393497e-05
6.859117814555042961e-05
6.862884070940693780e-05
6.866650327326343243e-05
6.870416583711994062e-05
6.874182840097643526e-05
6.877949096483294345e-05
6.878468995294182244e-05
6.875742536530308579e-05
6.873016077766434914e-05
6.870289619002559894e-05
6.867563160238686229e-05
6.864836701474812564e-05
6.862110242710938899e-05
6.859383783947065234e-05
6.856657325183190214e-05
6.853930866419316549e-05
6.851204407655442884e-05
6.848477948891569219e-05
6.845751490127695554e-05
6.843025031363821889e-05
6.840298572599946868e-05
6.837572113836073203e-05
6.834845655072199538e-05
6.830522827568805643e-05
6.826200000065410392e-05
6.821877172562016496e-05
6.817554345058622601e-05
6.813231517555227350e-05
6.808908690051833454e-05
6.804585862548438203e-05
6.800263035045044308e-05
6.795940207541650412e-05
6.791617380038255161e-05
6.787294552534861266e-05
6.782971725031467370e-05
6.778648897528072119e-05
6.774326070024678224e-05
6.770003242521284328e-05
6.765680415017889077e-05
6.764029084839397622e-05
6.765049251985807250e-05
6.766069419132218234e-05
6.767089586278627862e-05
6.768109753425038846e-05
6.769129920571448475e-05
6.770150087717859459e-05
6.771170254864269087e-05
6.772190422010680071e-05
6.773210589157089700e-05
6.774230756303499328e-05
6.775250923449910312e-05
6.776271090596319940e-05
6.777291257742730924e-05
6.778311424889140553e-05
6.779331592035551537e-05
6.780351759181961165e-05
6.783121138997963938e-05
6.787639731483557145e-05
6.792158323969151707e-05
6.796676916454744914e-05
6.801195508940339476e-05
6.805714101425932683e-05
6.810232693911525889e-05
6.814751286397120451e-05
6.819269878882713658e-05
6.823788471368308220e-05
6.828307063853901427e-05
6.832825656339495989e-05
6.837344248825089196e-05
6.841862841310683758e-05
6.846381433796276965e-05
6.850900026281871527e-05
6.855418618767464734e-05
6.852691961592534875e-05
6.849965304417605016e-05
6.847238647242675157e-05
6.844511990067745299e-05
6.841785332892815440e-05
6.839058675717884226e-05
6.836332018542954367e-05
6.833605361368024508e-05
6.830878704193094650e-05
6.828152047018164791e-05
6.825425389843234932e-05
6.822698732668305073e-05
6.819972075493375215e-05
6.817245418318445356e-05
6.814518761143515497e-05
6.811792103968585638e-05
6.811709913302643900e-05
6.814272189145690283e-05
6.816834464988736665e-05
6.819396740831783048e-05
6.821959016674829430e-05
6.824521292517875812e-05
6.827083568360922195e-05
6.829645844203968577e-05
6.832208120047014960e-05
6.834770395890061342e-05
6.837332671733107724e-05
6.839894947576154107e-05
6.842457223419200489e-05
6.845019499262246872e-05
6.847581775105293254e-05
6.850144050948339637e-05
6.852706326791386019e-05
6.853136136910549536e-05
6.851433481305828832e-05
6.849730825701108128e-05
6.848028170096387424e-05
6.846325514491666720e-05
6.844622858886946016e-05
6.842920203282225312e-05
6.841217547677504607e-05
6.839514892072783903e-05
6.837812236468064555e-05
6.836109580863343851e-05
6.834406925258623147e-05
6.832704269653902443e-05
6.831001614049181739e-05
6.829298958444461035e-05
6.827596302839740330e-05
6.825893647235019626e-05
6.824668592364440474e-05
6.823921138228004229e-05
6.823173684091567983e-05
6.822426229955131738e-05
6.821678775818694137e-05
6.820931321682257892e-05
6.820183867545821647e-05
6.819436413409384046e-05
6.818688959272947801e-05
6.817941505136511555e-05
6.817194051000075310e-05
6.816446596863637709e-05
6.815699142727201464e-05
6.814951688590765218e-05
6.814204234454328973e-05
6.813456780317891372e-05
6.812709326181455127e-05
6.814787008190284435e-05
6.816864690199115099e-05
6.818942372207944407e-05
6.821020054216773716e-05
6.823097736225603024e-05
6.825175418234433688e-05
6.827253100243262996e-05
6.829330782252092304e-05
6.831408464260921613e-05
6.833486146269752276e-05
6.835563828278581585e-05
6.837641510287410893e-05
6.839719192296241557e-05
6.841796874305070865e-05
6.843874556313900173e-05
6.845952238322729482e-05
6.845712720270829903e-05
6.843156002158198728e-05
6.840599284045567553e-05
6.838042565932937733e-05
6.835485847820306558e-05
6.832929129707675383e-05
6.830372411595044208e-05
6.827815693482414388e-05
6.825258975369783213e-05
6.822702257257152038e-05
6.820145539144522218e-05
6.817588821031891043e-05
6.815032102919259867e-05
6.812475384806628692e-05
6.809918666693998872e-05
6.807361948581367697e-05
6.804805230468736522e-05
6.806105064576764736e-05
6.811261450905449629e-05
6.816417837234134522e-05
6.821574223562819415e-05
6.826730609891504308e-05
6.831886996220189201e-05
6.837043382548875449e-05
6.842199768877560342e-05
6.847356155206245235e-05
6.852512541534930128e-05
6.857668927863615020e-05
6.862825314192301269e-05
6.867981700520986161e-05
6.873138086849671054e-05
6.878294473178355947e-05
6.883450859507040840e-05
6.888607245835725733e-05
6.889431293630787008e-05
6.885923002892223310e-05
6.882414712153659612e-05
6.878906421415095914e-05
6.875398130676532217e-05
6.871889839937968519e-05
6.868381549199404821e-05
6.864873258460841123e-05
6.861364967722277425e-05
6.857856676983713727e-05
6.854348386245150029e-05
6.850840095506586331e-05
6.847331804768022633e-05
6.843823514029458936e-05
6.840315223290895238e-05
6.836806932552331540e-05
6.833298641813767842e-05
6.832460451178117326e-05
6.831622260542466810e-05
6.830784069906816294e-05
6.829945879271165777e-05
6.829107688635515261e-05
6.828269497999863390e-05
6.827431307364212874e-05
6.826593116728562358e-05
6.825754926092911842e-05
6.824916735457261326e-05
6.824078544821610809e-05
6.823240354185960293e-05
6.822402163550309777e-05
6.821563972914659261e-05
6.820725782279008745e-05
6.819887591643358229e-05
6.822493347387580944e-05
6.828543049511678247e-05
6.834592751635775549e-05
6.840642453759874207e-05
6.846692155883971509e-05
6.852741858008068812e-05
6.858791560132166114e-05
6.864841262256263417e-05
6.870890964380362074e-05
6.876940666504459377e-05
6.882990368628556679e-05
6.889040070752653982e-05
6.895089772876751284e-05
6.901139475000848587e-05
6.907189177124947244e-05
6.913238879249044547e-05
6.919288581373141849e-05
6.921290108781101666e-05
6.919243461472922643e-05
6.917196814164743620e-05
6.915150166856564597e-05
6.913103519548385574e-05
6.911056872240207906e-05
6.909010224932028883e-05
6.906963577623849860e-05
6.904916930315670837e-05
6.902870283007493169e-05
6.900823635699314146e-05
6.898776988391135123e-05
6.896730341082956100e-05
6.894683693774777077e-05
6.892637046466599409e-05
6.890590399158420386e-05
6.888543751850241363e-05
6.886261909996075584e-05
6.883980068141909805e-05
6.881698226287744026e-05
6.879416384433578247e-05
6.877134542579412468e-05
6.874852700725248044e-05
6.872570858871082265e-05
6.870289017016916486e-05
6.868007175162750707e-05
6.865725333308584928e-05
6.863443491454419149e-05
6.861161649600253370e-05
6.858879807746087590e-05
6.856597965891921811e-05
6.854316124037756032e-05
6.852034282183590253e-05
6.851875216519126631e-05
6.853838927044365165e-05
6.855802637569602344e-05
6.857766348094840878e-05
6.859730058620079412e-05
6.861693769145316591e-05
6.863657479670555125e-05
6.865621190195792304e-05
6.867584900721030838e-05
6.869548611246269372e-05
6.871512321771506551e-05
6.873476032296745085e-05
6.875439742821982264e-05
6.877403453347220798e-05
6.879367163872459332e-05
6.881330874397696511e-05
6.883294584922935045e-05
6.883115089125464259e-05
6.880792387005285507e-05
6.878469684885106755e-05
6.876146982764928003e-05
6.873824280644749251e-05
6.871501578524570500e-05
6.869178876404391748e-05
6.866856174284212996e-05
6.864533472164034244e-05
6.862210770043854137e-05
6.859888067923675386e-05
6.857565365803496634e-05
6.855242663683317882e-05
6.852919961563139130e-05
6.850597259442960379e-05
6.848274557322781627e-05
6.845951855202602875e-05
6.844943185195145115e-05
6.845248547300406992e-05
6.845553909405668869e-05
6.845859271510930746e-05
6.846164633616192623e-05
6.846469995721455855e-05
6.846775357826717732e-05
6.847080719931979609e-05
6.847386082037241486e-05
6.847691444142504718e-05
6.847996806247766595e-05
6.848302168353028472e-05
6.848607530458290348e-05
6.848912892563552225e-05
6.849218254668815458e-05
6.849523616774077334e-05
6.849828978879339211e-05
6.848486313884898579e-05
6.847143648890457947e-05
6.845800983896017315e-05
6.844458318901576683e-05
6.843115653907136050e-05
6.841772988912695418e-05
6.840430323918254786e-05
6.839087658923814154e-05
6.837744993929373522e-05
6.836402328934932889e-05
6.835059663940492257e-05
6.833716998946051625e-05
6.832374333951610993e-05
6.831031668957170361e-05
6.829689003962729728e-05
6.828346338968289096e-05
6.829525184572235940e-05
6.833225540774571615e-05
6.836925896976907291e-05
6.840626253179242966e-05
6.844326609381578641e-05
6.848026965583914316e-05
6.851727321786249992e-05
6.855427677988585667e-05
6.859128034190921342e-05
6.862828390393257017e-05
6.866528746595592693e-05
6.870229102797928368e-05
6.873929459000264043e-05
6.877629815202599718e-05
6.881330171404935394e-05
6.885030527607271069e-05
6.888730883809606744e-05
6.890288622442275728e-05
6.889703743505278021e-05
6.889118864568281669e-05
6.888533985631283961e-05
6.887949106694286254e-05
6.887364227757289902e-05
6.886779348820292195e-05
6.886194469883294487e-05
6.885609590946298135e-05
6.885024712009300428e-05
6.884439833072302721e-05
6.883854954135305013e-05
6.883270075198308661e-05
6.882685196261310954e-05
6.882100317324313246e-05
6.881515438387316894e-05
6.880930559450319187e-05
6.879823885772990138e-05
6.878717212095661088e-05
6.877610538418332039e-05
6.876503864741002989e-05
6.875397191063675295e-05
6.874290517386346245e-05
6.873183843709017196e-05
6.872077170031688147e-05
6.870970496354359097e-05
6.869863822677030048e-05
6.868757148999700998e-05
6.867650475322371949e-05
6.866543801645044254e-05
6.865437127967715205e-05
6.864330454290386155e-05
6.863223780613057106e-05
6.862033218226939308e-05
6.860758767132031405e-05
6.859484316037124858e-05
6.858209864942218311e-05
6.856935413847310408e-05
6.855660962752403861e-05
6.854386511657497314e-05
6.853112060562589411e-05
6.851837609467682864e-05
6.850563158372776316e-05
6.849288707277868414e-05
6.848014256182961867e-05
6.846739805088055319e-05
6.845465353993147417e-05
6.844190902898240870e-05
6.842916451803334322e-05
6.841642000708426420e-05
6.841236846448840757e-05
6.841700989024575980e-05
6.842165131600309847e-05
6.842629274176045069e-05
6.843093416751780292e-05
6.843557559327515514e-05
6.844021701903249381e-05
6.844485844478984604e-05
6.844949987054719826e-05
6.845414129630455048e-05
6.845878272206190271e-05
6.846342414781924138e-05
6.846806557357659360e-05
6.847270699933394583e-05
6.847734842509129805e-05
6.848198985084863672e-05
6.848663127660598894e-05
6.848003047848623902e-05
6.846218745648938696e-05
6.844434443449253489e-05
6.842650141249568283e-05
6.840865839049883076e-05
6.839081536850197870e-05
6.837297234650512663e-05
6.835512932450827457e-05
6.833728630251142250e-05
6.831944328051457044e-05
6.830160025851771837e-05
6.828375723652086631e-05
6.826591421452401424e-05
6.824807119252716218e-05
6.823022817053031011e-05
6.821238514853345805e-05
6.819454212653660598e-05
6.822264496581554878e-05
6.825074780509449157e-05
6.827885064437342081e-05
6.830695348365236361e-05
6.833505632293130640e-05
6.836315916221024920e-05
6.839126200148919199e-05
6.841936484076812123e-05
6.844746768004706403e-05
6.847557051932600682e-05
6.850367335860494962e-05
6.853177619788387886e-05
6.855987903716282165e-05
6.858798187644176445e-05
6.861608471572070724e-05
6.864418755499965003e-05
6.866590659724799203e-05
6.868124184246576032e-05
6.869657708768352861e-05
6.871191233290129690e-05
6.872724757811906520e-05
6.874258282333683349e-05
6.875791806855458823e-05
6.877325331377235652e-05
6.878858855899012482e-05
6.880392380420789311e-05
6.881925904942566140e-05
6.883459429464341614e-05
6.884992953986118444e-05
6.886526478507895273e-05
6.888060003029672102e-05
6.889593527551448931e-05
6.891127052073225761e-05
6.891415246314250482e-05
6.890458110274523095e-05
6.889500974234797064e-05
6.888543838195069677e-05
6.887586702155343646e-05
6.886629566115616259e-05
6.885672430075890228e-05
6.884715294036162841e-05
6.883758157996436810e-05
6.882801021956709423e-05
6.881843885916983392e-05
6.880886749877256005e-05
6.879929613837529974e-05
6.878972477797802587e-05
6.878015341758076555e-05
6.877058205718349169e-05
6.876101069678623137e-05
6.874417965830830857e-05
6.872734861983038576e-05
6.871051758135244940e-05
6.869368654287452659e-05
6.867685550439660378e-05
6.866002446591868097e-05
6.864319342744075816e-05
6.862636238896283535e-05
6.860953135048489899e-05
6.859270031200697618e-05
6.857586927352905337e-05
6.855903823505113057e-05
6.854220719657320776e-05
6.852537615809527140e-05
6.850854511961734859e-05
6.849171408113942578e-05
6.849922605440655335e-05
6.853108103941874484e-05
6.856293602443093633e-05
6.859479100944312782e-05
6.862664599445530576e-05
6.865850097946749725e-05
6.869035596447968875e-05
6.872221094949188024e-05
6.875406593450405818e-05
6.878592091951624967e-05
6.881777590452844116e-05
6.884963088954063266e-05
6.888148587455282415e-05
6.891334085956500209e-05
6.894519584457719358e-05
6.897705082958938507e-05
6.900890581460157657e-05
6.900530669910329617e-05
6.896625348309454390e-05
6.892720026708579163e-05
6.888814705107703935e-05
6.884909383506828708e-05
6.881004061905953480e-05
6.877098740305078253e-05
6.873193418704203026e-05
6.869288097103329153e-05
6.865382775502453926e-05
6.861477453901578699e-05
6.857572132300703471e-05
6.853666810699828244e-05
6.849761489098953016e-05
6.845856167498077789e-05
6.841950845897202562e-05
6.838045524296327334e-05
6.837250262304370564e-05
6.839565059921329541e-05
6.841879857538289873e-05
6.844194655155248850e-05
6.846509452772209182e-05
6.848824250389168159e-05
6.851139048006127136e-05
6.853453845623087468e-05
6.855768643240046445e-05
6.858083440857006777e-05
6.860398238473965754e-05
6.862713036090926086e-05
6.865027833707885063e-05
6.867342631324845396e-05
6.869657428941804372e-05
6.871972226558764705e-05
6.874287024175723682e-05
6.878259644023549128e-05
6.882232263871374575e-05
6.886204883719200022e-05
6.890177503567025468e-05
6.894150123414850915e-05
6.898122743262677717e-05
6.902095363110503164e-05
6.906067982958328611e-05
6.910040602806154057e-05
6.914013222653979504e-05
6.917985842501804951e-05
6.921958462349630397e-05
6.925931082197455844e-05
6.929903702045281291e-05
6.933876321893106738e-05
6.937848941740932184e-05
6.938804608443816619e-05
6.936743322001761398e-05
6.934682035559703466e-05
6.932620749117648245e-05
6.930559462675590313e-05
6.928498176233535092e-05
6.926436889791477160e-05
6.924375603349421939e-05
6.922314316907364007e-05
6.920253030465308786e-05
6.918191744023250854e-05
6.916130457581195633e-05
6.914069171139137701e-05
6.912007884697082480e-05
6.909946598255024548e-05
6.907885311812969327e-05
6.905824025370911395e-05
6.903953591266302954e-05
6.902274009499142647e-05
6.900594427731982341e-05
6.898914845964822034e-05
6.897235264197661728e-05
6.895555682430501421e-05
6.893876100663341114e-05
6.892196518896179453e-05
6.890516937129019146e-05
6.888837355361858840e-05
6.887157773594698533e-05
6.885478191827538227e-05
6.883798610060377920e-05
6.882119028293216258e-05
6.880439446526055952e-05
6.878759864758895645e-05
6.877080282991735339e-05
6.881185720309014207e-05
6.885291157626293075e-05
6.889396594943571943e-05
6.893502032260850811e-05
6.897607469578128324e-05
6.901712906895407192e-05
6.905818344212686060e-05
6.909923781529964928e-05
6.914029218847243796e-05
6.918134656164522665e-05
6.922240093481801533e-05
6.926345530799080401e-05
6.930450968116357914e-05
6.934556405433636782e-05
6.938661842750915650e-05
6.942767280068194518e-05
6.942415301919325490e-05
6.937605908304308566e-05
6.932796514689290287e-05
6.927987121074273363e-05
6.923177727459256438e-05
6.918368333844238159e-05
6.913558940229221235e-05
6.908749546614204311e-05
6.903940152999186032e-05
6.899130759384169108e-05
6.894321365769152184e-05
6.889511972154135260e-05
6.884702578539116981e-05
6.879893184924100057e-05
6.875083791309083133e-05
6.870274397694064853e-05
6.865465004079047929e-05
6.864912477070162324e-05
6.868616816667409393e-05
6.872321156264655107e-05
6.876025495861902176e-05
6.879729835459147890e-05
6.883434175056394959e-05
6.887138514653640673e-05
6.890842854250887742e-05
6.894547193848134812e-05
6.898251533445380525e-05
6.901955873042627595e-05
6.905660212639873308e-05
6.909364552237120378e-05
6.913068891834366092e-05
6.916773231431613161e-05
6.920477571028858875e-05
6.924181910626105944e-05
6.925235928452439351e-05
6.923639624507860451e-05
6.922043320563280196e-05
6.920447016618701296e-05
6.918850712674122396e-05
6.917254408729543497e-05
6.915658104784963242e-05
6.914061800840384342e-05
6.912465496895805442e-05
6.910869192951226542e-05
6.909272889006646287e-05
6.907676585062067387e-05
6.906080281117488488e-05
6.904483977172909588e-05
6.902887673228329333e-05
6.901291369283750433e-05
6.899695065339171533e-05
6.900267735087302356e-05
6.900840404835433179e-05
6.901413074583562647e-05
6.901985744331693470e-05
6.902558414079824293e-05
6.903131083827955116e-05
6.903703753576085939e-05
6.904276423324215406e-05
6.904849093072346229e-05
6.905421762820477052e-05
6.905994432568607875e-05
6.906567102316737343e-05
6.907139772064868166e-05
6.907712441812998989e-05
6.908285111561129812e-05
6.908857781309260635e-05
6.908504945618007065e-05
6.907226604487371813e-05
6.905948263356736561e-05
6.904669922226101310e-05
6.903391581095466058e-05
6.902113239964830806e-05
6.900834898834195554e-05
6.899556557703560302e-05
6.898278216572925050e-05
6.896999875442288443e-05
6.895721534311653191e-05
6.894443193181017939e-05
6.893164852050382688e-05
6.891886510919747436e-05
6.890608169789112184e-05
6.889329828658476932e-05
6.888051487527841680e-05
6.888828786075320068e-05
6.891661724300912097e-05
6.894494662526504125e-05
6.897327600752096153e-05
6.900160538977688181e-05
6.902993477203280210e-05
6.905826415428873593e-05
6.908659353654465621e-05
6.911492291880057650e-05
6.914325230105649678e-05
6.917158168331241706e-05
6.919991106556835090e-05
6.922824044782427118e-05
6.925656983008019146e-05
6.928489921233611174e-05
6.931322859459203203e-05
6.934155797684795231e-05
6.936405421159239082e-05
6.938071729882533401e-05
6.939738038605827719e-05
6.941404347329123393e-05
6.943070656052417711e-05
6.944736964775712030e-05
6.946403273499006349e-05
6.948069582222300667e-05
6.949735890945596341e-05
6.951402199668890660e-05
6.953068508392184978e-05
6.954734817115479297e-05
6.956401125838773615e-05
6.958067434562067934e-05
6.959733743285363608e-05
6.961400052008657926e-05
6.963066360731952245e-05
6.961894168599258082e-05
6.960721976466563920e-05
6.959549784333869758e-05
6.958377592201174240e-05
6.957205400068480078e-05
6.956033207935785915e-05
6.954861015803091753e-05
6.953688823670397590e-05
6.952516631537703428e-05
6.951344439405007911e-05
6.950172247272313748e-05
6.949000055139619586e-05
6.947827863006925423e-05
6.946655670874231261e-05
6.945483478741537099e-05
6.944311286608842936e-05
6.942415411456276397e-05
6.939795853283837481e-05
6.937176295111398565e-05
6.934556736938959649e-05
6.931937178766520732e-05
6.929317620594081816e-05
6.926698062421642900e-05
6.924078504249203984e-05
6.921458946076766423e-05
6.918839387904327507e-05
6.916219829731888591e-05
6.913600271559449675e-05
6.910980713387010759e-05
6.908361155214571842e-05
6.905741597042132926e-05
6.903122038869694010e-05
6.900502480697255094e-05
6.898237317206772122e-05
6.896326548398243740e-05
6.894415779589714002e-05
6.892505010781185620e-05
6.890594241972657237e-05
6.888683473164127500e-05
6.886772704355599117e-05
6.884861935547070735e-05
6.882951166738540997e-05
6.881040397930012615e-05
6.879129629121484232e-05
6.877218860312955850e-05
6.875308091504426112e-05
6.873397322695897729e-05
6.871486553887369347e-05
6.869575785078839609e-05
6.867665016270311227e-05
6.871941997336782667e-05
6.876218978403255463e-05
6.880495959469726903e-05
6.884772940536199699e-05
6.889049921602671139e-05
6.893326902669143935e-05
6.897603883735615375e-05
6.901880864802086815e-05
6.906157845868559611e-05
6.910434826935031051e-05
6.914711808001503847e-05
6.918988789067975287e-05
6.923265770134448083e-05
6.927542751200919523e-05
6.931819732267390964e-05
6.936096713333863759e-05
6.937144135053649105e-05
6.934961997426748357e-05
6.932779859799847609e-05
6.930597722172946861e-05
6.928415584546047468e-05
6.926233446919146720e-05
6.924051309292245972e-05
6.921869171665345224e-05
6.919687034038444476e-05
6.917504896411543727e-05
6.915322758784642979e-05
6.913140621157742231e-05
6.910958483530841483e-05
6.908776345903942090e-05
6.906594208277041342e-05
6.904412070650140594e-05
6.902229933023239846e-05
6.902661760472418421e-05
6.905707552997674965e-05
6.908753345522932864e-05
6.911799138048189408e-05
6.914844930573445952e-05
6.917890723098703851e-05
6.920936515623960395e-05
6.923982308149218294e-05
6.927028100674474838e-05
6.930073893199731382e-05
6.933119685724989281e-05
6.936165478250245825e-05
6.939211270775503724e-05
6.942257063300760268e-05
6.945302855826016811e-05
6.948348648351274711e-05
6.951394440876531254e-05
6.951895345374666728e-05
6.949851361845681131e-05
6.947807378316694178e-05
6.945763394787708581e-05
6.943719411258721629e-05
6.941675427729736031e-05
6.939631444200749079e-05
6.937587460671763482e-05
6.935543477142776529e-05
6.933499493613790932e-05
6.931455510084803980e-05
6.929411526555818383e-05
6.927367543026831430e-05
6.925323559497845833e-05
6.923279575968858881e-05
6.921235592439873283e-05
6.919191608910886331e-05
6.919213872018180984e-05
6.919236135125475637e-05
6.919258398232770290e-05
6.919280661340064943e-05
6.919302924447360951e-05
6.919325187554655604e-05
6.919347450661950257e-05
6.919369713769244910e-05
6.919391976876539563e-05
6.919414239983834216e-05
6.919436503091128869e-05
6.919458766198423522e-05
6.919481029305719530e-05
6.919503292413014183e-05
6.919525555520308836e-05
6.919547818627603489e-05
6.920637073427924159e-05
6.922793319921269491e-05
6.924949566414616178e-05
6.927105812907961510e-05
6.929262059401308197e-05
6.931418305894653529e-05
6.933574552388000216e-05
6.935730798881345547e-05
6.937887045374690879e-05
6.940043291868037566e-05
6.942199538361382898e-05
6.944355784854729585e-05
6.946512031348074916e-05
6.948668277841421603e-05
6.950824524334766935e-05
6.952980770828113622e-05
6.955137017321458954e-05
6.955579551492016696e-05
6.954308373339784138e-05
6.953037195187551579e-05
6.951766017035319021e-05
6.950494838883087818e-05
6.949223660730855260e-05
6.947952482578622702e-05
6.946681304426391499e-05
6.945410126274158941e-05
6.944138948121926383e-05
6.942867769969693825e-05
6.941596591817462622e-05
6.940325413665230064e-05
6.939054235512997506e-05
6.937783057360764948e-05
6.936511879208533745e-05
6.935240701056301187e-05
6.937029494289963390e-05
6.938818287523625594e-05
6.940607080757286442e-05
6.942395873990948646e-05
6.944184667224610849e-05
6.945973460458273053e-05
6.947762253691933901e-05
6.949551046925596105e-05
6.951339840159258309e-05
6.953128633392920512e-05
6.954917426626581361e-05
6.956706219860243564e-05
6.958495013093905768e-05
6.960283806327567972e-05
6.962072599561228820e-05
6.963861392794891024e-05
6.962634066605298468e-05
6.958390620992452509e-05
6.954147175379606549e-05
6.949903729766760590e-05
6.945660284153914630e-05
6.941416838541068671e-05
6.937173392928221356e-05
6.932929947315375396e-05
6.928686501702529437e-05
6.924443056089683477e-05
6.920199610476837518e-05
6.915956164863990203e-05
6.911712719251144243e-05
6.907469273638298284e-05
6.903225828025452324e-05
6.898982382412606365e-05
6.894738936799760405e-05
6.894294593175143095e-05
6.897649351538757143e-05
6.901004109902369836e-05
6.904358868265982529e-05
6.907713626629596578e-05
6.911068384993209271e-05
6.914423143356823319e-05
6.917777901720436012e-05
6.921132660084048705e-05
6.924487418447662754e-05
6.927842176811275447e-05
6.931196935174889495e-05
6.934551693538502188e-05
6.937906451902116237e-05
6.941261210265728930e-05
6.944615968629341623e-05
6.947970726992955671e-05
6.949717073452497669e-05
6.949855008007970326e-05
6.949992942563442983e-05
6.950130877118915640e-05
6.950268811674386942e-05
6.950406746229859599e-05
6.950544680785332257e-05
6.950682615340803559e-05
6.950820549896276216e-05
6.950958484451748873e-05
6.951096419007221530e-05
6.951234353562692832e-05
6.951372288118165489e-05
6.951510222673638146e-05
6.951648157229110803e-05
6.951786091784582105e-05
6.951924026340054763e-05
6.955120602689294595e-05
6.958317179038535783e-05
6.961513755387775616e-05
6.964710331737015449e-05
6.967906908086256637e-05
6.971103484435496470e-05
6.974300060784737658e-05
6.977496637133977491e-05
6.980693213483217324e-05
6.983889789832458512e-05
6.987086366181698345e-05
6.990282942530938177e-05
6.993479518880179365e-05
6.996676095229419198e-05
6.999872671578659031e-05
7.003069247927900219e-05
7.004048502993970120e-05
7.002810436776868734e-05
7.001572370559767348e-05
7.000334304342667317e-05
6.999096238125565930e-05
6.997858171908464544e-05
6.996620105691363158e-05
6.995382039474263127e-05
6.994143973257161740e-05
6.992905907040060354e-05
6.991667840822960323e-05
6.990429774605858937e-05
6.989191708388757551e-05
6.987953642171656164e-05
6.986715575954556133e-05
6.985477509737454747e-05
6.984239443520353361e-05
6.984333283766013141e-05
6.985759030474434088e-05
6.987184777182853680e-05
6.988610523891274626e-05
6.990036270599694218e-05
6.991462017308115165e-05
6.992887764016534756e-05
6.994313510724955703e-05
6.995739257433375294e-05
6.997165004141796241e-05
6.998590750850215833e-05
7.000016497558636779e-05
7.001442244267056371e-05
7.002867990975477318e-05
7.004293737683896909e-05
7.005719484392317856e-05
7.007145231100737448e-05
7.004604421777492213e-05
7.002063612454246979e-05
6.999522803131000390e-05
6.996981993807755156e-05
6.994441184484509921e-05
6.991900375161264687e-05
6.989359565838019453e-05
6.986818756514774219e-05
6.984277947191527630e-05
6.981737137868282395e-05
6.979196328545037161e-05
6.976655519221791927e-05
6.974114709898546693e-05
6.971573900575300103e-05
6.969033091252054869e-05
6.966492281928809635e-05
6.966369775795869853e-05
6.968665572853234168e-05
6.970961369910598482e-05
6.973257166967964152e-05
6.975552964025328467e-05
6.977848761082692782e-05
6.980144558140057097e-05
6.982440355197422766e-05
6.984736152254787081e-05
6.987031949312151396e-05
6.989327746369517066e-05
6.991623543426881381e-05
6.993919340484245695e-05
6.996215137541610010e-05
6.998510934598975680e-05
7.000806731656339995e-05
7.003102528713704309e-05
7.004597547845843716e-05
7.005291789052756860e-05
7.005986030259670004e-05
7.006680271466583147e-05
7.007374512673496291e-05
7.008068753880409435e-05
7.008762995087322578e-05
7.009457236294235722e-05
7.010151477501147511e-05
7.010845718708060654e-05
7.011539959914973798e-05
7.012234201121886942e-05
7.012928442328800085e-05
7.013622683535713229e-05
7.014316924742626373e-05
7.015011165949539516e-05
7.015705407156452660e-05
7.015627364976094297e-05
7.014777039408464428e-05
7.013926713840834559e-05
7.013076388273203335e-05
7.012226062705573465e-05
7.011375737137943596e-05
7.010525411570313727e-05
7.009675086002683858e-05
7.008824760435052633e-05
7.007974434867422764e-05
7.007124109299792895e-05
7.006273783732163026e-05
7.005423458164533157e-05
7.004573132596903287e-05
7.003722807029272063e-05
7.002872481461642194e-05
7.002022155894012325e-05
7.000391324885231470e-05
6.998760493876450615e-05
6.997129662867669761e-05
6.995498831858888906e-05
6.993868000850108051e-05
6.992237169841327197e-05
6.990606338832546342e-05
6.988975507823765487e-05
6.987344676814985988e-05
6.985713845806205133e-05
6.984083014797424279e-05
6.982452183788643424e-05
6.980821352779862570e-05
6.979190521771081715e-05
6.977559690762300860e-05
6.975928859753520006e-05
6.976319406048730044e-05
6.978731329647930976e-05
6.981143253247133263e-05
6.983555176846334195e-05
6.985967100445535127e-05
6.988379024044737414e-05
6.990790947643938345e-05
6.993202871243139277e-05
6.995614794842340209e-05
6.998026718441542496e-05
7.000438642040743428e-05
7.002850565639944359e-05
7.005262489239146646e-05
7.007674412838347578e-05
7.010086336437548510e-05
7.012498260036750797e-05
7.014910183635951729e-05
7.016768762946485065e-05
7.018073997968349450e-05
7.019379232990213835e-05
7.020684468012078220e-05
7.021989703033942605e-05
7.023294938055808345e-05
7.024600173077672730e-05
7.025905408099537115e-05
7.027210643121401500e-05
7.028515878143267240e-05
7.029821113165131625e-05
7.031126348186996010e-05
7.032431583208860395e-05
7.033736818230724780e-05
7.035042053252590520e-05
7.036347288274454905e-05
7.037652523296319290e-05
7.038004033513738436e-05
7.038355543731157583e-05
7.038707053948578085e-05
7.039058564165997232e-05
7.039410074383416378e-05
7.039761584600835525e-05
7.040113094818254672e-05
7.040464605035675174e-05
7.040816115253094320e-05
7.041167625470513467e-05
7.041519135687932614e-05
7.041870645905353116e-05
7.042222156122772262e-05
7.042573666340191409e-05
7.042925176557610556e-05
7.043276686775029702e-05
7.041647710988995109e-05
7.038038249199506774e-05
7.034428787410018440e-05
7.030819325620530106e-05
7.027209863831040417e-05
7.023600402041552083e-05
7.019990940252063749e-05
7.016381478462575415e-05
7.012772016673087081e-05
7.009162554883597391e-05
7.005553093094109057e-05
7.001943631304620723e-05
6.998334169515132389e-05
6.994724707725642700e-05
6.991115245936154366e-05
6.987505784146666031e-05
6.983896322357177697e-05
6.984296553755417903e-05
6.988706478341386648e-05
6.993116402927355394e-05
6.997526327513325494e-05
7.001936252099294239e-05
7.006346176685262985e-05
7.010756101271231730e-05
7.015166025857201830e-05
7.019575950443170576e-05
7.023985875029139321e-05
7.028395799615109422e-05
7.032805724201078167e-05
7.037215648787046912e-05
7.041625573373015657e-05
7.046035497958985758e-05
7.050445422544954503e-05
7.054855347130923248e-05
7.057288571481983421e-05
7.057745095598135020e-05
7.058201619714286619e-05
7.058658143830436862e-05
7.059114667946588461e-05
7.059571192062740060e-05
7.060027716178890304e-05
7.060484240295041903e-05
7.060940764411193502e-05
7.061397288527343746e-05
7.061853812643495345e-05
7.062310336759646944e-05
7.062766860875797188e-05
7.063223384991948787e-05
7.063679909108100386e-05
7.064136433224250629e-05
7.064592957340402228e-05
7.063353880691953146e-05
7.062114804043505419e-05
7.060875727395056337e-05
7.059636650746608610e-05
7.058397574098159528e-05
7.057158497449711801e-05
7.055919420801262719e-05
7.054680344152813637e-05
7.053441267504365910e-05
7.052202190855916828e-05
7.050963114207469101e-05
7.049724037559020019e-05
7.048484960910572292e-05
7.047245884262123210e-05
7.046006807613674127e-05
7.044767730965226400e-05
7.043068802071879547e-05
7.040910020933636277e-05
7.038751239795393007e-05
7.036592458657149737e-05
7.034433677518906467e-05
7.032274896380663197e-05
7.030116115242418572e-05
7.027957334104175302e-05
7.025798552965932032e-05
7.023639771827688762e-05
7.021480990689445492e-05
7.019322209551200867e-05
7.017163428412957597e-05
7.015004647274714327e-05
7.012845866136471057e-05
7.010687084998227787e-05
7.008528303859984517e-05
7.008188128237912633e-05
7.009666558132012133e-05
7.011144988026112989e-05
7.012623417920212489e-05
7.014101847814311990e-05
7.015580277708412845e-05
7.017058707602512346e-05
7.018537137496613201e-05
7.020015567390712702e-05
7.021493997284812202e-05
7.022972427178913058e-05
7.024450857073012559e-05
7.025929286967113414e-05
7.027407716861212915e-05
7.028886146755312415e-05
7.030364576649413271e-05
7.031843006543512771e-05
7.032268570422650839e-05
7.031641268286824764e-05
7.031013966150998688e-05
7.030386664015172613e-05
7.029759361879346538e-05
7.029132059743520462e-05
7.028504757607694387e-05
7.027877455471868312e-05
7.027250153336042236e-05
7.026622851200216161e-05
7.025995549064390085e-05
7.025368246928565365e-05
7.024740944792739290e-05
7.024113642656913215e-05
7.023486340521087139e-05
7.022859038385261064e-05
7.022231736249434988e-05
7.020926421289269887e-05
7.019621106329106141e-05
7.018315791368941040e-05
7.017010476408775939e-05
7.015705161448612193e-05
7.014399846488447092e-05
7.013094531528283346e-05
7.011789216568118245e-05
7.010483901607953143e-05
7.009178586647789398e-05
7.007873271687624296e-05
7.006567956727459195e-05
7.005262641767295449e-05
7.003957326807130348e-05
7.002652011846965247e-05
7.001346696886801501e-05
7.003423190726108187e-05
7.008881493364888015e-05
7.014339796003666487e-05
7.019798098642446315e-05
7.025256401281224788e-05
7.030714703920004616e-05
7.036173006558783089e-05
7.041631309197562917e-05
7.047089611836341390e-05
7.052547914475119863e-05
7.058006217113899691e-05
7.063464519752678163e-05
7.068922822391457991e-05
7.074381125030236464e-05
7.079839427669016292e-05
7.085297730307794765e-05
7.090756032946574593e-05
7.093653901458916089e-05
7.093991335844819252e-05
7.094328770230723771e-05
7.094666204616626934e-05
7.095003639002531452e-05
7.095341073388434616e-05
7.095678507774339134e-05
7.096015942160242298e-05
7.096353376546146816e-05
7.096690810932049980e-05
7.097028245317954498e-05
7.097365679703857662e-05
7.097703114089762180e-05
7.098040548475665343e-05
7.098377982861569862e-05
7.098715417247473025e-05
7.099052851633377544e-05
7.102218500922924871e-05
7.105384150212472197e-05
7.108549799502019524e-05
7.111715448791566850e-05
7.114881098081114177e-05
7.118046747370661504e-05
7.121212396660208830e-05
7.124378045949756157e-05
7.127543695239303484e-05
7.130709344528850810e-05
7.133874993818398137e-05
7.137040643107945464e-05
7.140206292397492790e-05
7.143371941687040117e-05
7.146537590976587443e-05
7.149703240266134770e-05
7.152061503882216472e-05
7.153612381824833906e-05
7.155163259767449984e-05
7.156714137710067417e-05
7.158265015652684850e-05
7.159815893595300928e-05
7.161366771537918362e-05
7.162917649480534440e-05
7.164468527423151873e-05
7.166019405365769306e-05
7.167570283308385384e-05
7.169121161251002818e-05
7.170672039193618896e-05
7.172222917136236329e-05
7.173773795078853762e-05
7.175324673021469841e-05
7.176875550964087274e-05
7.181075926858510278e-05
7.187925800704738852e-05
7.194775674550967426e-05
7.201625548397196000e-05
7.208475422243425929e-05
7.215325296089654503e-05
7.222175169935883077e-05
7.229025043782111651e-05
7.235874917628341580e-05
7.242724791474570154e-05
7.249574665320798728e-05
7.256424539167027302e-05
7.263274413013255876e-05
7.270124286859485805e-05
7.276974160705714379e-05
7.283824034551942953e-05
7.290673908398171527e-05
7.295101041367160690e-05
7.297105433458907729e-05
7.299109825550654769e-05
7.301114217642401809e-05
7.303118609734150204e-05
7.305123001825897244e-05
7.307127393917644284e-05
7.309131786009392679e-05
7.311136178101139719e-05
7.313140570192886759e-05
7.315144962284633799e-05
7.317149354376382194e-05
7.319153746468129234e-05
7.321158138559876274e-05
7.323162530651623314e-05
7.325166922743371709e-05
7.327171314835118749e-05
7.331182202038818996e-05
7.335193089242517887e-05
7.339203976446218134e-05
7.343214863649917025e-05
7.347225750853617272e-05
7.351236638057316163e-05
7.355247525261016410e-05
7.359258412464715301e-05
7.363269299668415548e-05
7.367280186872114439e-05
7.371291074075814686e-05
7.375301961279514932e-05
7.379312848483213824e-05
7.383323735686914070e-05
7.387334622890612962e-05
7.391345510094313208e-05
7.394086072225350772e-05
7.395556309283727009e-05
7.397026546342103245e-05
7.398496783400480836e-05
7.399967020458857072e-05
7.401437257517233309e-05
7.402907494575609545e-05
7.404377731633985781e-05
7.405847968692362017e-05
7.407318205750739609e-05
7.408788442809115845e-05
7.410258679867492081e-05
7.411728916925868318e-05
7.413199153984244554e-05
7.414669391042622145e-05
7.416139628100998382e-05
7.417609865159374618e-05
7.417732994129522370e-05
7.416509015011441637e-05
7.415285035893359549e-05
7.414061056775278816e-05
7.412837077657198083e-05
7.411613098539115996e-05
7.410389119421035263e-05
7.409165140302954530e-05
7.407941161184872442e-05
7.406717182066791709e-05
7.405493202948710977e-05
7.404269223830630244e-05
7.403045244712548156e-05
7.401821265594467423e-05
7.400597286476386690e-05
7.399373307358304602e-05
7.398149328240223870e-05
7.398786015693558185e-05
7.399422703146891144e-05
7.400059390600225459e-05
7.400696078053558419e-05
7.401332765506892734e-05
7.401969452960225693e-05
7.402606140413560008e-05
7.403242827866894323e-05
7.403879515320227283e-05
7.404516202773561598e-05
7.405152890226894557e-05
7.405789577680228872e-05
7.406426265133561832e-05
7.407062952586896147e-05
7.407699640040230462e-05
7.408336327493563421e-05
7.409926861591890608e-05
7.412471242335209312e-05
7.415015623078529371e-05
7.417560003821848074e-05
7.420104384565166778e-05
7.422648765308486837e-05
7.425193146051805540e-05
7.427737526795125599e-05
7.430281907538444303e-05
7.432826288281763007e-05
7.435370669025083065e-05
7.437915049768401769e-05
7.440459430511721828e-05
7.443003811255040532e-05
7.445548191998359235e-05
7.448092572741679294e-05
7.450636953484997998e-05
7.450972855149204474e-05
7.449100277734298724e-05
7.447227700319391619e-05
7.445355122904485869e-05
7.443482545489578763e-05
7.441609968074673013e-05
7.439737390659765907e-05
7.437864813244860157e-05
7.435992235829953052e-05
7.434119658415045946e-05
7.432247081000140196e-05
7.430374503585233091e-05
7.428501926170327340e-05
7.426629348755420235e-05
7.424756771340514485e-05
7.422884193925607379e-05
7.421011616510701629e-05
7.420033047372829921e-05
7.419948486511993610e-05
7.419863925651157298e-05
7.419779364790320987e-05
7.419694803929484676e-05
7.419610243068648365e-05
7.419525682207812054e-05
7.419441121346975743e-05
7.419356560486140787e-05
7.419271999625304476e-05
7.419187438764468165e-05
7.419102877903631854e-05
7.419018317042795543e-05
7.418933756181959232e-05
7.418849195321122920e-05
7.418764634460286609e-05
7.418680073599450298e-05
7.416426354288805050e-05
7.414172634978159803e-05
7.411918915667514555e-05
7.409665196356869307e-05
7.407411477046224059e-05
7.405157757735578812e-05
7.402904038424933564e-05
7.400650319114288316e-05
7.398396599803644424e-05
7.396142880492999176e-05
7.393889161182353928e-05
7.391635441871708680e-05
7.389381722561063433e-05
7.387128003250418185e-05
7.384874283939772937e-05
7.382620564629127689e-05
7.380544663466255192e-05
7.378646580451154091e-05
7.376748497436052990e-05
7.374850414420951888e-05
7.372952331405850787e-05
7.371054248390749685e-05
7.369156165375649939e-05
7.367258082360548838e-05
7.365359999345447736e-05
7.363461916330346635e-05
7.361563833315245534e-05
7.359665750300145787e-05
7.357767667285044686e-05
7.355869584269943584e-05
7.353971501254842483e-05
7.352073418239741382e-05
7.350175335224640280e-05
7.348693772715099589e-05
7.347628730711119307e-05
7.346563688707139026e-05
7.345498646703158745e-05
7.344433604699178463e-05
7.343368562695198182e-05
7.342303520691217901e-05
7.341238478687236264e-05
7.340173436683255983e-05
7.339108394679275701e-05
7.338043352675295420e-05
7.336978310671315139e-05
7.335913268667334857e-05
7.334848226663353221e-05
7.333783184659372939e-05
7.332718142655392658e-05
7.331653100651412376e-05
7.329550663699804260e-05
7.327448226748196143e-05
7.325345789796589382e-05
7.323243352844981265e-05
7.321140915893373149e-05
7.319038478941765032e-05
7.316936041990156916e-05
7.314833605038550154e-05
7.312731168086942038e-05
7.310628731135333921e-05
7.308526294183725805e-05
7.306423857232119043e-05
7.304321420280510927e-05
7.302218983328902810e-05
7.300116546377294693e-05
7.298014109425686577e-05
7.296877333062957809e-05
7.296706217289108390e-05
7.296535101515258970e-05
7.296363985741408196e-05
7.296192869967558776e-05
7.296021754193709357e-05
7.295850638419858582e-05
7.295679522646009163e-05
7.295508406872158388e-05
7.295337291098308969e-05
7.295166175324459550e-05
7.294995059550608775e-05
7.294823943776759356e-05
7.294652828002909936e-05
7.294481712229059162e-05
7.294310596455209743e-05
7.294139480681360323e-05
7.295948224112973693e-05
7.299736826750049851e-05
7.303525429387127364e-05
7.307314032024203522e-05
7.311102634661281036e-05
7.314891237298357194e-05
7.318679839935434707e-05
7.322468442572510866e-05
7.326257045209588379e-05
7.330045647846665892e-05
7.333834250483742051e-05
7.337622853120819564e-05
7.341411455757895722e-05
7.345200058394973236e-05
7.348988661032049394e-05
7.352777263669126907e-05
7.356565866306203065e-05
7.356316274654558325e-05
7.352028488714189975e-05
7.347740702773822980e-05
7.343452916833455985e-05
7.339165130893087635e-05
7.334877344952720640e-05
7.330589559012353645e-05
7.326301773071985295e-05
7.322013987131618300e-05
7.317726201191251305e-05
7.313438415250882955e-05
7.309150629310515960e-05
7.304862843370147610e-05
7.300575057429780615e-05
7.296287271489413620e-05
7.291999485549045270e-05
7.287711699608678275e-05
7.288755741444521725e-05
7.289799783280366530e-05
7.290843825116209980e-05
7.291887866952053430e-05
7.292931908787898235e-05
7.293975950623741685e-05
7.295019992459586490e-05
7.296064034295429940e-05
7.297108076131273390e-05
7.298152117967118195e-05
7.299196159802961645e-05
7.300240201638805095e-05
7.301284243474649900e-05
7.302328285310493350e-05
7.303372327146336800e-05
7.304416368982181605e-05
7.305725114816253077e-05
7.307298564648552573e-05
7.308872014480852068e-05
7.310445464313152918e-05
7.312018914145452413e-05
7.313592363977751908e-05
7.315165813810051404e-05
7.316739263642350899e-05
7.318312713474651749e-05
7.319886163306951244e-05
7.321459613139250739e-05
7.323033062971550235e-05
7.324606512803849730e-05
7.326179962636149225e-05
7.327753412468450075e-05
7.329326862300749570e-05
7.330900312133049066e-05
7.329326961480172112e-05
7.324606810342117354e-05
7.319886659204063951e-05
7.315166508066010549e-05
7.310446356927955791e-05
7.305726205789902388e-05
7.301006054651848986e-05
7.296285903513794228e-05
7.291565752375740825e-05
7.286845601237687423e-05
7.282125450099632665e-05
7.277405298961579262e-05
7.272685147823525860e-05
7.267964996685471102e-05
7.263244845547417699e-05
7.258524694409364297e-05
7.253804543271309539e-05
0.000000000000000000e+00
0.000000000000000000e+00
0.000000000000000000e+00
0.000000000000000000e+00
0.000000000000000000e+00
0.000000000000000000e+00
0.000000000000000000e+00
0.000000000000000000e+00
