0.000000000000000000e+00
0.000000000000000000e+00
0.000000000000000000e+00
0.000000000000000000e+00
0.000000000000000000e+00
0.000000000000000000e+00
0.000000000000000000e+00
0.000000000000000000e+00
0.000000000000000000e+00
0.000000000000000000e+00
2.648774465160317987e-35
2.663421505150637462e-35
2.678068545140957472e-35
2.692715585131276947e-35
2.707362625121596422e-35
2.722009665111916431e-35
2.736656705102235906e-35
2.751303745092555915e-35
2.765950785082875390e-35
2.780597825073194865e-35
2.795244865063514875e-35
2.809891905053834350e-35
2.824538945044153824e-35
2.839185985034473834e-35
2.853833025024793309e-35
2.868480065015112784e-35
2.883127105005432793e-35
3.160648880442206699e-35
3.701045391325435036e-35
4.241441902208663373e-35
4.781838413091891709e-35
5.322234923975118977e-35
5.862631434858348383e-35
6.403027945741575651e-35
6.943424456624805057e-35
7.483820967508032324e-35
8.024217478391261730e-35
8.564613989274488998e-35
9.105010500157718404e-35
9.645407011040945671e-35
1.018580352192417508e-34
1.072620003280740234e-34
1.126659654369063175e-34
1.180699305457385902e-34
1.476896254374305805e-34
2.015250501119822884e-34
2.553604747865340391e-34
3.091958994610857470e-34
3.630313241356374549e-34
4.168667488101892056e-34
4.707021734847408708e-34
5.245375981592926215e-34
5.783730228338442866e-34
6.322084475083960373e-34
6.860438721829477880e-34
7.398792968574994532e-34
7.937147215320512039e-34
8.475501462066028690e-34
9.013855708811547052e-34
9.552209955557063704e-34
1.009056420230258207e-33
1.591376535507168048e-07
3.182753071014336097e-07
4.774129606521504410e-07
6.365506142028672194e-07
7.956882677535839978e-07
9.548259213043008820e-07
1.113963574855017555e-06
1.273101228405734439e-06
1.432238881956451323e-06
1.591376535507167996e-06
1.750514189057884880e-06
1.909651842608601764e-06
2.068789496159318437e-06
2.227927149710035109e-06
2.387064803260752205e-06
2.546202456811468878e-06
8.002370126434153698e-04
2.395459495363072566e-03
3.990681978082728787e-03
5.585904460802386742e-03
7.181126943522042963e-03
8.776349426241700918e-03
1.037157190896135714e-02
1.196679439168101509e-02
1.356201687440067132e-02
1.515723935712032927e-02
1.675246183983998896e-02
1.834768432255964518e-02
1.994290680527930140e-02
2.153812928799895762e-02
2.313335177071861731e-02
2.472857425343827353e-02
2.632379673615792975e-02
3.212892707317749341e-02
4.214396526449697145e-02
5.215900345581644948e-02
6.217404164713591364e-02
7.218907983845539167e-02
8.220411802977486970e-02
9.221915622109434774e-02
1.022341944124138258e-01
1.122492326037332899e-01
1.222642707950527680e-01
1.322793089863722460e-01
1.422943471776917101e-01
1.523093853690111743e-01
1.623244235603306662e-01
1.723394617516501304e-01
1.823544999429695945e-01
1.923695381342890864e-01
2.039173288640782622e-01
2.169978721323372051e-01
2.300784154005961479e-01
2.431589586688550908e-01
2.562395019371140337e-01
2.693200452053730043e-01
2.824005884736319194e-01
2.954811317418908345e-01
3.085616750101498051e-01
3.216422182784087203e-01
3.347227615466676909e-01
3.478033048149266060e-01
3.608838480831855211e-01
3.739643913514444917e-01
3.870449346197034624e-01
4.001254778879623775e-01
4.132060211562212926e-01
4.207417000007394603e-01
4.282773788452575725e-01
4.358130576897757402e-01
4.433487365342939079e-01
4.508844153788120201e-01
4.584200942233301879e-01
4.659557730678483556e-01
4.734914519123664678e-01
4.810271307568846355e-01
4.885628096014028032e-01
4.960984884459209709e-01
5.036341672904390832e-01
5.111698461349571954e-01
5.187055249794754186e-01
5.262412038239935308e-01
5.337768826685116430e-01
5.389817682287635359e-01
5.418558605047490984e-01
5.447299527807346609e-01
5.476040450567201123e-01
5.504781373327056748e-01
5.533522296086912373e-01
5.562263218846767998e-01
5.591004141606623623e-01
5.619745064366479248e-01
5.648485987126333763e-01
5.677226909886189388e-01
5.705967832646045013e-01
5.734708755405900638e-01
5.763449678165756263e-01
5.792190600925610777e-01
5.820931523685466402e-01
5.849672446445322027e-01
5.852090864080606858e-01
5.828186776591319784e-01
5.804282689102032711e-01
5.780378601612745637e-01
5.756474514123458563e-01
5.732570426634172600e-01
5.708666339144885526e-01
5.684762251655598453e-01
5.660858164166311379e-01
5.636954076677025416e-01
5.613049989187738342e-01
5.589145901698451269e-01
5.565241814209164195e-01
5.541337726719877121e-01
5.517433639230591158e-01
5.493529551741304084e-01
5.469625464252017011e-01
5.414578314532536574e-01
5.359531164813056137e-01
5.304484015093575699e-01
5.249436865374095262e-01
5.194389715654614825e-01
5.139342565935134388e-01
5.084295416215653951e-01
5.029248266496173514e-01
4.974201116776693077e-01
4.919153967057212085e-01
4.864106817337731647e-01
4.809059667618251210e-01
4.754012517898770773e-01
4.698965368179290336e-01
4.643918218459809899e-01
4.588871068740329462e-01
4.538395262904937888e-01
4.492490800953635732e-01
4.446586339002333021e-01
4.400681877051030866e-01
4.354777415099728710e-01
4.308872953148425999e-01
4.262968491197123844e-01
4.217064029245821688e-01
4.171159567294518977e-01
4.125255105343216822e-01
4.079350643391914111e-01
4.033446181440611955e-01
3.987541719489309244e-01
3.941637257538007089e-01
3.895732795586704933e-01
3.849828333635402222e-01
3.803923871684100066e-01
3.760068680151064102e-01
3.718262759036295440e-01
3.676456837921526222e-01
3.634650916806757004e-01
3.592844995691988341e-01
3.551039074577219123e-01
3.509233153462449906e-01
3.467427232347681243e-01
3.425621311232912025e-01
3.383815390118142807e-01
3.342009469003374145e-01
3.300203547888604927e-01
3.258397626773835709e-01
3.216591705659067046e-01
3.174785784544297829e-01
3.132979863429529166e-01
3.091173942314759948e-01
3.056699050034514253e-01
3.029555186588791527e-01
3.002411323143068800e-01
2.975267459697346073e-01
2.948123596251623346e-01
2.920979732805901175e-01
2.893835869360178448e-01
2.866692005914455721e-01
2.839548142468732994e-01
2.812404279023010822e-01
2.785260415577288096e-01
2.758116552131565369e-01
2.730972688685842642e-01
2.703828825240119915e-01
2.676684961794397744e-01
2.649541098348675017e-01
2.622397234902952290e-01
2.598466536205330524e-01
2.574535837507708758e-01
2.550605138810086991e-01
2.526674440112465225e-01
2.502743741414842904e-01
2.478813042717221138e-01
2.454882344019599372e-01
2.430951645321977606e-01
2.407020946624355839e-01
2.383090247926734073e-01
2.359159549229112030e-01
2.335228850531490263e-01
2.311298151833868497e-01
2.287367453136246453e-01
2.263436754438624687e-01
2.239506055741002921e-01
2.215708895080099605e-01
2.192045272455914462e-01
2.168381649831729319e-01
2.144718027207544175e-01
2.121054404583359032e-01
2.097390781959173889e-01
2.073727159334988746e-01
2.050063536710803602e-01
2.026399914086618459e-01
2.002736291462433316e-01
1.979072668838248172e-01
1.955409046214063029e-01
1.931745423589877886e-01
1.908081800965692743e-01
1.884418178341507599e-01
1.860754555717322734e-01
1.837090933093137313e-01
1.815128936681909555e-01
1.794868566483638628e-01
1.774608196285367701e-01
1.754347826087096773e-01
1.734087455888825846e-01
1.713827085690554919e-01
1.693566715492283992e-01
1.673306345294013064e-01
1.653045975095742137e-01
1.632785604897471210e-01
1.612525234699200283e-01
1.592264864500929633e-01
1.572004494302658706e-01
1.551744124104387779e-01
1.531483753906116851e-01
1.511223383707845924e-01
1.490963013509574997e-01
1.480188402295308514e-01
1.469413791081042031e-01
1.458639179866775826e-01
1.447864568652509343e-01
1.437089957438242860e-01
1.426315346223976377e-01
1.415540735009710172e-01
1.404766123795443689e-01
1.393991512581177206e-01
1.383216901366910723e-01
1.372442290152644517e-01
1.361667678938378034e-01
1.350893067724111551e-01
1.340118456509845069e-01
1.329343845295578863e-01
1.318569234081312380e-01
1.305675731894432867e-01
1.290663338734940602e-01
1.275650945575448336e-01
1.260638552415956071e-01
1.245626159256463666e-01
1.230613766096971401e-01
1.215601372937478997e-01
1.200588979777986731e-01
1.185576586618494466e-01
1.170564193459002061e-01
1.155551800299509796e-01
1.140539407140017392e-01
1.125527013980525126e-01
1.110514620821032861e-01
1.095502227661540456e-01
1.080489834502048191e-01
1.065477441342555787e-01
1.053893339688862507e-01
1.045737529540968352e-01
1.037581719393074198e-01
1.029425909245179904e-01
1.021270099097285750e-01
1.013114288949391595e-01
1.004958478801497440e-01
9.968026686536031467e-02
9.886468585057089919e-02
9.804910483578148372e-02
9.723352382099205438e-02
9.641794280620263891e-02
9.560236179141322344e-02
9.478678077662380796e-02
9.397119976183437862e-02
9.315561874704496315e-02
9.234003773225554768e-02
9.155735969341323444e-02
9.080758463051803731e-02
9.005780956762284017e-02
8.930803450472764304e-02
8.855825944183245979e-02
8.780848437893726266e-02
8.705870931604206553e-02
8.630893425314686840e-02
8.555915919025167127e-02
8.480938412735647414e-02
8.405960906446127701e-02
8.330983400156607988e-02
8.256005893867088274e-02
8.181028387577569949e-02
8.106050881288050236e-02
8.031073374998530523e-02
7.956095868709010810e-02
7.882101307085261077e-02
7.808106745461509957e-02
7.734112183837760224e-02
7.660117622214010491e-02
7.586123060590259370e-02
7.512128498966509638e-02
7.438133937342758517e-02
7.364139375719008784e-02
7.290144814095259052e-02
7.216150252471507931e-02
7.142155690847758198e-02
7.068161129224008465e-02
6.994166567600257345e-02
6.920172005976507612e-02
6.846177444352757879e-02
6.772182882729006759e-02
6.701770064827494711e-02
6.634938990648220347e-02
6.568107916468947372e-02
6.501276842289673008e-02
6.434445768110398645e-02
6.367614693931125669e-02
6.300783619751851306e-02
6.233952545572577636e-02
6.167121471393303966e-02
6.100290397214029603e-02
6.033459323034755933e-02
5.966628248855481570e-02
5.899797174676207900e-02
5.832966100496934231e-02
5.766135026317659867e-02
5.699303952138386198e-02
5.632472877959111834e-02
5.580953055396027651e-02
5.544744484449131566e-02
5.508535913502235482e-02
5.472327342555339397e-02
5.436118771608443312e-02
5.399910200661547227e-02
5.363701629714651142e-02
5.327493058767755751e-02
5.291284487820859667e-02
5.255075916873963582e-02
5.218867345927067497e-02
5.182658774980171412e-02
5.146450204033275327e-02
5.110241633086379243e-02
5.074033062139483852e-02
5.037824491192587767e-02
5.001615920245691682e-02
4.961044183969246651e-02
4.920472447692801621e-02
4.879900711416356590e-02
4.839328975139911559e-02
4.798757238863467223e-02
4.758185502587022192e-02
4.717613766310577161e-02
4.677042030034132131e-02
4.636470293757687100e-02
4.595898557481242069e-02
4.555326821204797039e-02
4.514755084928352008e-02
4.474183348651906977e-02
4.433611612375461947e-02
4.393039876099016916e-02
4.352468139822572579e-02
4.316548462812438980e-02
4.285280845068616812e-02
4.254013227324794644e-02
4.222745609580972476e-02
4.191477991837150308e-02
4.160210374093328139e-02
4.128942756349505971e-02
4.097675138605683803e-02
4.066407520861861635e-02
4.035139903118040161e-02
4.003872285374217993e-02
3.972604667630395825e-02
3.941337049886573657e-02
3.910069432142751489e-02
3.878801814398929321e-02
3.847534196655107153e-02
3.816266578911284985e-02
3.784938829119933318e-02
3.753550947281050765e-02
3.722163065442168906e-02
3.690775183603287046e-02
3.659387301764404493e-02
3.627999419925522634e-02
3.596611538086640775e-02
3.565223656247758222e-02
3.533835774408876362e-02
3.502447892569994503e-02
3.471060010731111950e-02
3.439672128892230091e-02
3.408284247053348232e-02
3.376896365214465678e-02
3.345508483375583819e-02
3.314120601536701960e-02
3.282732719697819407e-02
3.256391854117871715e-02
3.235098004796857496e-02
3.213804155475843277e-02
3.192510306154829058e-02
3.171216456833814840e-02
3.149922607512800621e-02
3.128628758191786402e-02
3.107334908870772183e-02
3.086041059549757964e-02
3.064747210228744093e-02
3.043453360907729874e-02
3.022159511586715655e-02
3.000865662265701436e-02
2.979571812944687217e-02
2.958277963623673346e-02
2.936984114302659127e-02
2.915690264981644908e-02
2.890941121988982454e-02
2.866191978996320347e-02
2.841442836003657893e-02
2.816693693010995439e-02
2.791944550018333332e-02
2.767195407025670878e-02
2.742446264033008424e-02
2.717697121040346317e-02
2.692947978047683863e-02
2.668198835055021756e-02
2.643449692062359302e-02
2.618700549069696848e-02
2.593951406077034741e-02
2.569202263084372287e-02
2.544453120091709833e-02
2.519703977099047726e-02
2.500154304578838457e-02
2.485804102531082374e-02
2.471453900483326291e-02
2.457103698435570208e-02
2.442753496387814124e-02
2.428403294340058041e-02
2.414053092292301958e-02
2.399702890244545528e-02
2.385352688196789445e-02
2.371002486149033361e-02
2.356652284101277278e-02
2.342302082053521195e-02
2.327951880005765112e-02
2.313601677958009029e-02
2.299251475910252945e-02
2.284901273862496862e-02
2.270551071814740779e-02
2.253149232852586295e-02
2.232695756976033757e-02
2.212242281099481220e-02
2.191788805222928682e-02
2.171335329346376145e-02
2.150881853469823607e-02
2.130428377593271069e-02
2.109974901716718532e-02
2.089521425840165647e-02
2.069067949963613109e-02
2.048614474087060572e-02
2.028160998210508034e-02
2.007707522333955497e-02
1.987254046457402959e-02
1.966800570580850421e-02
1.946347094704297884e-02
1.925893618827745346e-02
1.910397577753018133e-02
1.899858971480116593e-02
1.889320365207215052e-02
1.878781758934313512e-02
1.868243152661411624e-02
1.857704546388510083e-02
1.847165940115608543e-02
1.836627333842707002e-02
1.826088727569805462e-02
1.815550121296903921e-02
1.805011515024002380e-02
1.794472908751100840e-02
1.783934302478198952e-02
1.773395696205297412e-02
1.762857089932395871e-02
1.752318483659494330e-02
1.741779877386592790e-02
1.728326817765834730e-02
1.714873758145076671e-02
1.701420698524318612e-02
1.687967638903560899e-02
1.674514579282802840e-02
1.661061519662044780e-02
1.647608460041286721e-02
1.634155400420528662e-02
1.620702340799770602e-02
1.607249281179012890e-02
1.593796221558254830e-02
1.580343161937496771e-02
1.566890102316738712e-02
1.553437042695980652e-02
1.539983983075222593e-02
1.526530923454464707e-02
1.515949819972366684e-02
1.508240672628928872e-02
1.500531525285491059e-02
1.492822377942053247e-02
1.485113230598615434e-02
1.477404083255177622e-02
1.469694935911739810e-02
1.461985788568301997e-02
1.454276641224864011e-02
1.446567493881426199e-02
1.438858346537988386e-02
1.431149199194550574e-02
1.423440051851112761e-02
1.415730904507674949e-02
1.408021757164237137e-02
1.400312609820799324e-02
1.392603462477361512e-02
1.383584804793737584e-02
1.373256636769927541e-02
1.362928468746117672e-02
1.352600300722307802e-02
1.342272132698497759e-02
1.331943964674687890e-02
1.321615796650877847e-02
1.311287628627067978e-02
1.300959460603257935e-02
1.290631292579448065e-02
1.280303124555638196e-02
1.269974956531828153e-02
1.259646788508018284e-02
1.249318620484208241e-02
1.238990452460398371e-02
1.228662284436588328e-02
1.218334116412778459e-02
1.208639133705661020e-02
1.198944150998543408e-02
1.189249168291425969e-02
1.179554185584308357e-02
1.169859202877190918e-02
1.160164220170073306e-02
1.150469237462955867e-02
1.140774254755838255e-02
1.131079272048720816e-02
1.121384289341603203e-02
1.111689306634485765e-02
1.101994323927368152e-02
1.092299341220250714e-02
1.082604358513133101e-02
1.072909375806015662e-02
1.063214393098898050e-02
1.056007441419254053e-02
1.051288520767083325e-02
1.046569600114912769e-02
1.041850679462742041e-02
1.037131758810571486e-02
1.032412838158400757e-02
1.027693917506230202e-02
1.022974996854059473e-02
1.018256076201888918e-02
1.013537155549718190e-02
1.008818234897547461e-02
1.004099314245376906e-02
9.993803935932061774e-03
9.946614729410356223e-03
9.899425522888648937e-03
9.852236316366943386e-03
9.805047109845236100e-03
9.747325203010498429e-03
9.679070595862730372e-03
9.610815988714960581e-03
9.542561381567190790e-03
9.474306774419422733e-03
9.406052167271652942e-03
9.337797560123883150e-03
9.269542952976115094e-03
9.201288345828345303e-03
9.133033738680575511e-03
9.064779131532807455e-03
8.996524524385037663e-03
8.928269917237267872e-03
8.860015310089499815e-03
8.791760702941730024e-03
8.723506095793961967e-03
8.655251488646192176e-03
8.601436618279440297e-03
8.562061484693706329e-03
8.522686351107974095e-03
8.483311217522240127e-03
8.443936083936506160e-03
8.404560950350773926e-03
8.365185816765039958e-03
8.325810683179305990e-03
8.286435549593573757e-03
8.247060416007839789e-03
8.207685282422105821e-03
8.168310148836371853e-03
8.128935015250639620e-03
8.089559881664905652e-03
8.050184748079171684e-03
8.010809614493439451e-03
7.971434480907705483e-03
7.927867127251840909e-03
7.884299773595976335e-03
7.840732419940111761e-03
7.797165066284246319e-03
7.753597712628381745e-03
7.710030358972517171e-03
7.666463005316652597e-03
7.622895651660788023e-03
7.579328298004922582e-03
7.535760944349058008e-03
7.492193590693193433e-03
7.448626237037328859e-03
7.405058883381464285e-03
7.361491529725599711e-03
7.317924176069734270e-03
7.274356822413869696e-03
7.232378987871658851e-03
7.191990672443100002e-03
7.151602357014542888e-03
7.111214041585984039e-03
7.070825726157426924e-03
7.030437410728868075e-03
6.990049095300310961e-03
6.949660779871752112e-03
6.909272464443194997e-03
6.868884149014636148e-03
6.828495833586079033e-03
6.788107518157520184e-03
6.747719202728963070e-03
6.707330887300404221e-03
6.666942571871847106e-03
6.626554256443288257e-03
6.586165941014731143e-03
6.547978735979970849e-03
6.511992641339009978e-03
6.476006546698049107e-03
6.440020452057088236e-03
6.404034357416127365e-03
6.368048262775166495e-03
6.332062168134205624e-03
6.296076073493243885e-03
6.260089978852283014e-03
6.224103884211322144e-03
6.188117789570361273e-03
6.152131694929400402e-03
6.116145600288439531e-03
6.080159505647478660e-03
6.044173411006516922e-03
6.008187316365556051e-03
5.972201221724595180e-03
5.940850968331967685e-03
5.909500714939340191e-03
5.878150461546712696e-03
5.846800208154085202e-03
5.815449954761458574e-03
5.784099701368831080e-03
5.752749447976203585e-03
5.721399194583576091e-03
5.690048941190948596e-03
5.658698687798321102e-03
5.627348434405693607e-03
5.595998181013066980e-03
5.564647927620439485e-03
5.533297674227811991e-03
5.501947420835184496e-03
5.470597167442557002e-03
5.439220656126775993e-03
5.407817886887840604e-03
5.376415117648906082e-03
5.345012348409971560e-03
5.313609579171036171e-03
5.282206809932101649e-03
5.250804040693167127e-03
5.219401271454231737e-03
5.187998502215297215e-03
5.156595732976362693e-03
5.125192963737427304e-03
5.093790194498492782e-03
5.062387425259558260e-03
5.030984656020622871e-03
4.999581886781688349e-03
4.968179117542753827e-03
4.936776348303818437e-03
4.911271178618609526e-03
4.891663608487125357e-03
4.872056038355641189e-03
4.852448468224157020e-03
4.832840898092672852e-03
4.813233327961188683e-03
4.793625757829704515e-03
4.774018187698220346e-03
4.754410617566736177e-03
4.734803047435252009e-03
4.715195477303767840e-03
4.695587907172283672e-03
4.675980337040799503e-03
4.656372766909315335e-03
4.636765196777831166e-03
4.617157626646346998e-03
4.597550056514862829e-03
4.577264221379607513e-03
4.556300121240581050e-03
4.535336021101554586e-03
4.514371920962527256e-03
4.493407820823500792e-03
4.472443720684474329e-03
4.451479620545446998e-03
4.430515520406420535e-03
4.409551420267394072e-03
4.388587320128366741e-03
4.367623219989340277e-03
4.346659119850313814e-03
4.325695019711286483e-03
4.304730919572260020e-03
4.283766819433233557e-03
4.262802719294206226e-03
4.241838619155179763e-03
4.220112446954386518e-03
4.198386274753593272e-03
4.176660102552800027e-03
4.154933930352006782e-03
4.133207758151213537e-03
4.111481585950420292e-03
4.089755413749627047e-03
4.068029241548833802e-03
4.046303069348039690e-03
4.024576897147246445e-03
4.002850724946453199e-03
3.981124552745659954e-03
3.959398380544866709e-03
3.937672208344073464e-03
3.915946036143280219e-03
3.894219863942486974e-03
3.875009103759986719e-03
3.858313755595779455e-03
3.841618407431572190e-03
3.824923059267364926e-03
3.808227711103157661e-03
3.791532362938950396e-03
3.774837014774743132e-03
3.758141666610535867e-03
3.741446318446328603e-03
3.724750970282121338e-03
3.708055622117914073e-03
3.691360273953706809e-03
3.674664925789499544e-03
3.657969577625292280e-03
3.641274229461085015e-03
3.624578881296877751e-03
3.607883533132670486e-03
3.590783941728056382e-03
3.573280107083035440e-03
3.555776272438014932e-03
3.538272437792993989e-03
3.520768603147973047e-03
3.503264768502952538e-03
3.485760933857931596e-03
3.468257099212910654e-03
3.450753264567890145e-03
3.433249429922869203e-03
3.415745595277848261e-03
3.398241760632827319e-03
3.380737925987806810e-03
3.363234091342785868e-03
3.345730256697764925e-03
3.328226422052744417e-03
3.310722587407723475e-03
3.296612817724411167e-03
3.282503048041098426e-03
3.268393278357786119e-03
3.254283508674473812e-03
3.240173738991161071e-03
3.226063969307848764e-03
3.211954199624536457e-03
3.197844429941223716e-03
3.183734660257911409e-03
3.169624890574599101e-03
3.155515120891286360e-03
3.141405351207974053e-03
3.127295581524661746e-03
3.113185811841349005e-03
3.099076042158036698e-03
3.084966272474724391e-03
3.072519219808444568e-03
3.061734884159197662e-03
3.050950548509950323e-03
3.040166212860703418e-03
3.029381877211456513e-03
3.018597541562209174e-03
3.007813205912962268e-03
2.997028870263715363e-03
2.986244534614468024e-03
2.975460198965221119e-03
2.964675863315974214e-03
2.953891527666727308e-03
2.943107192017479969e-03
2.932322856368233064e-03
2.921538520718986159e-03
2.910754185069738820e-03
2.899969849420491914e-03
2.889565092179669035e-03
2.879539913347269747e-03
2.869514734514870893e-03
2.859489555682471606e-03
2.849464376850072752e-03
2.839439198017673464e-03
2.829414019185274611e-03
2.819388840352875757e-03
2.809363661520476469e-03
2.799338482688077615e-03
2.789313303855678328e-03
2.779288125023279474e-03
2.769262946190880186e-03
2.759237767358481332e-03
2.749212588526082045e-03
2.739187409693683191e-03
2.729162230861283903e-03
2.720041447321764998e-03
2.711825059075126040e-03
2.703608670828487083e-03
2.695392282581848126e-03
2.687175894335209168e-03
2.678959506088570211e-03
2.670743117841931254e-03
2.662526729595292296e-03
2.654310341348653339e-03
2.646093953102014382e-03
2.637877564855375424e-03
2.629661176608736467e-03
2.621444788362097510e-03
2.613228400115458552e-03
2.605012011868819595e-03
2.596795623622180638e-03
2.588579235375541680e-03
2.574729310841062952e-03
2.560879386306584224e-03
2.547029461772105062e-03
2.533179537237626334e-03
2.519329612703147606e-03
2.505479688168668877e-03
2.491629763634190149e-03
2.477779839099710987e-03
2.463929914565232259e-03
2.450079990030753531e-03
2.436230065496274803e-03
2.422380140961796074e-03
2.408530216427316913e-03
2.394680291892838184e-03
2.380830367358359456e-03
2.366980442823880728e-03
2.356219476463034933e-03
2.348547468275822506e-03
2.340875460088610079e-03
2.333203451901397652e-03
2.325531443714185225e-03
2.317859435526972798e-03
2.310187427339760371e-03
2.302515419152547944e-03
2.294843410965335083e-03
2.287171402778122656e-03
2.279499394590910229e-03
2.271827386403697802e-03
2.264155378216485374e-03
2.256483370029272947e-03
2.248811361842060520e-03
2.241139353654848093e-03
2.233467345467635666e-03
2.226814093243436980e-03
2.221179596982252036e-03
2.215545100721067525e-03
2.209910604459882581e-03
2.204276108198697636e-03
2.198641611937512692e-03
2.193007115676328181e-03
2.187372619415143236e-03
2.181738123153958292e-03
2.176103626892773348e-03
2.170469130631588837e-03
2.164834634370403892e-03
2.159200138109218948e-03
2.153565641848034003e-03
2.147931145586849493e-03
2.142296649325664548e-03
2.136662153064479604e-03
2.126206589969416912e-03
2.115751026874354221e-03
2.105295463779291529e-03
2.094839900684228838e-03
2.084384337589166147e-03
2.073928774494103889e-03
2.063473211399041198e-03
2.053017648303978506e-03
2.042562085208915815e-03
2.032106522113853123e-03
2.021650959018790432e-03
2.011195395923727740e-03
2.000739832828665049e-03
1.990284269733602358e-03
1.979828706638539666e-03
1.969373143543476975e-03
1.961319135558496282e-03
1.955666682683598022e-03
1.950014229808699111e-03
1.944361776933800417e-03
1.938709324058901723e-03
1.933056871184003029e-03
1.927404418309104335e-03
1.921751965434205641e-03
1.916099512559306947e-03
1.910447059684408254e-03
1.904794606809509560e-03
1.899142153934610866e-03
1.893489701059712172e-03
1.887837248184813478e-03
1.882184795309914784e-03
1.876532342435016090e-03
1.870879889560117396e-03
1.864785742974986536e-03
1.858249902679623292e-03
1.851714062384260048e-03
1.845178222088897022e-03
1.838642381793533778e-03
1.832106541498170534e-03
1.825570701202807291e-03
1.819034860907444264e-03
1.812499020612081020e-03
1.805963180316717777e-03
1.799427340021354750e-03
1.792891499725991506e-03
1.786355659430628262e-03
1.779819819135265019e-03
1.773283978839901992e-03
1.766748138544538748e-03
1.760212298249175505e-03
1.754110575299115985e-03
1.748442969694359757e-03
1.742775364089603528e-03
1.737107758484847300e-03
1.731440152880091071e-03
1.725772547275334842e-03
1.720104941670578614e-03
1.714437336065822385e-03
1.708769730461066156e-03
1.703102124856309928e-03
1.697434519251553699e-03
1.691766913646797687e-03
1.686099308042041459e-03
1.680431702437285230e-03
1.674764096832529001e-03
1.669096491227772773e-03
1.663428885623016544e-03
1.658696375112948818e-03
1.653963864602881091e-03
1.649231354092813148e-03
1.644498843582745421e-03
1.639766333072677695e-03
1.635033822562609969e-03
1.630301312052542242e-03
1.625568801542474516e-03
1.620836291032406572e-03
1.616103780522338846e-03
1.611371270012271120e-03
1.606638759502203393e-03
1.601906248992135667e-03
1.597173738482067723e-03
1.592441227971999997e-03
1.587708717461932270e-03
1.582268170979285807e-03
1.576119588524060606e-03
1.569971006068835405e-03
1.563822423613610204e-03
1.557673841158385003e-03
1.551525258703159802e-03
1.545376676247934601e-03
1.539228093792709400e-03
1.533079511337484199e-03
1.526930928882259215e-03
1.520782346427034014e-03
1.514633763971808813e-03
1.508485181516583612e-03
1.502336599061358411e-03
1.496188016606133210e-03
1.490039434150908009e-03
1.483890851695682809e-03
1.478226820132985198e-03
1.473047339462814961e-03
1.467867858792644940e-03
1.462688378122474703e-03
1.457508897452304466e-03
1.452329416782134446e-03
1.447149936111964208e-03
1.441970455441794188e-03
1.436790974771623951e-03
1.431611494101453714e-03
1.426432013431283693e-03
1.421252532761113456e-03
1.416073052090943436e-03
1.410893571420773198e-03
1.405714090750602961e-03
1.400534610080432941e-03
1.395355129410262704e-03
1.391575017373533315e-03
1.389194273970244774e-03
1.386813530566956233e-03
1.384432787163667692e-03
1.382052043760379151e-03
1.379671300357090393e-03
1.377290556953801853e-03
1.374909813550513312e-03
1.372529070147224771e-03
1.370148326743936013e-03
1.367767583340647472e-03
1.365386839937358932e-03
1.363006096534070391e-03
1.360625353130781850e-03
1.358244609727493092e-03
1.355863866324204551e-03
1.353483122920916010e-03
1.350010083164355189e-03
1.346537043407794367e-03
1.343064003651233762e-03
1.339590963894672941e-03
1.336117924138112119e-03
1.332644884381551298e-03
1.329171844624990476e-03
1.325698804868429654e-03
1.322225765111869050e-03
1.318752725355308228e-03
1.315279685598747406e-03
1.311806645842186585e-03
1.308333606085625763e-03
1.304860566329065158e-03
1.301387526572504337e-03
1.297914486815943515e-03
1.294468082650528790e-03
1.291048314076260160e-03
1.287628545501991531e-03
1.284208776927722902e-03
1.280789008353454489e-03
1.277369239779185860e-03
1.273949471204917231e-03
1.270529702630648601e-03
1.267109934056379972e-03
1.263690165482111343e-03
1.260270396907842714e-03
1.256850628333574084e-03
1.253430859759305455e-03
1.250011091185037043e-03
1.246591322610768413e-03
1.243171554036499784e-03
1.239751785462231155e-03
1.235759616327212693e-03
1.231195046631444181e-03
1.226630476935675670e-03
1.222065907239907375e-03
1.217501337544138864e-03
1.212936767848370569e-03
1.208372198152602058e-03
1.203807628456833546e-03
1.199243058761065251e-03
1.194678489065296740e-03
1.190113919369528445e-03
1.185549349673759934e-03
1.180984779977991422e-03
1.176420210282223128e-03
1.171855640586454616e-03
1.167291070890686322e-03
1.162726501194917810e-03
1.160134688782772953e-03
1.157542876370628096e-03
1.154951063958483239e-03
1.152359251546338165e-03
1.149767439134193308e-03
1.147175626722048451e-03
1.144583814309903594e-03
1.141992001897758737e-03
1.139400189485613880e-03
1.136808377073468806e-03
1.134216564661323949e-03
1.131624752249179092e-03
1.129032939837034235e-03
1.126441127424889378e-03
1.123849315012744520e-03
1.121257502600599663e-03
1.118514022331207987e-03
1.115618874204569707e-03
1.112723726077931427e-03
1.109828577951293147e-03
1.106933429824655084e-03
1.104038281698016804e-03
1.101143133571378524e-03
1.098247985444740244e-03
1.095352837318101964e-03
1.092457689191463684e-03
1.089562541064825404e-03
1.086667392938187125e-03
1.083772244811548845e-03
1.080877096684910782e-03
1.077981948558272502e-03
1.075086800431634222e-03
1.072191652304995942e-03
1.069782854025689168e-03
1.067860405593713900e-03
1.065937957161738631e-03
1.064015508729763363e-03
1.062093060297788095e-03
1.060170611865812827e-03
1.058248163433837558e-03
1.056325715001862290e-03
1.054403266569887022e-03
1.052480818137911970e-03
1.050558369705936702e-03
1.048635921273961434e-03
1.046713472841986165e-03
1.044791024410010897e-03
1.042868575978035629e-03
1.040946127546060361e-03
1.039023679114085092e-03
1.036900138748312640e-03
1.034575506448743003e-03
1.032250874149173367e-03
1.029926241849603730e-03
1.027601609550034311e-03
1.025276977250464674e-03
1.022952344950895038e-03
1.020627712651325401e-03
1.018303080351755764e-03
1.015978448052186128e-03
1.013653815752616491e-03
1.011329183453046855e-03
1.009004551153477435e-03
1.006679918853907799e-03
1.004355286554338162e-03
1.002030654254768526e-03
9.997060219551988890e-04
9.968097926811977840e-04
9.939135634071968959e-04
9.910173341331957909e-04
9.881211048591949028e-04
9.852248755851937979e-04
9.823286463111929098e-04
9.794324170371918048e-04
9.765361877631909167e-04
9.736399584891899201e-04
9.707437292151889236e-04
9.678474999411879271e-04
9.649512706671869305e-04
9.620550413931859340e-04
9.591588121191849375e-04
9.562625828451838325e-04
9.533663535711829444e-04
9.508792250829658978e-04
9.488011973805329097e-04
9.467231696780999215e-04
9.446451419756669333e-04
9.425671142732339452e-04
9.404890865708009570e-04
9.384110588683679689e-04
9.363330311659349807e-04
9.342550034635019925e-04
9.321769757610690044e-04
9.300989480586360162e-04
9.280209203562030280e-04
9.259428926537700399e-04
9.238648649513370517e-04
9.217868372489040635e-04
9.197088095464710754e-04
9.176307818440380872e-04
9.154338062441973829e-04
9.131178827469490708e-04
9.108019592497007587e-04
9.084860357524524466e-04
9.061701122552041346e-04
9.038541887579557140e-04
9.015382652607074020e-04
8.992223417634590899e-04
8.969064182662107778e-04
8.945904947689623573e-04
8.922745712717140452e-04
8.899586477744657331e-04
8.876427242772174210e-04
8.853268007799691090e-04
8.830108772827206885e-04
8.806949537854723764e-04
8.783790302882240643e-04
8.767598457873552586e-04
8.751406612864864529e-04
8.735214767856175387e-04
8.719022922847487330e-04
8.702831077838799273e-04
8.686639232830111216e-04
8.670447387821423159e-04
8.654255542812735102e-04
8.638063697804045961e-04
8.621871852795357904e-04
8.605680007786669847e-04
8.589488162777981790e-04
8.573296317769293733e-04
8.557104472760604591e-04
8.540912627751916534e-04
8.524720782743228477e-04
8.506347247058402205e-04
8.485792020697437718e-04
8.465236794336473232e-04
8.444681567975508745e-04
8.424126341614543174e-04
8.403571115253578687e-04
8.383015888892614200e-04
8.362460662531649713e-04
8.341905436170685226e-04
8.321350209809720740e-04
8.300794983448756253e-04
8.280239757087791766e-04
8.259684530726827279e-04
8.239129304365861708e-04
8.218574078004897221e-04
8.198018851643932734e-04
8.177463625282968248e-04
8.158375813690807270e-04
8.140755416867449801e-04
8.123135020044092332e-04
8.105514623220735947e-04
8.087894226397378478e-04
8.070273829574021009e-04
8.052653432750663540e-04
8.035033035927306071e-04
8.017412639103949686e-04
7.999792242280592217e-04
7.982171845457234748e-04
7.964551448633877279e-04
7.946931051810519810e-04
7.929310654987162341e-04
7.911690258163805957e-04
7.894069861340448488e-04
7.876449464517091019e-04
7.861931559556688699e-04
7.850516146459240443e-04
7.839100733361792188e-04
7.827685320264345017e-04
7.816269907166896761e-04
7.804854494069449590e-04
7.793439080972001335e-04
7.782023667874553080e-04
7.770608254777105909e-04
7.759192841679657653e-04
7.747777428582210482e-04
7.736362015484762227e-04
7.724946602387313972e-04
7.713531189289866800e-04
7.702115776192418545e-04
7.690700363094971374e-04
7.679284949997523119e-04
7.662406127451876605e-04
7.645527304906231175e-04
7.628648482360584661e-04
7.611769659814938147e-04
7.594890837269292717e-04
7.578012014723646203e-04
7.561133192177999689e-04
7.544254369632354259e-04
7.527375547086707745e-04
7.510496724541061231e-04
7.493617901995415801e-04
7.476739079449769287e-04
7.459860256904122773e-04
7.442981434358477344e-04
7.426102611812830830e-04
7.409223789267184316e-04
7.395173003897489647e-04
7.383950255703745739e-04
7.372727507510001832e-04
7.361504759316257925e-04
7.350282011122514017e-04
7.339059262928770110e-04
7.327836514735026202e-04
7.316613766541282295e-04
7.305391018347538387e-04
7.294168270153794480e-04
7.282945521960050572e-04
7.271722773766306665e-04
7.260500025572562757e-04
7.249277277378818850e-04
7.238054529185074942e-04
7.226831780991331035e-04
7.215609032797587127e-04
7.203249675637530191e-04
7.189753709511159142e-04
7.176257743384789178e-04
7.162761777258418129e-04
7.149265811132048164e-04
7.135769845005677115e-04
7.122273878879306066e-04
7.108777912752936102e-04
7.095281946626565053e-04
7.081785980500195088e-04
7.068290014373824039e-04
7.054794048247454074e-04
7.041298082121083025e-04
7.027802115994713061e-04
7.014306149868342012e-04
7.000810183741972047e-04
6.987314217615600998e-04
6.972728213370933638e-04
6.958142209126266277e-04
6.943556204881598916e-04
6.928970200636931556e-04
6.914384196392264195e-04
6.899798192147596834e-04
6.885212187902929474e-04
6.870626183658262113e-04
6.856040179413594752e-04
6.841454175168927392e-04
6.826868170924260031e-04
6.812282166679592670e-04
6.797696162434925310e-04
6.783110158190257949e-04
6.768524153945590588e-04
6.753938149700923228e-04
6.742422824283090654e-04
6.733978177692092866e-04
6.725533531101095079e-04
6.717088884510097292e-04
6.708644237919099505e-04
6.700199591328101717e-04
6.691754944737103930e-04
6.683310298146106143e-04
6.674865651555108356e-04
6.666421004964109484e-04
6.657976358373111697e-04
6.649531711782113910e-04
6.641087065191116122e-04
6.632642418600118335e-04
6.624197772009120548e-04
6.615753125418122760e-04
6.607308478827124973e-04
6.592840026232400568e-04
6.572347767633951714e-04
6.551855509035502860e-04
6.531363250437054006e-04
6.510870991838605152e-04
6.490378733240156298e-04
6.469886474641707444e-04
6.449394216043258590e-04
6.428901957444808652e-04
6.408409698846359798e-04
6.387917440247910944e-04
6.367425181649462090e-04
6.346932923051013236e-04
6.326440664452564382e-04
6.305948405854115528e-04
6.285456147255666674e-04
6.264963888657217820e-04
6.252658720984566668e-04
6.248540644237714301e-04
6.244422567490860851e-04
6.240304490744008484e-04
6.236186413997156118e-04
6.232068337250302667e-04
6.227950260503450301e-04
6.223832183756597934e-04
6.219714107009744484e-04
6.215596030262892117e-04
6.211477953516039751e-04
6.207359876769187384e-04
6.203241800022333934e-04
6.199123723275481567e-04
6.195005646528629201e-04
6.190887569781775750e-04
6.186769493034923384e-04
6.177514876145566306e-04
6.168260259256209228e-04
6.159005642366853234e-04
6.149751025477496157e-04
6.140496408588139079e-04
6.131241791698782001e-04
6.121987174809424923e-04
6.112732557920067845e-04
6.103477941030711852e-04
6.094223324141354774e-04
6.084968707251997696e-04
6.075714090362640618e-04
6.066459473473283541e-04
6.057204856583927547e-04
6.047950239694570469e-04
6.038695622805213391e-04
6.027818286808955383e-04
6.015318231705795360e-04
6.002818176602635336e-04
5.990318121499475313e-04
5.977818066396316373e-04
5.965318011293156350e-04
5.952817956189996327e-04
5.940317901086836303e-04
5.927817845983677364e-04
5.915317790880517341e-04
5.902817735777357317e-04
5.890317680674197294e-04
5.877817625571037270e-04
5.865317570467878331e-04
5.852817515364718308e-04
5.840317460261558284e-04
5.827817405158398261e-04
5.817275725749159561e-04
5.808692422033842184e-04
5.800109118318524807e-04
5.791525814603207430e-04
5.782942510887890053e-04
5.774359207172572676e-04
5.765775903457255299e-04
5.757192599741936838e-04
5.748609296026619461e-04
5.740025992311302084e-04
5.731442688595984707e-04
5.722859384880667330e-04
5.714276081165349953e-04
5.705692777450031491e-04
5.697109473734714115e-04
5.688526170019396738e-04
5.679942866304079361e-04
5.669172421061199896e-04
5.658401975818320431e-04
5.647631530575440966e-04
5.636861085332561501e-04
5.626090640089682036e-04
5.615320194846802572e-04
5.604549749603923107e-04
5.593779304361043642e-04
5.583008859118164177e-04
5.572238413875284712e-04
5.561467968632405248e-04
5.550697523389525783e-04
5.539927078146646318e-04
5.529156632903766853e-04
5.518386187660887388e-04
5.507615742418006839e-04
5.497252429235752842e-04
5.487296248114122144e-04
5.477340066992492530e-04
5.467383885870862915e-04
5.457427704749232217e-04
5.447471523627602603e-04
5.437515342505971905e-04
5.427559161384342291e-04
5.417602980262712677e-04
5.407646799141081978e-04
5.397690618019452364e-04
5.387734436897821666e-04
5.377778255776192052e-04
5.367822074654561354e-04
5.357865893532931740e-04
5.347909712411302125e-04
5.337953531289671427e-04
5.328973771557984039e-04
5.320970433216239961e-04
5.312967094874494799e-04
5.304963756532749637e-04
5.296960418191005559e-04
5.288957079849260397e-04
5.280953741507516319e-04
5.272950403165771157e-04
5.264947064824027079e-04
5.256943726482281917e-04
5.248940388140536754e-04
5.240937049798792676e-04
5.232933711457047514e-04
5.224930373115303436e-04
5.216927034773558274e-04
5.208923696431813112e-04
5.200920358090069034e-04
5.191254712064636602e-04
5.179926758355515816e-04
5.168598804646396113e-04
5.157270850937276411e-04
5.145942897228155625e-04
5.134614943519035923e-04
5.123286989809915136e-04
5.111959036100795434e-04
5.100631082391674648e-04
5.089303128682554946e-04
5.077975174973435243e-04
5.066647221264314457e-04
5.055319267555194755e-04
5.043991313846073968e-04
5.032663360136954266e-04
5.021335406427833480e-04
5.010007452718713778e-04
5.004040579566713378e-04
4.998073706414712979e-04
4.992106833262712580e-04
4.986139960110712180e-04
4.980173086958711781e-04
4.974206213806711381e-04
4.968239340654710982e-04
4.962272467502710583e-04
4.956305594350711267e-04
4.950338721198710868e-04
4.944371848046710469e-04
4.938404974894710069e-04
4.932438101742709670e-04
4.926471228590709271e-04
4.920504355438708871e-04
4.914537482286708472e-04
4.908390030366613843e-04
4.902061999678424984e-04
4.895733968990235042e-04
4.889405938302046183e-04
4.883077907613857325e-04
4.876749876925667924e-04
4.870421846237479066e-04
4.864093815549289665e-04
4.857765784861100807e-04
4.851437754172911406e-04
4.845109723484722006e-04
4.838781692796533147e-04
4.832453662108343747e-04
4.826125631420154888e-04
4.819797600731965488e-04
4.813469570043776629e-04
4.807141539355587229e-04
4.800083589424886631e-04
4.792295720251674835e-04
4.784507851078463039e-04
4.776719981905250701e-04
4.768932112732038905e-04
4.761144243558827109e-04
4.753356374385615314e-04
4.745568505212402976e-04
4.737780636039191180e-04
4.729992766865979384e-04
4.722204897692767046e-04
4.714417028519555250e-04
4.706629159346343455e-04
4.698841290173131659e-04
4.691053420999919321e-04
4.683265551826707525e-04
4.675477682653495729e-04
4.666147458087362902e-04
4.655274878128310128e-04
4.644402298169257354e-04
4.633529718210204580e-04
4.622657138251151806e-04
4.611784558292099032e-04
4.600911978333046258e-04
4.590039398373993483e-04
4.579166818414940709e-04
4.568294238455887935e-04
4.557421658496835161e-04
4.546549078537782387e-04
4.535676498578729613e-04
4.524803918619676839e-04
4.513931338660624065e-04
4.503058758701571291e-04
4.492186178742518517e-04
4.488021500101339704e-04
4.483856821460160892e-04
4.479692142818982080e-04
4.475527464177803268e-04
4.471362785536624456e-04
4.467198106895445102e-04
4.463033428254266290e-04
4.458868749613087478e-04
4.454704070971908666e-04
4.450539392330729854e-04
4.446374713689551041e-04
4.442210035048372229e-04
4.438045356407193417e-04
4.433880677766014605e-04
4.429715999124835793e-04
4.425551320483656981e-04
4.419143230055624125e-04
4.410491727840738308e-04
4.401840225625851949e-04
4.393188723410966132e-04
4.384537221196079773e-04
4.375885718981193957e-04
4.367234216766307598e-04
4.358582714551421781e-04
4.349931212336535964e-04
4.341279710121649605e-04
4.332628207906763789e-04
4.323976705691877430e-04
4.315325203476991613e-04
4.306673701262105254e-04
4.298022199047219437e-04
4.289370696832333078e-04
4.280719194617447262e-04
4.274495540114841424e-04
4.270699733324516650e-04
4.266903926534191876e-04
4.263108119743867102e-04
4.259312312953542328e-04
4.255516506163217554e-04
4.251720699372892780e-04
4.247924892582567464e-04
4.244129085792242690e-04
4.240333279001917916e-04
4.236537472211593142e-04
4.232741665421268368e-04
4.228945858630943594e-04
4.225150051840618278e-04
4.221354245050293504e-04
4.217558438259968730e-04
4.213762631469643955e-04
4.204464279816284280e-04
4.195165928162924605e-04
4.185867576509564930e-04
4.176569224856205255e-04
4.167270873202845579e-04
4.157972521549485904e-04
4.148674169896126229e-04
4.139375818242766554e-04
4.130077466589407421e-04
4.120779114936047745e-04
4.111480763282688070e-04
4.102182411629328395e-04
4.092884059975968720e-04
4.083585708322609044e-04
4.074287356669249369e-04
4.064989005015889694e-04
4.056624743574025263e-04
4.049194572343655534e-04
4.041764401113286348e-04
4.034334229882917161e-04
4.026904058652547433e-04
4.019473887422178246e-04
4.012043716191808517e-04
4.004613544961439331e-04
3.997183373731069602e-04
3.989753202500700415e-04
3.982323031270331229e-04
3.974892860039961500e-04
3.967462688809592314e-04
3.960032517579222585e-04
3.952602346348853398e-04
3.945172175118484212e-04
3.937742003888114483e-04
3.933026809204721299e-04
3.931026591068303576e-04
3.929026372931886395e-04
3.927026154795468672e-04
3.925025936659051490e-04
3.923025718522633767e-04
3.921025500386216586e-04
3.919025282249798863e-04
3.917025064113381682e-04
3.915024845976963958e-04
3.913024627840546235e-04
3.911024409704129054e-04
3.909024191567711331e-04
3.907023973431294150e-04
3.905023755294876426e-04
3.903023537158459245e-04
3.901023319022041522e-04
3.897839507838485621e-04
3.893472103607790460e-04
3.889104699377095298e-04
3.884737295146400678e-04
3.880369890915705516e-04
3.876002486685010896e-04
3.871635082454315735e-04
3.867267678223620573e-04
3.862900273992925953e-04
3.858532869762230791e-04
3.854165465531536171e-04
3.849798061300841010e-04
3.845430657070145848e-04
3.841063252839451228e-04
3.836695848608756066e-04
3.832328444378061446e-04
3.827961040147366285e-04
3.820189233126843661e-04
3.812417426106321579e-04
3.804645619085798955e-04
3.796873812065276331e-04
3.789102005044754249e-04
3.781330198024231625e-04
3.773558391003709002e-04
3.765786583983186378e-04
3.758014776962664296e-04
3.750242969942141672e-04
3.742471162921619048e-04
3.734699355901096966e-04
3.726927548880574342e-04
3.719155741860051718e-04
3.711383934839529637e-04
3.703612127819007013e-04
3.695976628995863980e-04
3.688477438370100538e-04
3.680978247744337096e-04
3.673479057118573653e-04
3.665979866492810211e-04
3.658480675867046769e-04
3.650981485241283327e-04
3.643482294615519885e-04
3.635983103989756443e-04
3.628483913363993001e-04
3.620984722738229558e-04
3.613485532112466116e-04
3.605986341486702674e-04
3.598487150860939232e-04
3.590987960235175790e-04
3.583488769609412348e-04
3.575989578983648906e-04
3.570410722267646072e-04
3.566752199461403847e-04
3.563093676655162165e-04
3.559435153848919940e-04
3.555776631042677715e-04
3.552118108236435490e-04
3.548459585430193807e-04
3.544801062623951582e-04
3.541142539817709357e-04
3.537484017011467132e-04
3.533825494205225450e-04
3.530166971398983225e-04
3.526508448592741000e-04
3.522849925786498775e-04
3.519191402980257092e-04
3.515532880174014867e-04
3.511874357367772643e-04
3.503786796859679749e-04
3.495699236351586855e-04
3.487611675843493961e-04
3.479524115335400525e-04
3.471436554827307631e-04
3.463348994319214737e-04
3.455261433811121843e-04
3.447173873303028950e-04
3.439086312794936056e-04
3.430998752286842620e-04
3.422911191778749726e-04
3.414823631270656832e-04
3.406736070762563938e-04
3.398648510254471044e-04
3.390560949746378150e-04
3.382473389238285257e-04
3.377456526058087750e-04
3.375510360205785632e-04
3.373564194353483514e-04
3.371618028501181938e-04
3.369671862648879819e-04
3.367725696796577701e-04
3.365779530944276125e-04
3.363833365091974006e-04
3.361887199239671888e-04
3.359941033387370312e-04
3.357994867535068193e-04
3.356048701682766617e-04
3.354102535830464499e-04
3.352156369978162380e-04
3.350210204125860804e-04
3.348264038273558686e-04
3.346317872421256568e-04
3.341244436324222354e-04
3.333043729982454960e-04
3.324843023640687567e-04
3.316642317298920716e-04
3.308441610957153322e-04
3.300240904615385929e-04
3.292040198273618536e-04
3.283839491931851685e-04
3.275638785590084291e-04
3.267438079248316898e-04
3.259237372906550047e-04
3.251036666564782653e-04
3.242835960223015260e-04
3.234635253881247867e-04
3.226434547539481015e-04
3.218233841197713622e-04
3.210033134855946229e-04
3.203323429580964333e-04
3.198104725372767393e-04
3.192886021164570453e-04
3.187667316956373513e-04
3.182448612748176573e-04
3.177229908539979633e-04
3.172011204331782693e-04
3.166792500123585753e-04
3.161573795915389356e-04
3.156355091707192416e-04
3.151136387498995476e-04
3.145917683290798536e-04
3.140698979082601596e-04
3.135480274874404656e-04
3.130261570666207716e-04
3.125042866458010776e-04
3.119824162249813836e-04
3.116013437748391623e-04
3.112202713246968867e-04
3.108391988745546654e-04
3.104581264244124440e-04
3.100770539742702227e-04
3.096959815241279472e-04
3.093149090739857258e-04
3.089338366238435045e-04
3.085527641737012832e-04
3.081716917235590076e-04
3.077906192734167863e-04
3.074095468232745649e-04
3.070284743731322894e-04
3.066474019229900681e-04
3.062663294728478467e-04
3.058852570227056254e-04
3.054378014871781495e-04
3.049239628662655274e-04
3.044101242453528511e-04
3.038962856244402291e-04
3.033824470035275528e-04
3.028686083826149307e-04
3.023547697617022544e-04
3.018409311407896324e-04
3.013270925198769561e-04
3.008132538989642798e-04
3.002994152780516578e-04
2.997855766571389815e-04
2.992717380362263594e-04
2.987578994153136831e-04
2.982440607944010611e-04
2.977302221734883848e-04
2.972163835525757627e-04
2.967504151106601772e-04
2.963323168477416825e-04
2.959142185848231878e-04
2.954961203219046931e-04
2.950780220589861984e-04
2.946599237960677038e-04
2.942418255331492091e-04
2.938237272702307144e-04
2.934056290073122197e-04
2.929875307443937250e-04
2.925694324814752303e-04
2.921513342185567356e-04
2.917332359556382409e-04
2.913151376927197462e-04
2.908970394298012515e-04
2.904789411668827568e-04
2.900608429039642621e-04
2.895712457633020393e-04
2.890816486226398165e-04
2.885920514819776479e-04
2.881024543413154252e-04
2.876128572006532024e-04
2.871232600599909796e-04
2.866336629193287568e-04
2.861440657786665340e-04
2.856544686380043654e-04
2.851648714973421426e-04
2.846752743566799198e-04
2.841856772160176970e-04
2.836960800753554742e-04
2.832064829346933057e-04
2.827168857940310829e-04
2.822272886533688601e-04
2.818212555115628330e-04
2.814987863686130016e-04
2.811763172256631703e-04
2.808538480827133389e-04
2.805313789397635075e-04
2.802089097968136762e-04
2.798864406538638448e-04
2.795639715109140134e-04
2.792415023679642363e-04
2.789190332250144049e-04
2.785965640820645736e-04
2.782740949391147422e-04
2.779516257961649108e-04
2.776291566532150795e-04
2.773066875102652481e-04
2.769842183673154167e-04
2.766617492243655854e-04
2.761336731516455026e-04
2.753999901491552228e-04
2.746663071466649429e-04
2.739326241441746631e-04
2.731989411416843832e-04
2.724652581391941034e-04
2.717315751367038235e-04
2.709978921342135437e-04
2.702642091317232096e-04
2.695305261292329298e-04
2.687968431267426499e-04
2.680631601242523701e-04
2.673294771217620902e-04
2.665957941192718104e-04
2.658621111167815305e-04
2.651284281142912507e-04
2.643947451118009708e-04
2.639720610281461998e-04
2.638603758633270460e-04
2.637486906985078922e-04
2.636370055336887384e-04
2.635253203688695846e-04
2.634136352040504308e-04
2.633019500392312770e-04
2.631902648744120689e-04
2.630785797095929151e-04
2.629668945447737613e-04
2.628552093799546075e-04
2.627435242151354537e-04
2.626318390503162999e-04
2.625201538854970919e-04
2.624084687206779381e-04
2.622967835558587843e-04
2.621850983910396305e-04
2.616098107727456482e-04
2.610345231544516659e-04
2.604592355361576837e-04
2.598839479178636472e-04
2.593086602995696649e-04
2.587333726812756827e-04
2.581580850629817004e-04
2.575827974446877181e-04
2.570075098263937359e-04
2.564322222080996994e-04
2.558569345898057171e-04
2.552816469715117349e-04
2.547063593532177526e-04
2.541310717349237703e-04
2.535557841166297881e-04
2.529804964983358058e-04
2.525225462722719707e-04
2.521819334384383369e-04
2.518413206046047031e-04
2.515007077707710694e-04
2.511600949369374356e-04
2.508194821031038018e-04
2.504788692692701681e-04
2.501382564354365343e-04
2.497976436016028463e-04
2.494570307677692125e-04
2.491164179339355788e-04
2.487758051001019450e-04
2.484351922662683112e-04
2.480945794324346775e-04
2.477539665986010437e-04
2.474133537647674099e-04
2.470727409309337761e-04
2.467622670134554880e-04
2.464819320123324913e-04
2.462015970112094946e-04
2.459212620100864979e-04
2.456409270089635012e-04
2.453605920078405587e-04
2.450802570067175620e-04
2.447999220055945653e-04
2.445195870044715686e-04
2.442392520033485719e-04
2.439589170022256023e-04
2.436785820011026327e-04
2.433982469999796359e-04
2.431179119988566663e-04
2.428375769977336696e-04
2.425572419966106729e-04
2.422769069954877033e-04
2.419073543172087920e-04
2.414485839617739932e-04
2.409898136063391943e-04
2.405310432509043955e-04
2.400722728954695967e-04
2.396135025400347707e-04
2.391547321845999719e-04
2.386959618291651731e-04
2.382371914737303742e-04
2.377784211182955483e-04
2.373196507628607494e-04
2.368608804074259506e-04
2.364021100519911518e-04
2.359433396965563529e-04
2.354845693411215270e-04
2.350257989856867282e-04
2.345670286302519293e-04
2.343872770924579102e-04
2.342075255546638641e-04
2.340277740168698450e-04
2.338480224790757988e-04
2.336682709412817797e-04
2.334885194034877335e-04
2.333087678656937144e-04
2.331290163278996953e-04
2.329492647901056492e-04
2.327695132523116301e-04
2.325897617145175839e-04
2.324100101767235648e-04
2.322302586389295186e-04
2.320505071011354995e-04
2.318707555633414805e-04
2.316910040255474343e-04
2.313657571627149908e-04
2.308950149748441229e-04
2.304242727869732551e-04
2.299535305991023872e-04
2.294827884112315194e-04
2.290120462233606515e-04
2.285413040354897837e-04
2.280705618476189158e-04
2.275998196597480479e-04
2.271290774718771801e-04
2.266583352840063122e-04
2.261875930961354444e-04
2.257168509082645765e-04
2.252461087203937087e-04
2.247753665325228408e-04
2.243046243446519730e-04
2.238338821567811051e-04
2.234741652746361623e-04
2.232254736982171176e-04
2.229767821217980728e-04
2.227280905453790281e-04
2.224793989689599833e-04
2.222307073925409656e-04
2.219820158161219209e-04
2.217333242397028761e-04
2.214846326632838314e-04
2.212359410868648137e-04
2.209872495104457690e-04
2.207385579340267242e-04
2.204898663576076794e-04
2.202411747811886347e-04
2.199924832047696170e-04
2.197437916283505723e-04
2.194951000519315275e-04
2.191798619089383013e-04
2.188646237659451022e-04
2.185493856229518759e-04
2.182341474799586768e-04
2.179189093369654506e-04
2.176036711939722515e-04
2.172884330509790253e-04
2.169731949079858262e-04
2.166579567649925999e-04
2.163427186219994008e-04
2.160274804790061746e-04
2.157122423360129484e-04
2.153970041930197493e-04
2.150817660500265230e-04
2.147665279070333239e-04
2.144512897640400977e-04
2.141227291463448316e-04
2.137808460539475256e-04
2.134389629615502195e-04
2.130970798691529135e-04
2.127551967767555804e-04
2.124133136843582743e-04
2.120714305919609683e-04
2.117295474995636623e-04
2.113876644071663292e-04
2.110457813147690231e-04
2.107038982223717171e-04
2.103620151299744111e-04
2.100201320375771051e-04
2.096782489451797719e-04
2.093363658527824659e-04
2.089944827603851599e-04
2.086525996679878538e-04
2.083100680878090889e-04
2.079668880198488922e-04
2.076237079518886955e-04
2.072805278839285259e-04
2.069373478159683291e-04
2.065941677480081324e-04
2.062509876800479357e-04
2.059078076120877390e-04
2.055646275441275423e-04
2.052214474761673727e-04
2.048782674082071759e-04
2.045350873402469792e-04
2.041919072722867825e-04
2.038487272043265858e-04
2.035055471363664162e-04
2.031623670684062194e-04
2.028191870004460227e-04
2.025246567284269170e-04
2.022787762523488753e-04
2.020328957762708335e-04
2.017870153001928189e-04
2.015411348241147771e-04
2.012952543480367625e-04
2.010493738719587207e-04
2.008034933958806789e-04
2.005576129198026643e-04
2.003117324437246225e-04
2.000658519676466079e-04
1.998199714915685661e-04
1.995740910154905243e-04
1.993282105394125097e-04
1.990823300633344679e-04
1.988364495872564533e-04
1.985905691111784115e-04
1.982772175397664325e-04
1.979638659683544805e-04
1.976505143969425015e-04
1.973371628255305495e-04
1.970238112541185705e-04
1.967104596827066185e-04
1.963971081112946394e-04
1.960837565398826875e-04
1.957704049684707084e-04
1.954570533970587565e-04
1.951437018256467774e-04
1.948303502542347984e-04
1.945169986828228464e-04
1.942036471114108674e-04
1.938902955399989154e-04
1.935769439685869364e-04
1.932514901705207331e-04
1.929139341458002515e-04
1.925763781210797969e-04
1.922388220963593152e-04
1.919012660716388607e-04
1.915637100469183790e-04
1.912261540221979245e-04
1.908885979974774428e-04
1.905510419727569882e-04
1.902134859480365337e-04
1.898759299233160520e-04
1.895383738985955975e-04
1.892008178738751158e-04
1.888632618491546612e-04
1.885257058244341796e-04
1.881881497997137250e-04
1.878505937749932434e-04
1.876303487164979157e-04
1.875274146242277148e-04
1.874244805319575139e-04
1.873215464396873131e-04
1.872186123474171122e-04
1.871156782551469113e-04
1.870127441628767105e-04
1.869098100706065096e-04
1.868068759783363358e-04
1.867039418860661350e-04
1.866010077937959341e-04
1.864980737015257332e-04
1.863951396092555324e-04
1.862922055169853315e-04
1.861892714247151306e-04
1.860863373324449298e-04
1.859834032401747289e-04
1.856319639100413154e-04
1.852805245799079019e-04
1.849290852497744884e-04
1.845776459196410749e-04
1.842262065895076614e-04
1.838747672593742479e-04
1.835233279292408344e-04
1.831718885991074209e-04
1.828204492689740346e-04
1.824690099388406211e-04
1.821175706087072076e-04
1.817661312785737941e-04
1.814146919484403806e-04
1.810632526183069671e-04
1.807118132881735536e-04
1.803603739580401401e-04
1.800804178536112739e-04
1.798719449748869279e-04
1.796634720961625819e-04
1.794549992174382358e-04
1.792465263387139169e-04
1.790380534599895709e-04
1.788295805812652249e-04
1.786211077025408789e-04
1.784126348238165329e-04
1.782041619450922139e-04
1.779956890663678679e-04
1.777872161876435219e-04
1.775787433089191759e-04
1.773702704301948570e-04
1.771617975514705109e-04
1.769533246727461649e-04
1.767448517940218189e-04
1.765187517546882776e-04
1.762750245547454867e-04
1.760312973548026959e-04
1.757875701548599050e-04
1.755438429549171142e-04
1.753001157549743234e-04
1.750563885550315596e-04
1.748126613550887688e-04
1.745689341551459779e-04
1.743252069552031871e-04
1.740814797552603962e-04
1.738377525553176325e-04
1.735940253553748416e-04
1.733502981554320508e-04
1.731065709554892600e-04
1.728628437555464691e-04
1.726191165556036783e-04
1.723867963176601268e-04
1.721658830417158149e-04
1.719449697657715029e-04
1.717240564898271909e-04
1.715031432138828789e-04
1.712822299379385669e-04
1.710613166619942549e-04
1.708404033860499429e-04
1.706194901101056309e-04
1.703985768341613190e-04
1.701776635582170070e-04
1.699567502822726950e-04
1.697358370063283830e-04
1.695149237303840710e-04
1.692940104544397590e-04
1.690730971784954470e-04
1.688521839025511350e-04
1.686347648853167038e-04
1.684173458680822996e-04
1.681999268508478683e-04
1.679825078336134642e-04
1.677650888163790329e-04
1.675476697991446287e-04
1.673302507819101974e-04
1.671128317646757933e-04
1.668954127474413620e-04
1.666779937302069578e-04
1.664605747129725265e-04
1.662431556957381224e-04
1.660257366785036911e-04
1.658083176612692869e-04
1.655908986440348557e-04
1.653734796268004515e-04
1.651551850371879918e-04
1.649360148751975307e-04
1.647168447132070696e-04
1.644976745512166086e-04
1.642785043892261475e-04
1.640593342272356865e-04
1.638401640652451983e-04
1.636209939032547372e-04
1.634018237412642762e-04
1.631826535792738151e-04
1.629634834172833540e-04
1.627443132552928659e-04
1.625251430933024048e-04
1.623059729313119438e-04
1.620868027693214827e-04
1.618676326073310216e-04
1.616484624453405606e-04
1.614078623108990856e-04
1.611458322040066509e-04
1.608838020971142162e-04
1.606217719902217815e-04
1.603597418833293468e-04
1.600977117764368850e-04
1.598356816695444503e-04
1.595736515626520156e-04
1.593116214557595809e-04
1.590495913488671191e-04
1.587875612419746845e-04
1.585255311350822498e-04
1.582635010281898151e-04
1.580014709212973804e-04
1.577394408144049186e-04
1.574774107075124839e-04
1.572153806006200492e-04
1.569886154141394844e-04
1.567618502276588925e-04
1.565350850411783277e-04
1.563083198546977358e-04
1.560815546682171710e-04
1.558547894817365791e-04
1.556280242952560143e-04
1.554012591087754495e-04
1.551744939222948576e-04
1.549477287358142928e-04
1.547209635493337009e-04
1.544941983628531361e-04
1.542674331763725442e-04
1.540406679898919794e-04
1.538139028034114146e-04
1.535871376169308227e-04
1.534016705538931232e-04
1.532575016142983160e-04
1.531133326747035088e-04
1.529691637351087016e-04
1.528249947955138673e-04
1.526808258559190601e-04
1.525366569163242529e-04
1.523924879767294457e-04
1.522483190371346114e-04
1.521041500975398042e-04
1.519599811579449970e-04
1.518158122183501898e-04
1.516716432787553826e-04
1.515274743391605483e-04
1.513833053995657411e-04
1.512391364599709339e-04
1.510949675203761267e-04
1.508709100012391277e-04
1.505669639025599641e-04
1.502630178038808005e-04
1.499590717052016369e-04
1.496551256065225004e-04
1.493511795078433368e-04
1.490472334091641731e-04
1.487432873104850095e-04
1.484393412118058459e-04
1.481353951131266823e-04
1.478314490144475187e-04
1.475275029157683551e-04
1.472235568170891914e-04
1.469196107184100549e-04
1.466156646197308913e-04
1.463117185210517277e-04
1.460077724223725641e-04
1.458427960422039465e-04
1.458167893805458479e-04
1.457907827188877764e-04
1.457647760572296778e-04
1.457387693955716063e-04
1.457127627339135077e-04
1.456867560722554362e-04
1.456607494105973376e-04
1.456347427489392660e-04
1.456087360872811674e-04
1.455827294256230959e-04
1.455567227639649973e-04
1.455307161023069258e-04
1.455047094406488272e-04
1.454787027789907557e-04
1.454526961173326571e-04
1.454266894556745856e-04
1.452662852235462394e-04
1.451058809914179204e-04
1.449454767592895743e-04
1.447850725271612282e-04
1.446246682950329092e-04
1.444642640629045631e-04
1.443038598307762170e-04
1.441434555986478979e-04
1.439830513665195518e-04
1.438226471343912057e-04
1.436622429022628867e-04
1.435018386701345406e-04
1.433414344380061945e-04
1.431810302058778754e-04
1.430206259737495293e-04
1.428602217416211832e-04
1.426216282218521183e-04
1.423048454144423347e-04
1.419880626070325511e-04
1.416712797996227675e-04
1.413544969922129568e-04
1.410377141848031732e-04
1.407209313773933896e-04
1.404041485699836060e-04
1.400873657625738224e-04
1.397705829551640117e-04
1.394538001477542281e-04
1.391370173403444445e-04
1.388202345329346608e-04
1.385034517255248501e-04
1.381866689181150665e-04
1.378698861107052829e-04
1.375531033032954993e-04
1.373219722387109345e-04
1.371764929169515886e-04
1.370310135951922426e-04
1.368855342734329238e-04
1.367400549516735778e-04
1.365945756299142319e-04
1.364490963081549130e-04
1.363036169863955671e-04
1.361581376646362211e-04
1.360126583428769023e-04
1.358671790211175563e-04
1.357216996993582103e-04
1.355762203775988915e-04
1.354307410558395455e-04
1.352852617340801996e-04
1.351397824123208807e-04
1.349943030905615348e-04
1.348182264658422092e-04
1.346421498411228565e-04
1.344660732164035309e-04
1.342899965916842053e-04
1.341139199669648526e-04
1.339378433422455271e-04
1.337617667175262015e-04
1.335856900928068759e-04
1.334096134680875232e-04
1.332335368433681976e-04
1.330574602186488720e-04
1.328813835939295193e-04
1.327053069692101937e-04
1.325292303444908682e-04
1.323531537197715155e-04
1.321770770950521899e-04
1.320401393401932630e-04
1.319423404551947350e-04
1.318445415701962069e-04
1.317467426851976788e-04
1.316489438001991507e-04
1.315511449152006226e-04
1.314533460302020945e-04
1.313555471452035664e-04
1.312577482602050383e-04
1.311599493752065102e-04
1.310621504902079822e-04
1.309643516052094541e-04
1.308665527202109260e-04
1.307687538352123979e-04
1.306709549502138698e-04
1.305731560652153417e-04
1.304753571802168136e-04
1.303193994693367837e-04
1.301052829325752519e-04
1.298911663958137201e-04
1.296770498590521883e-04
1.294629333222906565e-04
1.292488167855291247e-04
1.290347002487675929e-04
1.288205837120060611e-04
1.286064671752445293e-04
1.283923506384829975e-04
1.281782341017214657e-04
1.279641175649599339e-04
1.277500010281984021e-04
1.275358844914368703e-04
1.273217679546753385e-04
1.271076514179138067e-04
1.268935348811522749e-04
1.267170657266514840e-04
1.265782439544114611e-04
1.264394221821714111e-04
1.263006004099313611e-04
1.261617786376913381e-04
1.260229568654512881e-04
1.258841350932112381e-04
1.257453133209712152e-04
1.256064915487311651e-04
1.254676697764911151e-04
1.253288480042510922e-04
1.251900262320110421e-04
1.250512044597710192e-04
1.249123826875309692e-04
1.247735609152909192e-04
1.246347391430508962e-04
1.244959173708108462e-04
1.244187000177038782e-04
1.243414826645969373e-04
1.242642653114899693e-04
1.241870479583830013e-04
1.241098306052760604e-04
1.240326132521690924e-04
1.239553958990621243e-04
1.238781785459551834e-04
1.238009611928482154e-04
1.237237438397412474e-04
1.236465264866343065e-04
1.235693091335273385e-04
1.234920917804203705e-04
1.234148744273134296e-04
1.233376570742064616e-04
1.232604397210994936e-04
1.231587867230548954e-04
1.230326980800726128e-04
1.229066094370903303e-04
1.227805207941080477e-04
1.226544321511257652e-04
1.225283435081434827e-04
1.224022548651612001e-04
1.222761662221789447e-04
1.221500775791966621e-04
1.220239889362143796e-04
1.218979002932320970e-04
1.217718116502498145e-04
1.216457230072675455e-04
1.215196343642852629e-04
1.213935457213029804e-04
1.212674570783207114e-04
1.211413684353384289e-04
1.209602407021228459e-04
1.207240738786739625e-04
1.204879070552250791e-04
1.202517402317761957e-04
1.200155734083272987e-04
1.197794065848784153e-04
1.195432397614295319e-04
1.193070729379806485e-04
1.190709061145317651e-04
1.188347392910828816e-04
1.185985724676339982e-04
1.183624056441851148e-04
1.181262388207362314e-04
1.178900719972873345e-04
1.176539051738384510e-04
1.174177383503895676e-04
1.171815715269406842e-04
1.170464523890175944e-04
1.170123809366202983e-04
1.169783094842230157e-04
1.169442380318257195e-04
1.169101665794284234e-04
1.168760951270311408e-04
1.168420236746338446e-04
1.168079522222365484e-04
1.167738807698392658e-04
1.167398093174419697e-04
1.167057378650446735e-04
1.166716664126473774e-04
1.166375949602500948e-04
1.166035235078527986e-04
1.165694520554555024e-04
1.165353806030582198e-04
1.165013091506609237e-04
1.164011959378147596e-04
1.163010827249686091e-04
1.162009695121224450e-04
1.161008562992762809e-04
1.160007430864301304e-04
1.159006298735839664e-04
1.158005166607378158e-04
1.157004034478916518e-04
1.156002902350454877e-04
1.155001770221993372e-04
1.154000638093531731e-04
1.152999505965070091e-04
1.151998373836608585e-04
1.150997241708146945e-04
1.149996109579685304e-04
1.148994977451223799e-04
1.147492283978695821e-04
1.145488029162101506e-04
1.143483774345507192e-04
1.141479519528912877e-04
1.139475264712318562e-04
1.137471009895724247e-04
1.135466755079129933e-04
1.133462500262535618e-04
1.131458245445941303e-04
1.129453990629347124e-04
1.127449735812752809e-04
1.125445480996158494e-04
1.123441226179564180e-04
1.121436971362969865e-04
1.119432716546375550e-04
1.117428461729781235e-04
1.115424206913186921e-04
1.113760149720275771e-04
1.112436290151047922e-04
1.111112430581820073e-04
1.109788571012592225e-04
1.108464711443364240e-04
1.107140851874136391e-04
1.105816992304908543e-04
1.104493132735680558e-04
1.103169273166452709e-04
1.101845413597224861e-04
1.100521554027997012e-04
1.099197694458769027e-04
1.097873834889541179e-04
1.096549975320313330e-04
1.095226115751085481e-04
1.093902256181857497e-04
1.092578396612629648e-04
1.091454059787184700e-04
1.090329722961739752e-04
1.089205386136294805e-04
1.088081049310849857e-04
1.086956712485404774e-04
1.085832375659959826e-04
1.084708038834514878e-04
1.083583702009069931e-04
1.082459365183624983e-04
1.081335028358180035e-04
1.080210691532735087e-04
1.079086354707290140e-04
1.077962017881845056e-04
1.076837681056400109e-04
1.075713344230955161e-04
1.074589007405510213e-04
1.073401281790585933e-04
1.072150167386182185e-04
1.070899052981778572e-04
1.069647938577374823e-04
1.068396824172971211e-04
1.067145709768567462e-04
1.065894595364163850e-04
1.064643480959760101e-04
1.063392366555356353e-04
1.062141252150952740e-04
1.060890137746548992e-04
1.059639023342145379e-04
1.058387908937741631e-04
1.057136794533338018e-04
1.055885680128934269e-04
1.054634565724530657e-04
1.053383451320126908e-04
1.052487457699358972e-04
1.051946584862226575e-04
1.051405712025094315e-04
1.050864839187961919e-04
1.050323966350829658e-04
1.049783093513697262e-04
1.049242220676565001e-04
1.048701347839432605e-04
1.048160475002300344e-04
1.047619602165168084e-04
1.047078729328035688e-04
1.046537856490903427e-04
1.045996983653771031e-04
1.045456110816638770e-04
1.044915237979506374e-04
1.044374365142374114e-04
1.043833492305241717e-04
1.043293959362066284e-04
1.042755766312847678e-04
1.042217573263628936e-04
1.041679380214410329e-04
1.041141187165191723e-04
1.040602994115973117e-04
1.040064801066754375e-04
1.039526608017535768e-04
1.038988414968317162e-04
1.038450221919098556e-04
1.037912028869879814e-04
1.037373835820661207e-04
1.036835642771442601e-04
1.036297449722223995e-04
1.035759256673005253e-04
1.035221063623786646e-04
1.034682870574568040e-04
1.033862716415338270e-04
1.033042562256108500e-04
1.032222408096878866e-04
1.031402253937649096e-04
1.030582099778419325e-04
1.029761945619189555e-04
1.028941791459959921e-04
1.028121637300730151e-04
1.027301483141500381e-04
1.026481328982270611e-04
1.025661174823040976e-04
1.024841020663811206e-04
1.024020866504581436e-04
1.023200712345351666e-04
1.022380558186122032e-04
1.021560404026892262e-04
1.020508218236623320e-04
1.019224000815315343e-04
1.017939783394007229e-04
1.016655565972699116e-04
1.015371348551391138e-04
1.014087131130083025e-04
1.012802913708774912e-04
1.011518696287466934e-04
1.010234478866158821e-04
1.008950261444850708e-04
1.007666044023542730e-04
1.006381826602234617e-04
1.005097609180926504e-04
1.003813391759618526e-04
1.002529174338310413e-04
1.001244956917002300e-04
9.999607394956943219e-05
9.986713215111147626e-05
9.973767029632637571e-05
9.960820844154127517e-05
9.947874658675618818e-05
9.934928473197108764e-05
9.921982287718598709e-05
9.909036102240088655e-05
9.896089916761578601e-05
9.883143731283069902e-05
9.870197545804559847e-05
9.857251360326049793e-05
9.844305174847539739e-05
9.831358989369029684e-05
9.818412803890519630e-05
9.805466618412010931e-05
9.792520432933500877e-05
9.779574247454990822e-05
9.774519144848086826e-05
9.769464042241184185e-05
9.764408939634280189e-05
9.759353837027376192e-05
9.754298734420473551e-05
9.749243631813569555e-05
9.744188529206665558e-05
9.739133426599761562e-05
9.734078323992858921e-05
9.729023221385954925e-05
9.723968118779050928e-05
9.718913016172148287e-05
9.713857913565244291e-05
9.708802810958340294e-05
9.703747708351437653e-05
9.698692605744533657e-05
9.691368758051781621e-05
9.681776165273182899e-05
9.672183572494584178e-05
9.662590979715984102e-05
9.652998386937385381e-05
9.643405794158786660e-05
9.633813201380186583e-05
9.624220608601587862e-05
9.614628015822989141e-05
9.605035423044389065e-05
9.595442830265790343e-05
9.585850237487190267e-05
9.576257644708591546e-05
9.566665051929992825e-05
9.557072459151392748e-05
9.547479866372794027e-05
9.537887273594195306e-05
9.526368738563032140e-05
9.512924261279305884e-05
9.499479783995579628e-05
9.486035306711853373e-05
9.472590829428127117e-05
9.459146352144400861e-05
9.445701874860674605e-05
9.432257397576948349e-05
9.418812920293222093e-05
9.405368443009494482e-05
9.391923965725768226e-05
9.378479488442041971e-05
9.365035011158315715e-05
9.351590533874589459e-05
9.338146056590863203e-05
9.324701579307136947e-05
9.311257102023410691e-05
9.300912191903461810e-05
9.293666848947291657e-05
9.286421505991120150e-05
9.279176163034949998e-05
9.271930820078778490e-05
9.264685477122608338e-05
9.257440134166436830e-05
9.250194791210266678e-05
9.242949448254095170e-05
9.235704105297925018e-05
9.228458762341753511e-05
9.221213419385583358e-05
9.213968076429411851e-05
9.206722733473241699e-05
9.199477390517070191e-05
9.192232047560900039e-05
9.184986704604728531e-05
9.172644462811627597e-05
9.160302221018525308e-05
9.147959979225424375e-05
9.135617737432322086e-05
9.123275495639221152e-05
9.110933253846118863e-05
9.098591012053017929e-05
9.086248770259915640e-05
9.073906528466814706e-05
9.061564286673712417e-05
9.049222044880611483e-05
9.036879803087510550e-05
9.024537561294408261e-05
9.012195319501307327e-05
8.999853077708205038e-05
8.987510835915104104e-05
8.979024163864410431e-05
8.974393061556124019e-05
8.969761959247837607e-05
8.965130856939552550e-05
8.960499754631266137e-05
8.955868652322979725e-05
8.951237550014693313e-05
8.946606447706408256e-05
8.941975345398121844e-05
8.937344243089835431e-05
8.932713140781550374e-05
8.928082038473263962e-05
8.923450936164977550e-05
8.918819833856691138e-05
8.914188731548406081e-05
8.909557629240119668e-05
8.904926526931833256e-05
8.899774156492031192e-05
8.894100517920713476e-05
8.888426879349395761e-05
8.882753240778076690e-05
8.877079602206758974e-05
8.871405963635439903e-05
8.865732325064122187e-05
8.860058686492804471e-05
8.854385047921485400e-05
8.848711409350167685e-05
8.843037770778848614e-05
8.837364132207530898e-05
8.831690493636213182e-05
8.826016855064894111e-05
8.820343216493576396e-05
8.814669577922257325e-05
8.808995939350939609e-05
8.796848554314480237e-05
8.784701169278019510e-05
8.772553784241560139e-05
8.760406399205100767e-05
8.748259014168640040e-05
8.736111629132180668e-05
8.723964244095721297e-05
8.711816859059260570e-05
8.699669474022801198e-05
8.687522088986341826e-05
8.675374703949881099e-05
8.663227318913421728e-05
8.651079933876962356e-05
8.638932548840501629e-05
8.626785163804042257e-05
8.614637778767582886e-05
8.607713214919040373e-05
8.606011472258417430e-05
8.604309729597794487e-05
8.602607986937170189e-05
8.600906244276547246e-05
8.599204501615924303e-05
8.597502758955300004e-05
8.595801016294677061e-05
8.594099273634054118e-05
8.592397530973429820e-05
8.590695788312806877e-05
8.588994045652182578e-05
8.587292302991559635e-05
8.585590560330936692e-05
8.583888817670312394e-05
8.582187075009689451e-05
8.580485332349066508e-05
8.573825733337944331e-05
8.562208277976322921e-05
8.550590822614702866e-05
8.538973367253081456e-05
8.527355911891461402e-05
8.515738456529839992e-05
8.504121001168219937e-05
8.492503545806598527e-05
8.480886090444978472e-05
8.469268635083358418e-05
8.457651179721737008e-05
8.446033724360116953e-05
8.434416268998495543e-05
8.422798813636875488e-05
8.411181358275254078e-05
8.399563902913634024e-05
8.387946447552012614e-05
8.378588744660979491e-05
8.371490794240533299e-05
8.364392843820088463e-05
8.357294893399642272e-05
8.350196942979196081e-05
8.343098992558751245e-05
8.336001042138305053e-05
8.328903091717858862e-05
8.321805141297414026e-05
8.314707190876967835e-05
8.307609240456521643e-05
8.300511290036075452e-05
8.293413339615630616e-05
8.286315389195184425e-05
8.279217438774738233e-05
8.272119488354293397e-05
8.265021537933847206e-05
8.268715867463967406e-05
8.272410196994088962e-05
8.276104526524209162e-05
8.279798856054329363e-05
8.283493185584449563e-05
8.287187515114571119e-05
8.290881844644691320e-05
8.294576174174811520e-05
8.298270503704931720e-05
8.301964833235053276e-05
8.305659162765173477e-05
8.309353492295293677e-05
8.313047821825415233e-05
8.316742151355535433e-05
8.320436480885655634e-05
8.324130810415775834e-05
8.322124530718959527e-05
8.314417641795204003e-05
8.306710752871448479e-05
8.299003863947694310e-05
8.291296975023938786e-05
8.283590086100183262e-05
8.275883197176429093e-05
8.268176308252673569e-05
8.260469419328918044e-05
8.252762530405163876e-05
8.245055641481408351e-05
8.237348752557654182e-05
8.229641863633898658e-05
8.221934974710143134e-05
8.214228085786388965e-05
8.206521196862633441e-05
8.198814307938877917e-05
8.189900084849360785e-05
8.179778527594079335e-05
8.169656970338797885e-05
8.159535413083516436e-05
8.149413855828234986e-05
8.139292298572953536e-05
8.129170741317672086e-05
8.119049184062390636e-05
8.108927626807109186e-05
8.098806069551827737e-05
8.088684512296546287e-05
8.078562955041264837e-05
8.068441397785983387e-05
8.058319840530701937e-05
8.048198283275420487e-05
8.038076726020139038e-05
8.027955168764857588e-05
8.021428850551427998e-05
8.014902532337998407e-05
8.008376214124568817e-05
8.001849895911139227e-05
7.995323577697709637e-05
7.988797259484278692e-05
7.982270941270849102e-05
7.975744623057419512e-05
7.969218304843989921e-05
7.962691986630560331e-05
7.956165668417130741e-05
7.949639350203701151e-05
7.943113031990271561e-05
7.936586713776841971e-05
7.930060395563412381e-05
7.923534077349982791e-05
7.915326535823719359e-05
7.905437770984624797e-05
7.895549006145530235e-05
7.885660241306435673e-05
7.875771476467341111e-05
7.865882711628246549e-05
7.855993946789151987e-05
7.846105181950057425e-05
7.836216417110962863e-05
7.826327652271868301e-05
7.816438887432773739e-05
7.806550122593679177e-05
7.796661357754584615e-05
7.786772592915490053e-05
7.776883828076395491e-05
7.766995063237300929e-05
7.757106298398206367e-05
7.751978893866042788e-05
7.751612849640811547e-05
7.751246805415578950e-05
7.750880761190347709e-05
7.750514716965116468e-05
7.750148672739885227e-05
7.749782628514652631e-05
7.749416584289421390e-05
7.749050540064190149e-05
7.748684495838958908e-05
7.748318451613727667e-05
7.747952407388495070e-05
7.747586363163263829e-05
7.747220318938032588e-05
7.746854274712801347e-05
7.746488230487568751e-05
7.746122186262337510e-05
7.743798572726412011e-05
7.739517389879790898e-05
7.735236207033171140e-05
7.730955024186551383e-05
7.726673841339930270e-05
7.722392658493310513e-05
7.718111475646690755e-05
7.713830292800069642e-05
7.709549109953449885e-05
7.705267927106830127e-05
7.700986744260209015e-05
7.696705561413589257e-05
7.692424378566968144e-05
7.688143195720348387e-05
7.683862012873728629e-05
7.679580830027107517e-05
7.675299647180487759e-05
7.667143148232270224e-05
7.658986649284052690e-05
7.650830150335833800e-05
7.642673651387616265e-05
7.634517152439398730e-05
7.626360653491181195e-05
7.618204154542963661e-05
7.610047655594746126e-05
7.601891156646527236e-05
7.593734657698309701e-05
7.585578158750092166e-05
7.577421659801874632e-05
7.569265160853657097e-05
7.561108661905438207e-05
7.552952162957220672e-05
7.544795664009003137e-05
7.538107580039722470e-05
7.532887911049378671e-05
7.527668242059034872e-05
7.522448573068689717e-05
7.517228904078345918e-05
7.512009235088002118e-05
7.506789566097658319e-05
7.501569897107314519e-05
7.496350228116969365e-05
7.491130559126625565e-05
7.485910890136281766e-05
7.480691221145937967e-05
7.475471552155594167e-05
7.470251883165250368e-05
7.465032214174905213e-05
7.459812545184561414e-05
7.454592876194217615e-05
7.450774005915113737e-05
7.448355934347248425e-05
7.445937862779384469e-05
7.443519791211519157e-05
7.441101719643655201e-05
7.438683648075789889e-05
7.436265576507925933e-05
7.433847504940060621e-05
7.431429433372196665e-05
7.429011361804331354e-05
7.426593290236466042e-05
7.424175218668602086e-05
7.421757147100736774e-05
7.419339075532872818e-05
7.416921003965007506e-05
7.414502932397143550e-05
7.412084860829278238e-05
7.407993333210236616e-05
7.402228349540015972e-05
7.396463365869795329e-05
7.390698382199574685e-05
7.384933398529354041e-05
7.379168414859133397e-05
7.373403431188912754e-05
7.367638447518692110e-05
7.361873463848471466e-05
7.356108480178250822e-05
7.350343496508030179e-05
7.344578512837809535e-05
7.338813529167588891e-05
7.333048545497368247e-05
7.327283561827147604e-05
7.321518578156926960e-05
7.315753594486706316e-05
7.314182507307547714e-05
7.312611420128387757e-05
7.311040332949229155e-05
7.309469245770069197e-05
7.307898158590910595e-05
7.306327071411750638e-05
7.304755984232592036e-05
7.303184897053432078e-05
7.301613809874273476e-05
7.300042722695113519e-05
7.298471635515954917e-05
7.296900548336796315e-05
7.295329461157636357e-05
7.293758373978477755e-05
7.292187286799317798e-05
7.290616199620159196e-05
7.287437082544759943e-05
7.282649935573120041e-05
7.277862788601480138e-05
7.273075641629840236e-05
7.268288494658200333e-05
7.263501347686560430e-05
7.258714200714920528e-05
7.253927053743280625e-05
7.249139906771642078e-05
7.244352759800002175e-05
7.239565612828362273e-05
7.234778465856722370e-05
7.229991318885082468e-05
7.225204171913442565e-05
7.220417024941802662e-05
7.215629877970162760e-05
7.210842730998522857e-05
7.206255396932579043e-05
7.201867875772331317e-05
7.197480354612082235e-05
7.193092833451834509e-05
7.188705312291585427e-05
7.184317791131337701e-05
7.179930269971089975e-05
7.175542748810840893e-05
7.171155227650593167e-05
7.166767706490344086e-05
7.162380185330096359e-05
7.157992664169847278e-05
7.153605143009599552e-05
7.149217621849350470e-05
7.144830100689102744e-05
7.140442579528853662e-05
7.136055058368605936e-05
7.134144370090925928e-05
7.132233681813245920e-05
7.130322993535564557e-05
7.128412305257884548e-05
7.126501616980204540e-05
7.124590928702524532e-05
7.122680240424843169e-05
7.120769552147163161e-05
7.118858863869483153e-05
7.116948175591803144e-05
7.115037487314121781e-05
7.113126799036441773e-05
7.111216110758761765e-05
7.109305422481081757e-05
7.107394734203400393e-05
7.105484045925720385e-05
7.101942527024111991e-05
7.096770177498573856e-05
7.091597827973035722e-05
7.086425478447497587e-05
7.081253128921959452e-05
7.076080779396421317e-05
7.070908429870883182e-05
7.065736080345345047e-05
7.060563730819808268e-05
7.055391381294270133e-05
7.050219031768731998e-05
7.045046682243193863e-05
7.039874332717655728e-05
7.034701983192117594e-05
7.029529633666579459e-05
7.024357284141041324e-05
7.019184934615503189e-05
7.014154488722529714e-05
7.009265946462119544e-05
7.004377404201709374e-05
6.999488861941299204e-05
6.994600319680889034e-05
6.989711777420478864e-05
6.984823235160068694e-05
6.979934692899658524e-05
6.975046150639246999e-05
6.970157608378836829e-05
6.965269066118426658e-05
6.960380523858016488e-05
6.955491981597606318e-05
6.950603439337196148e-05
6.945714897076785978e-05
6.940826354816375808e-05
6.935937812555965638e-05
6.933024337800331306e-05
6.932085930549471457e-05
6.931147523298611607e-05
6.930209116047753113e-05
6.929270708796893264e-05
6.928332301546034769e-05
6.927393894295174920e-05
6.926455487044315071e-05
6.925517079793456576e-05
6.924578672542596727e-05
6.923640265291738233e-05
6.922701858040878383e-05
6.921763450790018534e-05
6.920825043539160040e-05
6.919886636288300190e-05
6.918948229037441696e-05
6.918009821786581847e-05
6.910208145003213362e-05
6.902406468219846232e-05
6.894604791436477747e-05
6.886803114653109262e-05
6.879001437869742132e-05
6.871199761086373647e-05
6.863398084303006517e-05
6.855596407519638032e-05
6.847794730736269546e-05
6.839993053952902417e-05
6.832191377169533932e-05
6.824389700386165446e-05
6.816588023602798317e-05
6.808786346819429831e-05
6.800984670036061346e-05
6.793182993252694216e-05
6.790408159028577580e-05
6.792660167363712793e-05
6.794912175698848006e-05
6.797164184033983219e-05
6.799416192369119787e-05
6.801668200704254999e-05
6.803920209039390212e-05
6.806172217374525425e-05
6.808424225709660638e-05
6.810676234044795851e-05
6.812928242379931063e-05
6.815180250715066276e-05
6.817432259050201489e-05
6.819684267385338057e-05
6.821936275720473270e-05
6.824188284055608482e-05
6.826440292390743695e-05
6.825313334560945524e-05
6.820807410566212612e-05
6.816301486571479701e-05
6.811795562576746790e-05
6.807289638582013878e-05
6.802783714587282322e-05
6.798277790592549411e-05
6.793771866597816500e-05
6.789265942603083589e-05
6.784760018608352033e-05
6.780254094613619121e-05
6.775748170618886210e-05
6.771242246624153299e-05
6.766736322629420387e-05
6.762230398634688831e-05
6.757724474639955920e-05
6.753218550645223009e-05
6.745820181036079818e-05
6.738421811426935273e-05
6.731023441817792082e-05
6.723625072208647537e-05
6.716226702599504346e-05
6.708828332990359800e-05
6.701429963381216610e-05
6.694031593772072064e-05
6.686633224162928874e-05
6.679234854553784328e-05
6.671836484944641138e-05
6.664438115335497947e-05
6.657039745726353402e-05
6.649641376117210211e-05
6.642243006508065665e-05
6.634844636898922475e-05
6.631779394616638817e-05
6.633047279661217403e-05
6.634315164705795989e-05
6.635583049750374575e-05
6.636850934794953161e-05
6.638118819839531747e-05
6.639386704884110333e-05
6.640654589928688919e-05
6.641922474973267505e-05
6.643190360017844735e-05
6.644458245062423321e-05
6.645726130107001907e-05
6.646994015151580493e-05
6.648261900196159079e-05
6.649529785240737665e-05
6.650797670285316251e-05
6.652065555329894837e-05
6.647622350762094504e-05
6.637468056581915252e-05
6.627313762401737356e-05
6.617159468221559459e-05
6.607005174041380208e-05
6.596850879861202311e-05
6.586696585681023060e-05
6.576542291500845163e-05
6.566387997320667267e-05
6.556233703140488015e-05
6.546079408960310119e-05
6.535925114780130867e-05
6.525770820599952971e-05
6.515616526419773719e-05
6.505462232239595823e-05
6.495307938059417926e-05
6.485153643879238675e-05
6.481147498175541112e-05
6.483289500948325238e-05
6.485431503721108008e-05
6.487573506493890779e-05
6.489715509266674905e-05
6.491857512039457675e-05
6.493999514812241801e-05
6.496141517585024572e-05
6.498283520357808697e-05
6.500425523130591468e-05
6.502567525903374238e-05
6.504709528676158364e-05
6.506851531448941135e-05
6.508993534221725261e-05
6.511135536994508031e-05
6.513277539767292157e-05
6.515419542540074928e-05
6.510827019799632917e-05
6.506234497059190907e-05
6.501641974318750252e-05
6.497049451578308242e-05
6.492456928837866232e-05
6.487864406097424222e-05
6.483271883356982212e-05
6.478679360616541557e-05
6.474086837876099547e-05
6.469494315135657537e-05
6.464901792395215526e-05
6.460309269654774872e-05
6.455716746914332861e-05
6.451124224173890851e-05
6.446531701433448841e-05
6.441939178693006831e-05
6.438577365382959960e-05
6.436446261503306874e-05
6.434315157623653788e-05
6.432184053744000702e-05
6.430052949864347616e-05
6.427921845984694530e-05
6.425790742105041444e-05
6.423659638225388358e-05
6.421528534345736627e-05
6.419397430466083541e-05
6.417266326586430454e-05
6.415135222706777368e-05
6.413004118827124282e-05
6.410873014947471196e-05
6.408741911067818110e-05
6.406610807188165024e-05
6.404479703308511938e-05
6.402576882770692692e-05
6.400902345574708641e-05
6.399227808378723235e-05
6.397553271182739184e-05
6.395878733986753778e-05
6.394204196790769727e-05
6.392529659594784321e-05
6.390855122398800270e-05
6.389180585202814864e-05
6.387506048006830813e-05
6.385831510810845407e-05
6.384156973614861356e-05
6.382482436418875950e-05
6.380807899222891899e-05
6.379133362026906493e-05
6.377458824830922442e-05
6.375784287634937036e-05
6.370272975744085801e-05
6.364761663853235921e-05
6.359250351962384687e-05
6.353739040071534807e-05
6.348227728180683572e-05
6.342716416289833692e-05
6.337205104398982458e-05
6.331693792508132578e-05
6.326182480617281343e-05
6.320671168726431464e-05
6.315159856835580229e-05
6.309648544944728994e-05
6.304137233053879114e-05
6.298625921163027879e-05
6.293114609272178000e-05
6.287603297381326765e-05
6.286123145460035199e-05
6.288674153508303302e-05
6.291225161556570050e-05
6.293776169604838153e-05
6.296327177653104901e-05
6.298878185701373004e-05
6.301429193749639752e-05
6.303980201797907855e-05
6.306531209846174602e-05
6.309082217894441350e-05
6.311633225942709453e-05
6.314184233990976201e-05
6.316735242039244304e-05
6.319286250087511052e-05
6.321837258135779155e-05
6.324388266184045903e-05
6.326939274232314006e-05
6.325969640726646082e-05
6.321479365667043485e-05
6.316989090607442244e-05
6.312498815547839647e-05
6.308008540488237051e-05
6.303518265428635810e-05
6.299027990369033213e-05
6.294537715309430617e-05
6.290047440249828020e-05
6.285557165190226779e-05
6.281066890130624183e-05
6.276576615071021586e-05
6.272086340011420345e-05
6.267596064951817749e-05
6.263105789892215152e-05
6.258615514832613911e-05
6.254125239773011314e-05
6.249455731436249410e-05
6.244606989822328199e-05
6.239758248208405631e-05
6.234909506594484420e-05
6.230060764980563208e-05
6.225212023366640641e-05
6.220363281752719429e-05
6.215514540138798217e-05
6.210665798524875650e-05
6.205817056910954439e-05
6.200968315297033227e-05
6.196119573683112015e-05
6.191270832069189448e-05
6.186422090455268236e-05
6.181573348841347024e-05
6.176724607227424457e-05
6.171875865613503246e-05
6.171619131753591368e-05
6.171362397893679491e-05
6.171105664033767614e-05
6.170848930173855737e-05
6.170592196313943859e-05
6.170335462454031982e-05
6.170078728594120105e-05
6.169821994734208228e-05
6.169565260874294995e-05
6.169308527014383118e-05
6.169051793154471241e-05
6.168795059294559363e-05
6.168538325434647486e-05
6.168281591574735609e-05
6.168024857714823732e-05
6.167768123854911854e-05
6.166540952845284314e-05
6.164343344685939755e-05
6.162145736526596551e-05
6.159948128367253347e-05
6.157750520207908788e-05
6.155552912048565584e-05
6.153355303889222381e-05
6.151157695729877822e-05
6.148960087570534618e-05
6.146762479411191414e-05
6.144564871251846855e-05
6.142367263092503651e-05
6.140169654933160448e-05
6.137972046773815889e-05
6.135774438614472685e-05
6.133576830455129481e-05
6.131379222295784922e-05
6.128888791829310379e-05
6.126105539055704495e-05
6.123322286282097257e-05
6.120539033508491373e-05
6.117755780734885490e-05
6.114972527961279607e-05
6.112189275187673724e-05
6.109406022414066485e-05
6.106622769640460602e-05
6.103839516866854718e-05
6.101056264093248835e-05
6.098273011319642274e-05
6.095489758546036391e-05
6.092706505772429830e-05
6.089923252998823947e-05
6.087140000225218063e-05
6.084356747451611502e-05
6.083643208803204614e-05
6.084999384279997397e-05
6.086355559756790180e-05
6.087711735233582963e-05
6.089067910710375747e-05
6.090424086187168530e-05
6.091780261663961313e-05
6.093136437140754096e-05
6.094492612617546880e-05
6.095848788094339663e-05
6.097204963571132446e-05
6.098561139047925229e-05
6.099917314524718013e-05
6.101273490001510796e-05
6.102629665478303579e-05
6.103985840955097040e-05
6.105342016431889146e-05
6.099866998703280026e-05
6.094391980974671585e-05
6.088916963246062466e-05
6.083441945517454024e-05
6.077966927788844905e-05
6.072491910060236463e-05
6.067016892331627344e-05
6.061541874603018225e-05
6.056066856874409783e-05
6.050591839145800664e-05
6.045116821417192222e-05
6.039641803688583103e-05
6.034166785959974662e-05
6.028691768231365542e-05
6.023216750502756423e-05
6.017741732774147982e-05
6.014740557079539780e-05
6.014213223418931817e-05
6.013685889758323854e-05
6.013158556097715891e-05
6.012631222437107929e-05
6.012103888776499966e-05
6.011576555115892003e-05
6.011049221455284041e-05
6.010521887794676078e-05
6.009994554134068115e-05
6.009467220473460153e-05
6.008939886812852190e-05
6.008412553152244227e-05
6.007885219491636264e-05
6.007357885831028302e-05
6.006830552170420339e-05
6.006303218509812376e-05
6.005655986768437430e-05
6.004888856946294145e-05
6.004121727124150861e-05
6.003354597302007576e-05
6.002587467479864291e-05
6.001820337657721007e-05
6.001053207835577722e-05
6.000286078013434437e-05
5.999518948191291152e-05
5.998751818369147868e-05
5.997984688547004583e-05
5.997217558724861976e-05
5.996450428902718691e-05
5.995683299080575406e-05
5.994916169258432122e-05
5.994149039436288837e-05
5.993381909614145552e-05
5.992165208527944106e-05
5.990948507441742660e-05
5.989731806355541214e-05
5.988515105269339768e-05
5.987298404183138322e-05
5.986081703096937553e-05
5.984865002010736107e-05
5.983648300924534661e-05
5.982431599838333215e-05
5.981214898752131769e-05
5.979998197665930323e-05
5.978781496579728877e-05
5.977564795493527431e-05
5.976348094407325984e-05
5.975131393321124538e-05
5.973914692234923092e-05
5.970880852403228294e-05
5.966029873826039467e-05
5.961178895248850639e-05
5.956327916671661811e-05
5.951476938094472983e-05
5.946625959517284156e-05
5.941774980940095328e-05
5.936924002362906500e-05
5.932073023785716995e-05
5.927222045208528167e-05
5.922371066631339340e-05
5.917520088054150512e-05
5.912669109476961684e-05
5.907818130899772857e-05
5.902967152322584029e-05
5.898116173745395201e-05
5.893265195168206373e-05
5.889894002780183266e-05
5.888002596581327235e-05
5.886111190382469849e-05
5.884219784183613818e-05
5.882328377984756432e-05
5.880436971785900401e-05
5.878545565587043015e-05
5.876654159388186984e-05
5.874762753189329597e-05
5.872871346990473566e-05
5.870979940791616180e-05
5.869088534592760149e-05
5.867197128393902763e-05
5.865305722195046732e-05
5.863414315996189345e-05
5.861522909797333314e-05
5.859631503598475928e-05
5.857622689513407923e-05
5.855496467542127943e-05
5.853370245570847964e-05
5.851244023599568662e-05
5.849117801628288683e-05
5.846991579657008704e-05
5.844865357685728724e-05
5.842739135714448745e-05
5.840612913743169443e-05
5.838486691771889464e-05
5.836360469800609484e-05
5.834234247829329505e-05
5.832108025858049526e-05
5.829981803886769546e-05
5.827855581915490244e-05
5.825729359944210265e-05
5.823603137972930286e-05
5.821775268626916915e-05
5.819947399280902867e-05
5.818119529934889496e-05
5.816291660588875448e-05
5.814463791242862077e-05
5.812635921896848706e-05
5.810808052550834658e-05
5.808980183204821287e-05
5.807152313858807239e-05
5.805324444512793868e-05
5.803496575166780497e-05
5.801668705820766449e-05
5.799840836474753078e-05
5.798012967128739030e-05
5.796185097782725659e-05
5.794357228436712289e-05
5.793401637652867788e-05
5.793318325431193514e-05
5.793235013209519239e-05
5.793151700987844965e-05
5.793068388766170013e-05
5.792985076544495738e-05
5.792901764322821464e-05
5.792818452101147189e-05
5.792735139879472237e-05
5.792651827657797962e-05
5.792568515436123688e-05
5.792485203214449413e-05
5.792401890992775139e-05
5.792318578771100187e-05
5.792235266549425912e-05
5.792151954327751638e-05
5.792068642106077363e-05
5.790354656934498416e-05
5.787009998813014795e-05
5.783665340691531174e-05
5.780320682570048231e-05
5.776976024448564611e-05
5.773631366327080990e-05
5.770286708205598047e-05
5.766942050084114427e-05
5.763597391962630806e-05
5.760252733841147863e-05
5.756908075719664242e-05
5.753563417598180622e-05
5.750218759476697679e-05
5.746874101355214058e-05
5.743529443233730438e-05
5.740184785112247495e-05
5.736840126990763874e-05
5.734125199877918299e-05
5.731410272765073401e-05
5.728695345652227826e-05
5.725980418539382928e-05
5.723265491426537352e-05
5.720550564313692455e-05
5.717835637200846879e-05
5.715120710088001982e-05
5.712405782975156406e-05
5.709690855862311509e-05
5.706975928749465933e-05
5.704261001636620358e-05
5.701546074523775460e-05
5.698831147410929885e-05
5.696116220298084987e-05
5.693401293185239412e-05
5.693182771790497316e-05
5.695460656113858022e-05
5.697738540437218729e-05
5.700016424760580113e-05
5.702294309083940819e-05
5.704572193407301525e-05
5.706850077730662231e-05
5.709127962054022938e-05
5.711405846377384321e-05
5.713683730700745028e-05
5.715961615024105734e-05
5.718239499347466440e-05
5.720517383670827146e-05
5.722795267994187853e-05
5.725073152317549237e-05
5.727351036640909943e-05
5.729628920964270649e-05
5.727755754665703013e-05
5.721731537745207034e-05
5.715707320824711055e-05
5.709683103904214399e-05
5.703658886983718420e-05
5.697634670063222442e-05
5.691610453142726463e-05
5.685586236222230484e-05
5.679562019301734506e-05
5.673537802381237849e-05
5.667513585460741871e-05
5.661489368540245892e-05
5.655465151619749913e-05
5.649440934699253935e-05
5.643416717778757278e-05
5.637392500858261300e-05
5.631368283937765321e-05
5.627711608400006837e-05
5.626422474244985170e-05
5.625133340089964181e-05
5.623844205934943192e-05
5.622555071779921526e-05
5.621265937624900537e-05
5.619976803469878870e-05
5.618687669314857881e-05
5.617398535159836214e-05
5.616109401004815225e-05
5.614820266849794236e-05
5.613531132694772569e-05
5.612241998539751580e-05
5.610952864384729914e-05
5.609663730229708925e-05
5.608374596074687258e-05
5.607085461919666269e-05
5.608633203044810316e-05
5.610180944169954363e-05
5.611728685295098410e-05
5.613276426420242456e-05
5.614824167545386503e-05
5.616371908670531228e-05
5.617919649795675275e-05
5.619467390920819322e-05
5.621015132045963368e-05
5.622562873171107415e-05
5.624110614296251462e-05
5.625658355421395509e-05
5.627206096546539556e-05
5.628753837671683603e-05
5.630301578796827650e-05
5.631849319921971696e-05
5.631370245547988670e-05
5.628864355674877894e-05
5.626358465801767117e-05
5.623852575928656340e-05
5.621346686055545564e-05
5.618840796182434787e-05
5.616334906309324010e-05
5.613829016436213234e-05
5.611323126563101779e-05
5.608817236689991003e-05
5.606311346816880226e-05
5.603805456943769449e-05
5.601299567070658673e-05
5.598793677197547896e-05
5.596287787324437119e-05
5.593781897451326343e-05
5.591276007578215566e-05
5.589194077467901552e-05
5.587536107120384980e-05
5.585878136772867730e-05
5.584220166425351157e-05
5.582562196077833907e-05
5.580904225730317335e-05
5.579246255382800762e-05
5.577588285035283512e-05
5.575930314687766939e-05
5.574272344340249689e-05
5.572614373992733117e-05
5.570956403645215867e-05
5.569298433297699294e-05
5.567640462950182044e-05
5.565982492602665471e-05
5.564324522255148221e-05
5.562666551907631649e-05
5.559865465730410037e-05
5.557064379553188426e-05
5.554263293375966815e-05
5.551462207198745204e-05
5.548661121021523592e-05
5.545860034844301981e-05
5.543058948667080370e-05
5.540257862489858759e-05
5.537456776312637148e-05
5.534655690135415536e-05
5.531854603958193925e-05
5.529053517780972314e-05
5.526252431603750703e-05
5.523451345426529091e-05
5.520650259249307480e-05
5.517849173072085869e-05
5.516141952899336870e-05
5.515528598731060482e-05
5.514915244562784095e-05
5.514301890394507030e-05
5.513688536226230642e-05
5.513075182057954255e-05
5.512461827889677868e-05
5.511848473721400803e-05
5.511235119553124415e-05
5.510621765384848028e-05
5.510008411216570963e-05
5.509395057048294575e-05
5.508781702880018188e-05
5.508168348711741801e-05
5.507554994543464736e-05
5.506941640375188348e-05
5.506328286206911961e-05
5.505690642679176818e-05
5.505028709791982919e-05
5.504366776904789699e-05
5.503704844017595800e-05
5.503042911130401902e-05
5.502380978243208681e-05
5.501719045356014782e-05
5.501057112468821561e-05
5.500395179581627663e-05
5.499733246694433764e-05
5.499071313807240544e-05
5.498409380920046645e-05
5.497747448032853424e-05
5.497085515145659526e-05
5.496423582258465627e-05
5.495761649371272406e-05
5.495099716484078508e-05
5.492737908365711539e-05
5.488676225016171498e-05
5.484614541666630780e-05
5.480552858317090740e-05
5.476491174967550022e-05
5.472429491618009982e-05
5.468367808268469941e-05
5.464306124918929223e-05
5.460244441569389183e-05
5.456182758219848465e-05
5.452121074870308425e-05
5.448059391520767707e-05
5.443997708171227667e-05
5.439936024821686949e-05
5.435874341472146908e-05
5.431812658122606190e-05
5.427750974773066150e-05
5.428147402665544328e-05
5.428543830558021829e-05
5.428940258450500007e-05
5.429336686342978185e-05
5.429733114235455686e-05
5.430129542127933864e-05
5.430525970020411364e-05
5.430922397912889542e-05
5.431318825805367721e-05
5.431715253697845221e-05
5.432111681590323399e-05
5.432508109482801577e-05
5.432904537375279078e-05
5.433300965267757256e-05
5.433697393160235434e-05
5.434093821052712935e-05
5.432895528728823043e-05
5.430102516188564405e-05
5.427309503648306444e-05
5.424516491108047805e-05
5.421723478567789167e-05
5.418930466027531206e-05
5.416137453487272568e-05
5.413344440947014607e-05
5.410551428406755968e-05
5.407758415866497330e-05
5.404965403326239369e-05
5.402172390785980730e-05
5.399379378245722770e-05
5.396586365705464131e-05
5.393793353165205493e-05
5.391000340624947532e-05
5.388207328084688893e-05
5.387861844271399971e-05
5.389963889185080766e-05
5.392065934098761560e-05
5.394167979012442354e-05
5.396270023926123149e-05
5.398372068839803266e-05
5.400474113753484060e-05
5.402576158667164854e-05
5.404678203580845649e-05
5.406780248494525765e-05
5.408882293408206560e-05
5.410984338321887354e-05
5.413086383235568149e-05
5.415188428149248943e-05
5.417290473062929060e-05
5.419392517976609854e-05
5.421494562890290649e-05
5.419579731982802521e-05
5.417664901075314393e-05
5.415750070167826266e-05
5.413835239260338816e-05
5.411920408352850688e-05
5.410005577445362561e-05
5.408090746537874433e-05
5.406175915630386306e-05
5.404261084722898178e-05
5.402346253815410728e-05
5.400431422907922601e-05
5.398516592000434473e-05
5.396601761092946345e-05
5.394686930185458218e-05
5.392772099277970090e-05
5.390857268370481963e-05
5.390348029326586101e-05
5.391244382146282506e-05
5.392140734965978233e-05
5.393037087785673960e-05
5.393933440605370365e-05
5.394829793425066092e-05
5.395726146244762497e-05
5.396622499064458224e-05
5.397518851884153951e-05
5.398415204703850356e-05
5.399311557523546083e-05
5.400207910343242487e-05
5.401104263162938215e-05
5.402000615982634619e-05
5.402896968802330346e-05
5.403793321622026073e-05
5.404689674441722478e-05
5.403295182740808342e-05
5.399609846519285019e-05
5.395924510297761019e-05
5.392239174076237697e-05
5.388553837854714374e-05
5.384868501633190374e-05
5.381183165411667052e-05
5.377497829190143051e-05
5.373812492968619729e-05
5.370127156747096407e-05
5.366441820525572406e-05
5.362756484304049084e-05
5.359071148082525084e-05
5.355385811861001761e-05
5.351700475639478439e-05
5.348015139417954439e-05
5.344329803196431116e-05
5.341096601531948639e-05
5.338315534424507684e-05
5.335534467317066051e-05
5.332753400209625097e-05
5.329972333102184142e-05
5.327191265994742509e-05
5.324410198887301554e-05
5.321629131779860599e-05
5.318848064672418967e-05
5.316066997564978012e-05
5.313285930457537057e-05
5.310504863350096102e-05
5.307723796242654469e-05
5.304942729135213514e-05
5.302161662027772560e-05
5.299380594920330927e-05
5.296599527812889972e-05
5.295954930035129057e-05
5.295310332257368143e-05
5.294665734479606550e-05
5.294021136701845636e-05
5.293376538924084721e-05
5.292731941146323806e-05
5.292087343368562892e-05
5.291442745590801299e-05
5.290798147813040384e-05
5.290153550035279470e-05
5.289508952257518555e-05
5.288864354479756963e-05
5.288219756701996048e-05
5.287575158924235133e-05
5.286930561146474219e-05
5.286285963368713304e-05
5.285728521902514785e-05
5.285258236747879338e-05
5.284787951593244569e-05
5.284317666438609123e-05
5.283847381283973677e-05
5.283377096129338230e-05
5.282906810974703462e-05
5.282436525820068015e-05
5.281966240665432569e-05
5.281495955510797123e-05
5.281025670356161676e-05
5.280555385201526908e-05
5.280085100046891461e-05
5.279614814892256015e-05
5.279144529737620569e-05
5.278674244582985800e-05
5.278203959428350353e-05
5.278545951911964502e-05
5.279700222033828922e-05
5.280854492155692665e-05
5.282008762277556408e-05
5.283163032399420828e-05
5.284317302521284571e-05
5.285471572643148992e-05
5.286625842765012734e-05
5.287780112886877155e-05
5.288934383008740898e-05
5.290088653130604641e-05
5.291242923252469061e-05
5.292397193374332804e-05
5.293551463496197224e-05
5.294705733618060967e-05
5.295860003739924710e-05
5.297014273861789130e-05
5.295314983239988419e-05
5.290762131874523252e-05
5.286209280509057408e-05
5.281656429143592241e-05
5.277103577778127075e-05
5.272550726412661908e-05
5.267997875047196064e-05
5.263445023681730898e-05
5.258892172316265731e-05
5.254339320950800565e-05
5.249786469585334721e-05
5.245233618219869554e-05
5.240680766854404388e-05
5.236127915488939221e-05
5.231575064123473377e-05
5.227022212758008211e-05
5.222469361392543044e-05
5.222939108024204718e-05
5.223408854655866391e-05
5.223878601287528065e-05
5.224348347919189738e-05
5.224818094550851412e-05
5.225287841182513085e-05
5.225757587814174759e-05
5.226227334445836432e-05
5.226697081077497428e-05
5.227166827709159102e-05
5.227636574340820775e-05
5.228106320972482449e-05
5.228576067604144122e-05
5.229045814235805796e-05
5.229515560867467470e-05
5.229985307499129143e-05
5.229111254590372646e-05
5.226893402141197980e-05
5.224675549692023313e-05
5.222457697242849324e-05
5.220239844793674657e-05
5.218021992344499990e-05
5.215804139895325323e-05
5.213586287446150656e-05
5.211368434996976667e-05
5.209150582547802000e-05
5.206932730098627333e-05
5.204714877649452667e-05
5.202497025200278000e-05
5.200279172751103333e-05
5.198061320301929344e-05
5.195843467852754677e-05
5.193625615403580010e-05
5.192125841698001407e-05
5.191344146736018192e-05
5.190562451774035653e-05
5.189780756812053115e-05
5.188999061850069899e-05
5.188217366888087361e-05
5.187435671926104823e-05
5.186653976964121607e-05
5.185872282002139069e-05
5.185090587040156531e-05
5.184308892078173315e-05
5.183527197116190777e-05
5.182745502154207561e-05
5.181963807192225023e-05
5.181182112230242484e-05
5.180400417268259269e-05
5.179618722306276730e-05
5.179424837881705171e-05
5.179230953457133611e-05
5.179037069032562730e-05
5.178843184607991170e-05
5.178649300183419611e-05
5.178455415758848052e-05
5.178261531334277170e-05
5.178067646909705610e-05
5.177873762485134051e-05
5.177679878060562492e-05
5.177485993635991610e-05
5.177292109211420050e-05
5.177098224786848491e-05
5.176904340362276932e-05
5.176710455937706050e-05
5.176516571513134490e-05
5.176919647875915067e-05
5.177919685026048457e-05
5.178919722176181169e-05
5.179919759326313881e-05
5.180919796476447271e-05
5.181919833626579984e-05
5.182919870776713374e-05
5.183919907926846086e-05
5.184919945076979476e-05
5.185919982227112188e-05
5.186920019377244900e-05
5.187920056527378290e-05
5.188920093677511003e-05
5.189920130827644393e-05
5.190920167977777105e-05
5.191920205127909817e-05
5.192920242278043207e-05
5.192679077552768446e-05
5.191196710952086888e-05
5.189714344351404652e-05
5.188231977750723095e-05
5.186749611150041537e-05
5.185267244549359301e-05
5.183784877948677743e-05
5.182302511347995508e-05
5.180820144747313950e-05
5.179337778146632392e-05
5.177855411545950157e-05
5.176373044945268599e-05
5.174890678344586364e-05
5.173408311743904806e-05
5.171925945143223248e-05
5.170443578542541013e-05
5.168961211941859455e-05
5.168156564804776492e-05
5.168029637131293480e-05
5.167902709457810467e-05
5.167775781784327455e-05
5.167648854110844442e-05
5.167521926437361430e-05
5.167394998763878418e-05
5.167268071090394728e-05
5.167141143416911715e-05
5.167014215743428703e-05
5.166887288069945690e-05
5.166760360396462678e-05
5.166633432722979666e-05
5.166506505049495976e-05
5.166379577376012963e-05
5.166252649702529951e-05
5.166125722029046938e-05
5.167543803996831406e-05
5.168961885964616551e-05
5.170379967932401018e-05
5.171798049900185485e-05
5.173216131867970630e-05
5.174634213835755097e-05
5.176052295803539564e-05
5.177470377771324709e-05
5.178888459739109176e-05
5.180306541706893644e-05
5.181724623674678788e-05
5.183142705642463256e-05
5.184560787610247723e-05
5.185978869578032868e-05
5.187396951545817335e-05
5.188815033513601802e-05
5.187529959209606596e-05
5.183541728633831716e-05
5.179553498058056836e-05
5.175565267482281278e-05
5.171577036906506398e-05
5.167588806330731518e-05
5.163600575754956638e-05
5.159612345179181081e-05
5.155624114603406201e-05
5.151635884027631321e-05
5.147647653451855763e-05
5.143659422876080883e-05
5.139671192300306003e-05
5.135682961724531123e-05
5.131694731148755566e-05
5.127706500572980686e-05
5.123718269997205806e-05
5.121046237377525299e-05
5.119690402713939165e-05
5.118334568050353031e-05
5.116978733386766897e-05
5.115622898723180763e-05
5.114267064059595307e-05
5.112911229396009173e-05
5.111555394732423039e-05
5.110199560068836905e-05
5.108843725405251448e-05
5.107487890741665314e-05
5.106132056078079180e-05
5.104776221414493047e-05
5.103420386750906913e-05
5.102064552087321456e-05
5.100708717423735322e-05
5.099352882760149188e-05
5.100659713751475439e-05
5.101966544742801013e-05
5.103273375734127264e-05
5.104580206725452837e-05
5.105887037716779088e-05
5.107193868708104662e-05
5.108500699699430913e-05
5.109807530690756486e-05
5.111114361682082737e-05
5.112421192673408311e-05
5.113728023664734562e-05
5.115034854656060813e-05
5.116341685647386386e-05
5.117648516638712637e-05
5.118955347630038211e-05
5.120262178621364462e-05
5.119914532737384195e-05
5.117912409978098766e-05
5.115910287218813338e-05
5.113908164459527909e-05
5.111906041700242480e-05
5.109903918940957051e-05
5.107901796181670944e-05
5.105899673422385516e-05
5.103897550663100087e-05
5.101895427903814658e-05
5.099893305144529229e-05
5.097891182385243123e-05
5.095889059625957694e-05
5.093886936866672265e-05
5.091884814107386836e-05
5.089882691348101407e-05
5.087880568588815978e-05
5.087757270485311276e-05
5.089512797037587299e-05
5.091268323589864000e-05
5.093023850142140024e-05
5.094779376694416048e-05
5.096534903246692749e-05
5.098290429798968773e-05
5.100045956351245474e-05
5.101801482903521497e-05
5.103557009455797521e-05
5.105312536008074222e-05
5.107068062560350246e-05
5.108823589112626947e-05
5.110579115664902971e-05
5.112334642217178994e-05
5.114090168769455696e-05
5.115845695321731719e-05
5.115391617110694579e-05
5.112727934136343598e-05
5.110064251161992616e-05
5.107400568187641635e-05
5.104736885213289975e-05
5.102073202238938994e-05
5.099409519264588012e-05
5.096745836290237031e-05
5.094082153315886049e-05
5.091418470341535068e-05
5.088754787367184086e-05
5.086091104392833105e-05
5.083427421418481446e-05
5.080763738444130464e-05
5.078100055469779483e-05
5.075436372495428501e-05
5.072772689521077519e-05
5.075336453577843505e-05
5.077900217634608813e-05
5.080463981691374798e-05
5.083027745748140106e-05
5.085591509804906091e-05
5.088155273861672077e-05
5.090719037918437385e-05
5.093282801975203370e-05
5.095846566031968678e-05
5.098410330088734663e-05
5.100974094145500649e-05
5.103537858202265956e-05
5.106101622259031942e-05
5.108665386315797250e-05
5.111229150372563235e-05
5.113792914429329220e-05
5.113304929241427316e-05
5.109765194808858877e-05
5.106225460376290437e-05
5.102685725943721320e-05
5.099145991511152881e-05
5.095606257078584442e-05
5.092066522646015325e-05
5.088526788213446886e-05
5.084987053780877769e-05
5.081447319348309329e-05
5.077907584915740890e-05
5.074367850483171773e-05
5.070828116050603334e-05
5.067288381618034895e-05
5.063748647185465778e-05
5.060208912752897338e-05
5.056669178320328899e-05
5.054663708830536947e-05
5.054192504283521484e-05
5.053721299736506020e-05
5.053250095189491234e-05
5.052778890642475770e-05
5.052307686095460306e-05
5.051836481548445520e-05
5.051365277001430056e-05
5.050894072454414593e-05
5.050422867907399806e-05
5.049951663360384343e-05
5.049480458813368879e-05
5.049009254266354093e-05
5.048538049719338629e-05
5.048066845172323165e-05
5.047595640625308379e-05
5.047124436078292915e-05
5.047561117848079084e-05
5.047997799617864574e-05
5.048434481387650743e-05
5.048871163157436234e-05
5.049307844927222402e-05
5.049744526697007893e-05
5.050181208466794061e-05
5.050617890236579552e-05
5.051054572006365720e-05
5.051491253776151211e-05
5.051927935545937379e-05
5.052364617315722870e-05
5.052801299085509038e-05
5.053237980855294529e-05
5.053674662625080697e-05
5.054111344394866188e-05
5.054175667257839800e-05
5.053867631214000854e-05
5.053559595170161231e-05
5.053251559126322286e-05
5.052943523082483341e-05
5.052635487038643718e-05
5.052327450994804773e-05
5.052019414950965827e-05
5.051711378907126882e-05
5.051403342863287259e-05
5.051095306819448314e-05
5.050787270775609368e-05
5.050479234731769745e-05
5.050171198687930800e-05
5.049863162644091855e-05
5.049555126600252232e-05
5.049247090556413287e-05
5.048604653368400798e-05
5.047627815036214767e-05
5.046650976704028057e-05
5.045674138371842026e-05
5.044697300039655994e-05
5.043720461707469963e-05
5.042743623375283254e-05
5.041766785043097222e-05
5.040789946710911190e-05
5.039813108378725159e-05
5.038836270046539127e-05
5.037859431714352418e-05
5.036882593382166387e-05
5.035905755049980355e-05
5.034928916717794324e-05
5.033952078385607614e-05
5.032975240053421583e-05
5.033042005425281584e-05
5.034152374501186942e-05
5.035262743577092299e-05
5.036373112652997656e-05
5.037483481728903013e-05
5.038593850804808371e-05
5.039704219880713728e-05
5.040814588956619085e-05
5.041924958032524442e-05
5.043035327108429800e-05
5.044145696184335157e-05
5.045256065260240514e-05
5.046366434336145871e-05
5.047476803412051229e-05
5.048587172487956586e-05
5.049697541563861943e-05
5.050807910639767300e-05
5.050563363655844308e-05
5.050318816671921316e-05
5.050074269687998324e-05
5.049829722704075332e-05
5.049585175720153017e-05
5.049340628736230025e-05
5.049096081752307033e-05
5.048851534768384041e-05
5.048606987784461049e-05
5.048362440800538057e-05
5.048117893816615065e-05
5.047873346832692072e-05
5.047628799848769758e-05
5.047384252864846766e-05
5.047139705880923774e-05
5.046895158897000782e-05
5.045615879174089119e-05
5.043301866712189465e-05
5.040987854250289811e-05
5.038673841788390156e-05
5.036359829326490502e-05
5.034045816864590847e-05
5.031731804402691193e-05
5.029417791940791538e-05
5.027103779478891206e-05
5.024789767016991552e-05
5.022475754555091897e-05
5.020161742093192243e-05
5.017847729631292589e-05
5.015533717169392934e-05
5.013219704707493280e-05
5.010905692245593625e-05
5.008591679783693971e-05
5.007894803976403340e-05
5.008815064823721733e-05
5.009735325671040127e-05
5.010655586518358520e-05
5.011575847365676913e-05
5.012496108212995306e-05
5.013416369060313699e-05
5.014336629907632093e-05
5.015256890754950486e-05
5.016177151602268879e-05
5.017097412449587272e-05
5.018017673296906343e-05
5.018937934144224736e-05
5.019858194991543129e-05
5.020778455838861522e-05
5.021698716686179916e-05
5.022618977533498309e-05
5.022010634124898841e-05
5.021402290716299373e-05
5.020793947307699906e-05
5.020185603899100438e-05
5.019577260490500970e-05
5.018968917081900825e-05
5.018360573673301357e-05
5.017752230264701889e-05
5.017143886856102421e-05
5.016535543447502954e-05
5.015927200038903486e-05
5.015318856630304018e-05
5.014710513221704550e-05
5.014102169813105083e-05
5.013493826404505615e-05
5.012885482995906147e-05
5.012447242261458785e-05
5.012179104201164206e-05
5.011910966140869627e-05
5.011642828080575048e-05
5.011374690020280469e-05
5.011106551959985890e-05
5.010838413899691311e-05
5.010570275839396732e-05
5.010302137779102153e-05
5.010033999718806896e-05
5.009765861658512317e-05
5.009497723598217738e-05
5.009229585537923159e-05
5.008961447477628580e-05
5.008693309417334001e-05
5.008425171357039422e-05
5.008157033296744843e-05
5.007265584302098867e-05
5.005750824373101493e-05
5.004236064444104120e-05
5.002721304515106746e-05
5.001206544586108695e-05
4.999691784657111322e-05
4.998177024728113948e-05
4.996662264799116575e-05
4.995147504870119202e-05
4.993632744941121828e-05
4.992117985012124455e-05
4.990603225083127081e-05
4.989088465154129708e-05
4.987573705225131657e-05
4.986058945296134283e-05
4.984544185367136910e-05
4.983029425438139536e-05
4.982254336661580592e-05
4.982218919037459398e-05
4.982183501413338204e-05
4.982148083789217011e-05
4.982112666165096495e-05
4.982077248540975301e-05
4.982041830916854108e-05
4.982006413292733592e-05
4.981970995668612398e-05
4.981935578044491205e-05
4.981900160420370011e-05
4.981864742796249495e-05
4.981829325172128302e-05
4.981793907548007108e-05
4.981758489923885914e-05
4.981723072299765398e-05
4.981687654675644205e-05
4.982901016204831343e-05
4.984114377734018481e-05
4.985327739263204942e-05
4.986541100792392080e-05
4.987754462321579218e-05
4.988967823850766356e-05
4.990181185379952817e-05
4.991394546909139955e-05
4.992607908438327093e-05
4.993821269967514231e-05
4.995034631496700692e-05
4.996247993025887830e-05
4.997461354555074968e-05
4.998674716084262106e-05
4.999888077613448567e-05
5.001101439142635705e-05
5.001210446041644015e-05
5.000215098310472819e-05
4.999219750579301624e-05
4.998224402848130428e-05
4.997229055116959233e-05
4.996233707385788037e-05
4.995238359654617519e-05
4.994243011923446324e-05
4.993247664192275128e-05
4.992252316461103932e-05
4.991256968729932737e-05
4.990261620998762219e-05
4.989266273267591023e-05
4.988270925536419828e-05
4.987275577805248632e-05
4.986280230074077437e-05
4.985284882342906241e-05
4.984610073970403068e-05
4.984255804956567917e-05
4.983901535942732766e-05
4.983547266928897615e-05
4.983192997915062463e-05
4.982838728901227312e-05
4.982484459887391484e-05
4.982130190873556333e-05
4.981775921859721182e-05
4.981421652845886031e-05
4.981067383832050879e-05
4.980713114818215051e-05
4.980358845804379900e-05
4.980004576790544749e-05
4.979650307776709598e-05
4.979296038762874447e-05
4.978941769749039295e-05
4.979911460864570280e-05
4.982205112109468079e-05
4.984498763354365200e-05
4.986792414599262998e-05
4.989086065844160797e-05
4.991379717089058595e-05
4.993673368333955716e-05
4.995967019578853515e-05
4.998260670823751313e-05
5.000554322068649112e-05
5.002847973313546233e-05
5.005141624558444031e-05
5.007435275803341830e-05
5.009728927048239628e-05
5.012022578293136749e-05
5.014316229538034547e-05
5.016609880782932346e-05
5.015900165876198684e-05
5.015190450969465700e-05
5.014480736062732039e-05
5.013771021155999055e-05
5.013061306249265393e-05
5.012351591342532409e-05
5.011641876435798747e-05
5.010932161529065763e-05
5.010222446622332102e-05
5.009512731715599118e-05
5.008803016808865456e-05
5.008093301902131794e-05
5.007383586995398810e-05
5.006673872088665149e-05
5.005964157181932165e-05
5.005254442275198503e-05
5.005682434134244355e-05
5.007248132759070398e-05
5.008813831383895085e-05
5.010379530008721128e-05
5.011945228633545816e-05
5.013510927258371858e-05
5.015076625883196546e-05
5.016642324508022589e-05
5.018208023132847276e-05
5.019773721757673319e-05
5.021339420382498007e-05
5.022905119007324050e-05
5.024470817632148737e-05
5.026036516256974780e-05
5.027602214881799468e-05
5.029167913506625510e-05
5.030733612131450198e-05
5.030809672610463791e-05
5.029396094943665611e-05
5.027982517276867431e-05
5.026568939610068573e-05
5.025155361943270393e-05
5.023741784276472214e-05
5.022328206609673356e-05
5.020914628942875176e-05
5.019501051276076996e-05
5.018087473609278139e-05
5.016673895942479959e-05
5.015260318275681779e-05
5.013846740608882921e-05
5.012433162942084742e-05
5.011019585275286562e-05
5.009606007608487704e-05
5.008192429941689524e-05
5.010455918178248198e-05
5.012719406414806194e-05
5.014982894651364868e-05
5.017246382887922864e-05
5.019509871124481538e-05
5.021773359361039534e-05
5.024036847597598208e-05
5.026300335834156882e-05
5.028563824070714878e-05
5.030827312307273552e-05
5.033090800543831548e-05
5.035354288780390222e-05
5.037617777016948218e-05
5.039881265253506892e-05
5.042144753490065566e-05
5.044408241726623562e-05
5.046096675565615489e-05
5.047210055007041347e-05
5.048323434448466528e-05
5.049436813889892386e-05
5.050550193331317567e-05
5.051663572772743425e-05
5.052776952214168605e-05
5.053890331655594464e-05
5.055003711097020322e-05
5.056117090538445502e-05
5.057230469979871360e-05
5.058343849421296541e-05
5.059457228862722399e-05
5.060570608304147580e-05
5.061683987745573438e-05
5.062797367186998618e-05
5.063910746628424477e-05
5.066309728860563091e-05
5.069994313883415817e-05
5.073678898906267866e-05
5.077363483929119915e-05
5.081048068951972641e-05
5.084732653974824689e-05
5.088417238997676738e-05
5.092101824020529464e-05
5.095786409043381513e-05
5.099470994066233561e-05
5.103155579089086287e-05
5.106840164111938336e-05
5.110524749134790385e-05
5.114209334157643111e-05
5.117893919180495159e-05
5.121578504203347208e-05
5.125263089226199934e-05
5.126825775811197811e-05
5.126266563958340838e-05
5.125707352105483865e-05
5.125148140252626893e-05
5.124588928399769920e-05
5.124029716546912947e-05
5.123470504694055974e-05
5.122911292841199002e-05
5.122352080988342029e-05
5.121792869135485056e-05
5.121233657282628083e-05
5.120674445429771111e-05
5.120115233576914138e-05
5.119556021724057165e-05
5.118996809871200192e-05
5.118437598018343220e-05
5.117878386165486247e-05
5.122001530456343749e-05
5.126124674747201251e-05
5.130247819038058753e-05
5.134370963328916256e-05
5.138494107619773758e-05
5.142617251910631260e-05
5.146740396201488762e-05
5.150863540492346264e-05
5.154986684783204444e-05
5.159109829074061946e-05
5.163232973364919448e-05
5.167356117655776951e-05
5.171479261946634453e-05
5.175602406237491955e-05
5.179725550528349457e-05
5.183848694819206959e-05
5.185767478355906163e-05
5.185481901138446392e-05
5.185196323920987299e-05
5.184910746703527527e-05
5.184625169486068434e-05
5.184339592268608662e-05
5.184054015051149569e-05
5.183768437833689797e-05
5.183482860616230026e-05
5.183197283398770932e-05
5.182911706181311161e-05
5.182626128963852067e-05
5.182340551746392296e-05
5.182054974528933202e-05
5.181769397311473431e-05
5.181483820094014337e-05
5.181198242876554566e-05
5.182258244073978230e-05
5.184663823686285329e-05
5.187069403298592428e-05
5.189474982910899527e-05
5.191880562523206626e-05
5.194286142135513725e-05
5.196691721747820824e-05
5.199097301360127923e-05
5.201502880972435022e-05
5.203908460584742121e-05
5.206314040197049220e-05
5.208719619809355642e-05
5.211125199421662741e-05
5.213530779033969840e-05
5.215936358646276939e-05
5.218341938258584038e-05
5.220747517870891137e-05
5.221469367441182121e-05
5.222191217011473106e-05
5.222913066581764090e-05
5.223634916152055074e-05
5.224356765722346058e-05
5.225078615292637043e-05
5.225800464862928027e-05
5.226522314433219011e-05
5.227244164003509318e-05
5.227966013573800302e-05
5.228687863144091286e-05
5.229409712714382270e-05
5.230131562284673255e-05
5.230853411854964239e-05
5.231575261425255223e-05
5.232297110995546207e-05
5.232387957918771044e-05
5.231847802194929055e-05
5.231307646471087066e-05
5.230767490747245077e-05
5.230227335023403089e-05
5.229687179299561100e-05
5.229147023575719111e-05
5.228606867851877122e-05
5.228066712128035133e-05
5.227526556404193145e-05
5.226986400680351156e-05
5.226446244956509167e-05
5.225906089232667178e-05
5.225365933508825190e-05
5.224825777784983201e-05
5.224285622061141212e-05
5.223745466337299223e-05
5.222932478929564147e-05
5.221846659837935985e-05
5.220760840746307822e-05
5.219675021654679659e-05
5.218589202563051496e-05
5.217503383471423334e-05
5.216417564379795171e-05
5.215331745288167008e-05
5.214245926196538845e-05
5.213160107104910682e-05
5.212074288013282520e-05
5.210988468921654357e-05
5.209902649830026194e-05
5.208816830738398031e-05
5.207731011646769869e-05
5.206645192555141706e-05
5.205559373463513543e-05
5.203646324602108651e-05
5.200906045970928385e-05
5.198165767339748118e-05
5.195425488708567852e-05
5.192685210077387586e-05
5.189944931446207319e-05
5.187204652815027053e-05
5.184464374183846109e-05
5.181724095552665843e-05
5.178983816921485576e-05
5.176243538290305310e-05
5.173503259659125044e-05
5.170762981027944777e-05
5.168022702396763833e-05
5.165282423765583567e-05
5.162542145134403301e-05
5.159801866503223035e-05
5.158405091724790897e-05
5.157008316946358760e-05
5.155611542167926623e-05
5.154214767389494485e-05
5.152817992611061671e-05
5.151421217832629533e-05
5.150024443054197396e-05
5.148627668275765259e-05
5.147230893497333122e-05
5.145834118718900984e-05
5.144437343940468847e-05
5.143040569162036710e-05
5.141643794383603895e-05
5.140247019605171758e-05
5.138850244826739620e-05
5.137453470048307483e-05
5.137041467063566304e-05
5.137614235872516082e-05
5.138187004681465860e-05
5.138759773490414961e-05
5.139332542299364739e-05
5.139905311108314517e-05
5.140478079917264295e-05
5.141050848726214074e-05
5.141623617535163852e-05
5.142196386344112952e-05
5.142769155153062731e-05
5.143341923962012509e-05
5.143914692770962287e-05
5.144487461579912065e-05
5.145060230388861166e-05
5.145632999197810944e-05
5.146205768006760722e-05
5.145948863239372577e-05
5.144862284895646508e-05
5.143775706551921117e-05
5.142689128208195048e-05
5.141602549864468980e-05
5.140515971520742911e-05
5.139429393177017520e-05
5.138342814833291451e-05
5.137256236489565382e-05
5.136169658145839313e-05
5.135083079802113922e-05
5.133996501458387853e-05
5.132909923114661784e-05
5.131823344770935716e-05
5.130736766427210324e-05
5.129650188083484256e-05
5.128563609739758187e-05
5.129017344773941205e-05
5.129471079808124224e-05
5.129924814842307920e-05
5.130378549876490939e-05
5.130832284910673958e-05
5.131286019944856976e-05
5.131739754979039995e-05
5.132193490013223013e-05
5.132647225047406710e-05
5.133100960081589728e-05
5.133554695115772747e-05
5.134008430149955766e-05
5.134462165184138784e-05
5.134915900218322481e-05
5.135369635252505499e-05
5.135823370286688518e-05
5.136101072711462948e-05
5.136202742526828791e-05
5.136304412342195311e-05
5.136406082157561154e-05
5.136507751972926996e-05
5.136609421788292839e-05
5.136711091603659359e-05
5.136812761419025201e-05
5.136914431234391044e-05
5.137016101049756886e-05
5.137117770865122729e-05
5.137219440680489249e-05
5.137321110495855092e-05
5.137422780311220934e-05
5.137524450126586777e-05
5.137626119941953297e-05
5.137727789757319139e-05
5.136687256238664561e-05
5.134504519385988883e-05
5.132321782533313882e-05
5.130139045680638882e-05
5.127956308827963204e-05
5.125773571975288204e-05
5.123590835122612526e-05
5.121408098269937526e-05
5.119225361417262525e-05
5.117042624564586848e-05
5.114859887711911847e-05
5.112677150859236169e-05
5.110494414006561169e-05
5.108311677153885491e-05
5.106128940301210491e-05
5.103946203448535491e-05
5.101763466595859813e-05
5.102746260172179906e-05
5.106894584177495771e-05
5.111042908182810958e-05
5.115191232188126145e-05
5.119339556193442010e-05
5.123487880198757198e-05
5.127636204204073062e-05
5.131784528209388250e-05
5.135932852214704114e-05
5.140081176220019302e-05
5.144229500225334489e-05
5.148377824230650354e-05
5.152526148235965541e-05
5.156674472241281406e-05
5.160822796246596593e-05
5.164971120251912458e-05
5.169119444257227645e-05
5.166401376182547234e-05
5.163683308107867501e-05
5.160965240033187090e-05
5.158247171958507357e-05
5.155529103883826946e-05
5.152811035809147213e-05
5.150092967734466802e-05
5.147374899659787068e-05
5.144656831585106658e-05
5.141938763510426924e-05
5.139220695435746514e-05
5.136502627361066780e-05
5.133784559286386369e-05
5.131066491211706636e-05
5.128348423137026225e-05
5.125630355062346492e-05
5.124934104276035387e-05
5.126259670778093587e-05
5.127585237280151787e-05
5.128910803782209986e-05
5.130236370284267509e-05
5.131561936786325709e-05
5.132887503288383909e-05
5.134213069790442109e-05
5.135538636292500309e-05
5.136864202794558509e-05
5.138189769296616708e-05
5.139515335798674908e-05
5.140840902300733108e-05
5.142166468802790631e-05
5.143492035304848831e-05
5.144817601806907031e-05
5.146143168308965231e-05
5.146942781443277626e-05
5.147216441209843539e-05
5.147490100976410130e-05
5.147763760742976721e-05
5.148037420509542634e-05
5.148311080276109225e-05
5.148584740042675816e-05
5.148858399809241729e-05
5.149132059575808320e-05
5.149405719342374911e-05
5.149679379108940824e-05
5.149953038875507415e-05
5.150226698642074006e-05
5.150500358408639920e-05
5.150774018175206510e-05
5.151047677941773101e-05
5.151321337708339015e-05
0.000000000000000000e+00
0.000000000000000000e+00
0.000000000000000000e+00
0.000000000000000000e+00
0.000000000000000000e+00
0.000000000000000000e+00
0.000000000000000000e+00
0.000000000000000000e+00
