0.000000000000000000e+00
0.000000000000000000e+00
0.000000000000000000e+00
0.000000000000000000e+00
0.000000000000000000e+00
0.000000000000000000e+00
0.000000000000000000e+00
0.000000000000000000e+00
0.000000000000000000e+00
0.000000000000000000e+00
1.434409113577274027e-35
1.443438857931695463e-35
1.452468602286116900e-35
1.461498346640538336e-35
1.470528090994959773e-35
1.479557835349381209e-35
1.488587579703802645e-35
1.497617324058224082e-35
1.506647068412645251e-35
1.515676812767066687e-35
1.524706557121488124e-35
1.533736301475909560e-35
1.542766045830330997e-35
1.551795790184752433e-35
1.560825534539173869e-35
1.569855278893595306e-35
1.578885023248016742e-35
1.583183053945557498e-35
1.582749370986217572e-35
1.582315688026877647e-35
1.581882005067537721e-35
1.581448322108197528e-35
1.581014639148857603e-35
1.580580956189517677e-35
1.580147273230177752e-35
1.579713590270837827e-35
1.579279907311497901e-35
1.578846224352157976e-35
1.578412541392818050e-35
1.577978858433478125e-35
1.577545175474137932e-35
1.577111492514798006e-35
1.576677809555458081e-35
1.576244126596118155e-35
1.586039741768525198e-35
1.606064655072678942e-35
1.626089568376832686e-35
1.646114481680986430e-35
1.666139394985140175e-35
1.686164308289293919e-35
1.706189221593447663e-35
1.726214134897601407e-35
1.746239048201755151e-35
1.766263961505908895e-35
1.786288874810062639e-35
1.806313788114216650e-35
1.826338701418370395e-35
1.846363614722524139e-35
1.866388528026677883e-35
1.886413441330831627e-35
1.906438354634985371e-35
1.901960248975222734e-10
3.803920497950445468e-10
5.705880746925668460e-10
7.607840995900890936e-10
9.509801244876114445e-10
1.141176149385133692e-09
1.331372174282655940e-09
1.521568199180178187e-09
1.711764224077700435e-09
1.901960248975222889e-09
2.092156273872745137e-09
2.282352298770267384e-09
2.472548323667789632e-09
2.662744348565311879e-09
2.852940373462834127e-09
3.043136398360356374e-09
1.000031482970770926e-06
2.993817980090694817e-06
4.987604477210617649e-06
6.981390974330542175e-06
8.975177471450465006e-06
1.096896396857038953e-05
1.296275046569031236e-05
1.495653696281023689e-05
1.695032345993016142e-05
1.894410995705008425e-05
2.093789645417000708e-05
2.293168295128992991e-05
2.492546944840985613e-05
2.691925594552977896e-05
2.891304244264970180e-05
3.090682893976962802e-05
3.290061543688954746e-05
3.782414802861218400e-05
4.567742671493753087e-05
5.353070540126287095e-05
6.138398408758821104e-05
6.923726277391355113e-05
7.709054146023889122e-05
8.494382014656424486e-05
9.279709883288958495e-05
1.006503775192149250e-04
1.085036562055402651e-04
1.163569348918656052e-04
1.242102135781909453e-04
1.320634922645162854e-04
1.399167709508416255e-04
1.477700496371669656e-04
1.556233283234923056e-04
1.634766070098176728e-04
1.683924604900786145e-04
1.703708887642751849e-04
1.723493170384717552e-04
1.743277453126683256e-04
1.763061735868648959e-04
1.782846018610614663e-04
1.802630301352580366e-04
1.822414584094546070e-04
1.842198866836511773e-04
1.861983149578477477e-04
1.881767432320443181e-04
1.901551715062408884e-04
1.921335997804374588e-04
1.941120280546340291e-04
1.960904563288305995e-04
1.980688846030271698e-04
2.000473128772237402e-04
2.016672275934524585e-04
2.032871423096812040e-04
2.049070570259099223e-04
2.065269717421386677e-04
2.081468864583673861e-04
2.097668011745961315e-04
2.113867158908248499e-04
2.130066306070535682e-04
2.146265453232823136e-04
2.162464600395110320e-04
2.178663747557397774e-04
2.194862894719684957e-04
2.211062041881972141e-04
2.227261189044259595e-04
2.243460336206546779e-04
2.259659483368834233e-04
2.265684007512231031e-04
2.261533908636737444e-04
2.257383809761243586e-04
2.253233710885749999e-04
2.249083612010256412e-04
2.244933513134762554e-04
2.240783414259268967e-04
2.236633315383775380e-04
2.232483216508281522e-04
2.228333117632787935e-04
2.224183018757294348e-04
2.220032919881800761e-04
2.215882821006306903e-04
2.211732722130813316e-04
2.207582623255319729e-04
2.203432524379825871e-04
2.199282425504332284e-04
2.193929198114990241e-04
2.187372842211799740e-04
2.180816486308608968e-04
2.174260130405418468e-04
2.167703774502227967e-04
2.161147418599037196e-04
2.154591062695846695e-04
2.148034706792656195e-04
2.141478350889465423e-04
2.134921994986274923e-04
2.128365639083084422e-04
2.121809283179893922e-04
2.115252927276703150e-04
2.108696571373512650e-04
2.102140215470322149e-04
2.095583859567131378e-04
2.089027503663940877e-04
2.085477762314636352e-04
2.081928020965331826e-04
2.078378279616027301e-04
2.074828538266723047e-04
2.071278796917418522e-04
2.067729055568113996e-04
2.064179314218809471e-04
2.060629572869504946e-04
2.057079831520200420e-04
2.053530090170896166e-04
2.049980348821591641e-04
2.046430607472287115e-04
2.042880866122982590e-04
2.039331124773678065e-04
2.035781383424373539e-04
2.032231642075069014e-04
2.025969974425192955e-04
2.016996380474745363e-04
2.008022786524297771e-04
1.999049192573850180e-04
1.990075598623402588e-04
1.981102004672954996e-04
1.972128410722507133e-04
1.963154816772059541e-04
1.954181222821611949e-04
1.945207628871164357e-04
1.936234034920716765e-04
1.927260440970269173e-04
1.918286847019821310e-04
1.909313253069373718e-04
1.900339659118926126e-04
1.891366065168478534e-04
1.882392471218030943e-04
1.876879115937943137e-04
1.874825999328215117e-04
1.872772882718487368e-04
1.870719766108759347e-04
1.868666649499031327e-04
1.866613532889303578e-04
1.864560416279575558e-04
1.862507299669847809e-04
1.860454183060119789e-04
1.858401066450391769e-04
1.856347949840664020e-04
1.854294833230936000e-04
1.852241716621208251e-04
1.850188600011480231e-04
1.848135483401752211e-04
1.846082366792024462e-04
1.844029250182296442e-04
1.840137191101298296e-04
1.834406189549030023e-04
1.828675187996761751e-04
1.822944186444493207e-04
1.817213184892224934e-04
1.811482183339956661e-04
1.805751181787688118e-04
1.800020180235419845e-04
1.794289178683151572e-04
1.788558177130883029e-04
1.782827175578614756e-04
1.777096174026346483e-04
1.771365172474077940e-04
1.765634170921809667e-04
1.759903169369541394e-04
1.754172167817272851e-04
1.748441166265004578e-04
1.745603352263640922e-04
1.742765538262276996e-04
1.739927724260913341e-04
1.737089910259549685e-04
1.734252096258185759e-04
1.731414282256822103e-04
1.728576468255458448e-04
1.725738654254094521e-04
1.722900840252730866e-04
1.720063026251367211e-04
1.717225212250003284e-04
1.714387398248639629e-04
1.711549584247275973e-04
1.708711770245912047e-04
1.705873956244548391e-04
1.703036142243184736e-04
1.698915069109294411e-04
1.693510736842877417e-04
1.688106404576460422e-04
1.682702072310043428e-04
1.677297740043626705e-04
1.671893407777209710e-04
1.666489075510792716e-04
1.661084743244375722e-04
1.655680410977958998e-04
1.650276078711542004e-04
1.644871746445125010e-04
1.639467414178708015e-04
1.634063081912291021e-04
1.628658749645874298e-04
1.623254417379457303e-04
1.617850085113040309e-04
1.612445752846623315e-04
1.608005769661890235e-04
1.604530135558841070e-04
1.601054501455791905e-04
1.597578867352742740e-04
1.594103233249693575e-04
1.590627599146644409e-04
1.587151965043595244e-04
1.583676330940546079e-04
1.580200696837496914e-04
1.576725062734447749e-04
1.573249428631398584e-04
1.569773794528349148e-04
1.566298160425299982e-04
1.562822526322250817e-04
1.559346892219201652e-04
1.555871258116152487e-04
1.552395624013103322e-04
1.548530913060916373e-04
1.544666202108729153e-04
1.540801491156542204e-04
1.536936780204354984e-04
1.533072069252168035e-04
1.529207358299981086e-04
1.525342647347793866e-04
1.521477936395606917e-04
1.517613225443419697e-04
1.513748514491232747e-04
1.509883803539045798e-04
1.506019092586858578e-04
1.502154381634671629e-04
1.498289670682484409e-04
1.494424959730297460e-04
1.490560248778110511e-04
1.488006416624833045e-04
1.486763463270465333e-04
1.485520509916097892e-04
1.484277556561730180e-04
1.483034603207362468e-04
1.481791649852994756e-04
1.480548696498627315e-04
1.479305743144259603e-04
1.478062789789891891e-04
1.476819836435524179e-04
1.475576883081156467e-04
1.474333929726789026e-04
1.473090976372421314e-04
1.471848023018053602e-04
1.470605069663685890e-04
1.469362116309318449e-04
1.468119162954950737e-04
1.466795354893144128e-04
1.465390692123898892e-04
1.463986029354653656e-04
1.462581366585408420e-04
1.461176703816163185e-04
1.459772041046917949e-04
1.458367378277672713e-04
1.456962715508427477e-04
1.455558052739182242e-04
1.454153389969937006e-04
1.452748727200691770e-04
1.451344064431446534e-04
1.449939401662201299e-04
1.448534738892956063e-04
1.447130076123710827e-04
1.445725413354465591e-04
1.444320750585220356e-04
1.440866611377324808e-04
1.435362995730779219e-04
1.429859380084233360e-04
1.424355764437687771e-04
1.418852148791142182e-04
1.413348533144596594e-04
1.407844917498050734e-04
1.402341301851505145e-04
1.396837686204959557e-04
1.391334070558413968e-04
1.385830454911868108e-04
1.380326839265322519e-04
1.374823223618776931e-04
1.369319607972231342e-04
1.363815992325685482e-04
1.358312376679139894e-04
1.352808761032594305e-04
1.352391513648371383e-04
1.351974266264148190e-04
1.351557018879925268e-04
1.351139771495702346e-04
1.350722524111479153e-04
1.350305276727256231e-04
1.349888029343033308e-04
1.349470781958810115e-04
1.349053534574587193e-04
1.348636287190364271e-04
1.348219039806141078e-04
1.347801792421918156e-04
1.347384545037695234e-04
1.346967297653472041e-04
1.346550050269249119e-04
1.346132802885026197e-04
1.344902311696738657e-04
1.342858576704387041e-04
1.340814841712035155e-04
1.338771106719683539e-04
1.336727371727331924e-04
1.334683636734980037e-04
1.332639901742628421e-04
1.330596166750276535e-04
1.328552431757924919e-04
1.326508696765573304e-04
1.324464961773221417e-04
1.322421226780869802e-04
1.320377491788517915e-04
1.318333756796166299e-04
1.316290021803814684e-04
1.314246286811462797e-04
1.312202551819111182e-04
1.309078846006870114e-04
1.304875169374739594e-04
1.300671492742609345e-04
1.296467816110479095e-04
1.292264139478348575e-04
1.288060462846218326e-04
1.283856786214088077e-04
1.279653109581957557e-04
1.275449432949827308e-04
1.271245756317697059e-04
1.267042079685566538e-04
1.262838403053436289e-04
1.258634726421305769e-04
1.254431049789175520e-04
1.250227373157045271e-04
1.246023696524914751e-04
1.241820019892784501e-04
1.240989012233397739e-04
1.240158004574010977e-04
1.239326996914624215e-04
1.238495989255237453e-04
1.237664981595850691e-04
1.236833973936463929e-04
1.236002966277077167e-04
1.235171958617690404e-04
1.234340950958303642e-04
1.233509943298916880e-04
1.232678935639530118e-04
1.231847927980143356e-04
1.231016920320756594e-04
1.230185912661369832e-04
1.229354905001983069e-04
1.228523897342596307e-04
1.227485640129351763e-04
1.226240133362249164e-04
1.224994626595146566e-04
1.223749119828044238e-04
1.222503613060941640e-04
1.221258106293839042e-04
1.220012599526736579e-04
1.218767092759633980e-04
1.217521585992531517e-04
1.216276079225429055e-04
1.215030572458326456e-04
1.213785065691223993e-04
1.212539558924121395e-04
1.211294052157018932e-04
1.210048545389916469e-04
1.208803038622813871e-04
1.207557531855711408e-04
1.207097609796617708e-04
1.207423272445533042e-04
1.207748935094448377e-04
1.208074597743363711e-04
1.208400260392278910e-04
1.208725923041194245e-04
1.209051585690109579e-04
1.209377248339024914e-04
1.209702910987940248e-04
1.210028573636855447e-04
1.210354236285770781e-04
1.210679898934686116e-04
1.211005561583601450e-04
1.211331224232516649e-04
1.211656886881431984e-04
1.211982549530347318e-04
1.212308212179262653e-04
1.211421180298923104e-04
1.209321453889328809e-04
1.207221727479734649e-04
1.205122001070140354e-04
1.203022274660546059e-04
1.200922548250951899e-04
1.198822821841357604e-04
1.196723095431763309e-04
1.194623369022169149e-04
1.192523642612574854e-04
1.190423916202980559e-04
1.188324189793386263e-04
1.186224463383792104e-04
1.184124736974197809e-04
1.182025010564603513e-04
1.179925284155009354e-04
1.177825557745415058e-04
1.178264261410280839e-04
1.178702965075146620e-04
1.179141668740012400e-04
1.179580372404878181e-04
1.180019076069743962e-04
1.180457779734609742e-04
1.180896483399475523e-04
1.181335187064341303e-04
1.181773890729207084e-04
1.182212594394072865e-04
1.182651298058938645e-04
1.183090001723804426e-04
1.183528705388670207e-04
1.183967409053535987e-04
1.184406112718401768e-04
1.184844816383267548e-04
1.183775298597218215e-04
1.181197559360253632e-04
1.178619820123289185e-04
1.176042080886324602e-04
1.173464341649360019e-04
1.170886602412395436e-04
1.168308863175430989e-04
1.165731123938466406e-04
1.163153384701501823e-04
1.160575645464537241e-04
1.157997906227572658e-04
1.155420166990608210e-04
1.152842427753643628e-04
1.150264688516679045e-04
1.147686949279714462e-04
1.145109210042750015e-04
1.142531470805785432e-04
1.141539605278165759e-04
1.142133613459890860e-04
1.142727621641616097e-04
1.143321629823341198e-04
1.143915638005066435e-04
1.144509646186791537e-04
1.145103654368516774e-04
1.145697662550241875e-04
1.146291670731967112e-04
1.146885678913692213e-04
1.147479687095417315e-04
1.148073695277142551e-04
1.148667703458867653e-04
1.149261711640592890e-04
1.149855719822317991e-04
1.150449728004043228e-04
1.151043736185768329e-04
1.151304290306252935e-04
1.151231390365497044e-04
1.151158490424741018e-04
1.151085590483985128e-04
1.151012690543229102e-04
1.150939790602473211e-04
1.150866890661717321e-04
1.150793990720961295e-04
1.150721090780205404e-04
1.150648190839449378e-04
1.150575290898693488e-04
1.150502390957937462e-04
1.150429491017181572e-04
1.150356591076425546e-04
1.150283691135669655e-04
1.150210791194913629e-04
1.150137891254157739e-04
1.149132438969664954e-04
1.148126986685172305e-04
1.147121534400679521e-04
1.146116082116186872e-04
1.145110629831694088e-04
1.144105177547201439e-04
1.143099725262708655e-04
1.142094272978216006e-04
1.141088820693723221e-04
1.140083368409230573e-04
1.139077916124737788e-04
1.138072463840245139e-04
1.137067011555752355e-04
1.136061559271259706e-04
1.135056106986766922e-04
1.134050654702274273e-04
1.133154741739075041e-04
1.132368368097169225e-04
1.131581994455263410e-04
1.130795620813357730e-04
1.130009247171451914e-04
1.129222873529546099e-04
1.128436499887640419e-04
1.127650126245734603e-04
1.126863752603828788e-04
1.126077378961923108e-04
1.125291005320017292e-04
1.124504631678111612e-04
1.123718258036205796e-04
1.122931884394299981e-04
1.122145510752394301e-04
1.121359137110488485e-04
1.120572763468582670e-04
1.119846267596518862e-04
1.119179649494296926e-04
1.118513031392074855e-04
1.117846413289852919e-04
1.117179795187630984e-04
1.116513177085409048e-04
1.115846558983186977e-04
1.115179940880965041e-04
1.114513322778743105e-04
1.113846704676521170e-04
1.113180086574299099e-04
1.112513468472077163e-04
1.111846850369855227e-04
1.111180232267633292e-04
1.110513614165411220e-04
1.109846996063189285e-04
1.109180377960967349e-04
1.109336806971492577e-04
1.109493235982017670e-04
1.109649664992542898e-04
1.109806094003068126e-04
1.109962523013593218e-04
1.110118952024118446e-04
1.110275381034643674e-04
1.110431810045168767e-04
1.110588239055693995e-04
1.110744668066219223e-04
1.110901097076744316e-04
1.111057526087269544e-04
1.111213955097794772e-04
1.111370384108319864e-04
1.111526813118845092e-04
1.111683242129370321e-04
1.111973439725970819e-04
1.112397405908646588e-04
1.112821372091322357e-04
1.113245338273998125e-04
1.113669304456673894e-04
1.114093270639349663e-04
1.114517236822025432e-04
1.114941203004701201e-04
1.115365169187377105e-04
1.115789135370052874e-04
1.116213101552728643e-04
1.116637067735404412e-04
1.117061033918080181e-04
1.117485000100755949e-04
1.117908966283431718e-04
1.118332932466107487e-04
1.118756898648783256e-04
1.117931525612577537e-04
1.115856813357490196e-04
1.113782101102402854e-04
1.111707388847315648e-04
1.109632676592228306e-04
1.107557964337140964e-04
1.105483252082053623e-04
1.103408539826966281e-04
1.101333827571878939e-04
1.099259115316791733e-04
1.097184403061704391e-04
1.095109690806617050e-04
1.093034978551529708e-04
1.090960266296442366e-04
1.088885554041355160e-04
1.086810841786267818e-04
1.084736129531180477e-04
1.084271359511922091e-04
1.085416531728492797e-04
1.086561703945063503e-04
1.087706876161634073e-04
1.088852048378204779e-04
1.089997220594775485e-04
1.091142392811346055e-04
1.092287565027916761e-04
1.093432737244487467e-04
1.094577909461058037e-04
1.095723081677628743e-04
1.096868253894199449e-04
1.098013426110770020e-04
1.099158598327340725e-04
1.100303770543911431e-04
1.101448942760482002e-04
1.102594114977052708e-04
1.102252185424678097e-04
1.101910255872303487e-04
1.101568326319928877e-04
1.101226396767554267e-04
1.100884467215179657e-04
1.100542537662804911e-04
1.100200608110430301e-04
1.099858678558055691e-04
1.099516749005681080e-04
1.099174819453306470e-04
1.098832889900931860e-04
1.098490960348557250e-04
1.098149030796182640e-04
1.097807101243808030e-04
1.097465171691433419e-04
1.097123242139058809e-04
1.097000603951938882e-04
1.097097257130073909e-04
1.097193910308208936e-04
1.097290563486343963e-04
1.097387216664478989e-04
1.097483869842614016e-04
1.097580523020749043e-04
1.097677176198884070e-04
1.097773829377019097e-04
1.097870482555154124e-04
1.097967135733289150e-04
1.098063788911424177e-04
1.098160442089559204e-04
1.098257095267694231e-04
1.098353748445829258e-04
1.098450401623964285e-04
1.098547054802099311e-04
1.098116023100145495e-04
1.097157306518103107e-04
1.096198589936060719e-04
1.095239873354018331e-04
1.094281156771975807e-04
1.093322440189933419e-04
1.092363723607891031e-04
1.091405007025848508e-04
1.090446290443806119e-04
1.089487573861763731e-04
1.088528857279721343e-04
1.087570140697678820e-04
1.086611424115636431e-04
1.085652707533594043e-04
1.084693990951551655e-04
1.083735274369509132e-04
1.082776557787466743e-04
1.081881455201375133e-04
1.080986352615283524e-04
1.080091250029191778e-04
1.079196147443100168e-04
1.078301044857008558e-04
1.077405942270916948e-04
1.076510839684825338e-04
1.075615737098733593e-04
1.074720634512641983e-04
1.073825531926550373e-04
1.072930429340458763e-04
1.072035326754367017e-04
1.071140224168275407e-04
1.070245121582183797e-04
1.069350018996092187e-04
1.068454916410000577e-04
1.067595991528176905e-04
1.066773244350621442e-04
1.065950497173065979e-04
1.065127749995510380e-04
1.064305002817954917e-04
1.063482255640399454e-04
1.062659508462843855e-04
1.061836761285288392e-04
1.061014014107732929e-04
1.060191266930177330e-04
1.059368519752621867e-04
1.058545772575066269e-04
1.057723025397510805e-04
1.056900278219955342e-04
1.056077531042399744e-04
1.055254783864844280e-04
1.054432036687288817e-04
1.054153172401665564e-04
1.054418191007974520e-04
1.054683209614283611e-04
1.054948228220592567e-04
1.055213246826901523e-04
1.055478265433210615e-04
1.055743284039519571e-04
1.056008302645828663e-04
1.056273321252137619e-04
1.056538339858446575e-04
1.056803358464755666e-04
1.057068377071064622e-04
1.057333395677373714e-04
1.057598414283682670e-04
1.057863432889991626e-04
1.058128451496300718e-04
1.058393470102609674e-04
1.059236592198985942e-04
1.060657817785429387e-04
1.062079043371872832e-04
1.063500268958316141e-04
1.064921494544759586e-04
1.066342720131203031e-04
1.067763945717646476e-04
1.069185171304089921e-04
1.070606396890533231e-04
1.072027622476976676e-04
1.073448848063420120e-04
1.074870073649863565e-04
1.076291299236307010e-04
1.077712524822750455e-04
1.079133750409193765e-04
1.080554975995637210e-04
1.081976201582080655e-04
1.080249217135688801e-04
1.078522232689296811e-04
1.076795248242904958e-04
1.075068263796512968e-04
1.073341279350121114e-04
1.071614294903729261e-04
1.069887310457337271e-04
1.068160326010945418e-04
1.066433341564553428e-04
1.064706357118161574e-04
1.062979372671769721e-04
1.061252388225377731e-04
1.059525403778985877e-04
1.057798419332593888e-04
1.056071434886202034e-04
1.054344450439810181e-04
1.053572242791852583e-04
1.053754811942329378e-04
1.053937381092806173e-04
1.054119950243282832e-04
1.054302519393759627e-04
1.054485088544236421e-04
1.054667657694713216e-04
1.054850226845190011e-04
1.055032795995666805e-04
1.055215365146143464e-04
1.055397934296620259e-04
1.055580503447097054e-04
1.055763072597573849e-04
1.055945641748050643e-04
1.056128210898527302e-04
1.056310780049004097e-04
1.056493349199480892e-04
1.056396569272821130e-04
1.056020440269024813e-04
1.055644311265228495e-04
1.055268182261432177e-04
1.054892053257635860e-04
1.054515924253839542e-04
1.054139795250043225e-04
1.053763666246246907e-04
1.053387537242450589e-04
1.053011408238654272e-04
1.052635279234857954e-04
1.052259150231061636e-04
1.051883021227265319e-04
1.051506892223469001e-04
1.051130763219672683e-04
1.050754634215876366e-04
1.050378505212080048e-04
1.050239595807770754e-04
1.050100686403461324e-04
1.049961776999152029e-04
1.049822867594842600e-04
1.049683958190533305e-04
1.049545048786223875e-04
1.049406139381914581e-04
1.049267229977605286e-04
1.049128320573295857e-04
1.048989411168986562e-04
1.048850501764677132e-04
1.048711592360367838e-04
1.048572682956058408e-04
1.048433773551749114e-04
1.048294864147439819e-04
1.048155954743130389e-04
1.047453624006732328e-04
1.046187871938245636e-04
1.044922119869758943e-04
1.043656367801272115e-04
1.042390615732785423e-04
1.041124863664298731e-04
1.039859111595812038e-04
1.038593359527325210e-04
1.037327607458838518e-04
1.036061855390351825e-04
1.034796103321864997e-04
1.033530351253378305e-04
1.032264599184891613e-04
1.030998847116404920e-04
1.029733095047918092e-04
1.028467342979431400e-04
1.027201590910944707e-04
1.026754840861283219e-04
1.027127092830447072e-04
1.027499344799610924e-04
1.027871596768774640e-04
1.028243848737938492e-04
1.028616100707102345e-04
1.028988352676266197e-04
1.029360604645430049e-04
1.029732856614593765e-04
1.030105108583757618e-04
1.030477360552921470e-04
1.030849612522085322e-04
1.031221864491249174e-04
1.031594116460413026e-04
1.031966368429576743e-04
1.032338620398740595e-04
1.032710872367904447e-04
1.032359203616925892e-04
1.031283614145804794e-04
1.030208024674683696e-04
1.029132435203562599e-04
1.028056845732441501e-04
1.026981256261320403e-04
1.025905666790199306e-04
1.024830077319078343e-04
1.023754487847957246e-04
1.022678898376836148e-04
1.021603308905715050e-04
1.020527719434593953e-04
1.019452129963472855e-04
1.018376540492351893e-04
1.017300951021230795e-04
1.016225361550109697e-04
1.015149772078988600e-04
1.016693815840327686e-04
1.018237859601666773e-04
1.019781903363005995e-04
1.021325947124345081e-04
1.022869990885684168e-04
1.024414034647023254e-04
1.025958078408362341e-04
1.027502122169701428e-04
1.029046165931040650e-04
1.030590209692379736e-04
1.032134253453718823e-04
1.033678297215057909e-04
1.035222340976396996e-04
1.036766384737736218e-04
1.038310428499075304e-04
1.039854472260414391e-04
1.040059920798503497e-04
1.038926774113342621e-04
1.037793627428181746e-04
1.036660480743021006e-04
1.035527334057860131e-04
1.034394187372699255e-04
1.033261040687538380e-04
1.032127894002377505e-04
1.030994747317216765e-04
1.029861600632055890e-04
1.028728453946895014e-04
1.027595307261734139e-04
1.026462160576573264e-04
1.025329013891412388e-04
1.024195867206251649e-04
1.023062720521090773e-04
1.021929573835929898e-04
1.021293260933374837e-04
1.021153781813425454e-04
1.021014302693476071e-04
1.020874823573526688e-04
1.020735344453577306e-04
1.020595865333627923e-04
1.020456386213678540e-04
1.020316907093729293e-04
1.020177427973779910e-04
1.020037948853830527e-04
1.019898469733881145e-04
1.019758990613931762e-04
1.019619511493982379e-04
1.019480032374033132e-04
1.019340553254083749e-04
1.019201074134134366e-04
1.019061595014184984e-04
1.019628755446721471e-04
1.020195915879258095e-04
1.020763076311794582e-04
1.021330236744331070e-04
1.021897397176867693e-04
1.022464557609404181e-04
1.023031718041940804e-04
1.023598878474477292e-04
1.024166038907013779e-04
1.024733199339550403e-04
1.025300359772086890e-04
1.025867520204623378e-04
1.026434680637160001e-04
1.027001841069696489e-04
1.027569001502232976e-04
1.028136161934769600e-04
1.028119745779406221e-04
1.027519753036142976e-04
1.026919760292879731e-04
1.026319767549616486e-04
1.025719774806353241e-04
1.025119782063089996e-04
1.024519789319826751e-04
1.023919796576563506e-04
1.023319803833300126e-04
1.022719811090036881e-04
1.022119818346773636e-04
1.021519825603510391e-04
1.020919832860247146e-04
1.020319840116983901e-04
1.019719847373720656e-04
1.019119854630457411e-04
1.018519861887194167e-04
1.018304291435240266e-04
1.018473143274595711e-04
1.018641995113951155e-04
1.018810846953306599e-04
1.018979698792662044e-04
1.019148550632017488e-04
1.019317402471372932e-04
1.019486254310728377e-04
1.019655106150083685e-04
1.019823957989439130e-04
1.019992809828794574e-04
1.020161661668150018e-04
1.020330513507505463e-04
1.020499365346860907e-04
1.020668217186216351e-04
1.020837069025571796e-04
1.021005920864927240e-04
1.021054516459984180e-04
1.020982855810742616e-04
1.020911195161501052e-04
1.020839534512259488e-04
1.020767873863017924e-04
1.020696213213776360e-04
1.020624552564534796e-04
1.020552891915293232e-04
1.020481231266051533e-04
1.020409570616809968e-04
1.020337909967568404e-04
1.020266249318326840e-04
1.020194588669085276e-04
1.020122928019843712e-04
1.020051267370602148e-04
1.019979606721360584e-04
1.019907946072119020e-04
1.020032774584641146e-04
1.020157603097163407e-04
1.020282431609685533e-04
1.020407260122207794e-04
1.020532088634729920e-04
1.020656917147252045e-04
1.020781745659774306e-04
1.020906574172296432e-04
1.021031402684818693e-04
1.021156231197340819e-04
1.021281059709862945e-04
1.021405888222385206e-04
1.021530716734907331e-04
1.021655545247429593e-04
1.021780373759951718e-04
1.021905202272473844e-04
1.022010706461898863e-04
1.022096886328226775e-04
1.022183066194554688e-04
1.022269246060882600e-04
1.022355425927210513e-04
1.022441605793538425e-04
1.022527785659866338e-04
1.022613965526194250e-04
1.022700145392522162e-04
1.022786325258850075e-04
1.022872505125177987e-04
1.022958684991505900e-04
1.023044864857833812e-04
1.023131044724161725e-04
1.023217224590489637e-04
1.023303404456817550e-04
1.023389584323145462e-04
1.023142971431900141e-04
1.022563565783081452e-04
1.021984160134263033e-04
1.021404754485444343e-04
1.020825348836625925e-04
1.020245943187807235e-04
1.019666537538988817e-04
1.019087131890170127e-04
1.018507726241351709e-04
1.017928320592533019e-04
1.017348914943714600e-04
1.016769509294895911e-04
1.016190103646077492e-04
1.015610697997258803e-04
1.015031292348440384e-04
1.014451886699621695e-04
1.013872481050803276e-04
1.013470033222176405e-04
1.013244543213741490e-04
1.013019053205306438e-04
1.012793563196871387e-04
1.012568073188436471e-04
1.012342583180001420e-04
1.012117093171566369e-04
1.011891603163131453e-04
1.011666113154696401e-04
1.011440623146261350e-04
1.011215133137826434e-04
1.010989643129391383e-04
1.010764153120956467e-04
1.010538663112521416e-04
1.010313173104086364e-04
1.010087683095651449e-04
1.009862193087216397e-04
1.010593930512176540e-04
1.011325667937136547e-04
1.012057405362096690e-04
1.012789142787056697e-04
1.013520880212016840e-04
1.014252617636976847e-04
1.014984355061936990e-04
1.015716092486896997e-04
1.016447829911857139e-04
1.017179567336817147e-04
1.017911304761777289e-04
1.018643042186737296e-04
1.019374779611697439e-04
1.020106517036657446e-04
1.020838254461617589e-04
1.021569991886577596e-04
1.021571893195177361e-04
1.020843958387416883e-04
1.020116023579656269e-04
1.019388088771895656e-04
1.018660153964135178e-04
1.017932219156374564e-04
1.017204284348614086e-04
1.016476349540853472e-04
1.015748414733092994e-04
1.015020479925332381e-04
1.014292545117571767e-04
1.013564610309811289e-04
1.012836675502050676e-04
1.012108740694290198e-04
1.011380805886529584e-04
1.010652871078768970e-04
1.009924936271008492e-04
1.009363802220777240e-04
1.008969468928075483e-04
1.008575135635373591e-04
1.008180802342671835e-04
1.007786469049969943e-04
1.007392135757268186e-04
1.006997802464566430e-04
1.006603469171864538e-04
1.006209135879162781e-04
1.005814802586460889e-04
1.005420469293759133e-04
1.005026136001057241e-04
1.004631802708355484e-04
1.004237469415653592e-04
1.003843136122951836e-04
1.003448802830249944e-04
1.003054469537548188e-04
1.003446818834335068e-04
1.003839168131121813e-04
1.004231517427908694e-04
1.004623866724695439e-04
1.005016216021482320e-04
1.005408565318269200e-04
1.005800914615055945e-04
1.006193263911842826e-04
1.006585613208629571e-04
1.006977962505416452e-04
1.007370311802203332e-04
1.007762661098990077e-04
1.008155010395776958e-04
1.008547359692563703e-04
1.008939708989350584e-04
1.009332058286137464e-04
1.009714371438503262e-04
1.010086648446447977e-04
1.010458925454392828e-04
1.010831202462337544e-04
1.011203479470282394e-04
1.011575756478227110e-04
1.011948033486171960e-04
1.012320310494116676e-04
1.012692587502061526e-04
1.013064864510006242e-04
1.013437141517950957e-04
1.013809418525895808e-04
1.014181695533840523e-04
1.014553972541785374e-04
1.014926249549730089e-04
1.015298526557674940e-04
1.015670803565619655e-04
1.015507854720762042e-04
1.014809680023101964e-04
1.014111505325442021e-04
1.013413330627781943e-04
1.012715155930121865e-04
1.012016981232461923e-04
1.011318806534801845e-04
1.010620631837141767e-04
1.009922457139481825e-04
1.009224282441821747e-04
1.008526107744161669e-04
1.007827933046501591e-04
1.007129758348841649e-04
1.006431583651181571e-04
1.005733408953521493e-04
1.005035234255861551e-04
1.004337059558201473e-04
1.004573324704731939e-04
1.005744029695453085e-04
1.006914734686174232e-04
1.008085439676895378e-04
1.009256144667616524e-04
1.010426849658337670e-04
1.011597554649058817e-04
1.012768259639779827e-04
1.013938964630500974e-04
1.015109669621222120e-04
1.016280374611943266e-04
1.017451079602664412e-04
1.018621784593385559e-04
1.019792489584106569e-04
1.020963194574827715e-04
1.022133899565548862e-04
1.023304604556270008e-04
1.021843175425680826e-04
1.020381746295091779e-04
1.018920317164502597e-04
1.017458888033913414e-04
1.015997458903324232e-04
1.014536029772735186e-04
1.013074600642146003e-04
1.011613171511556821e-04
1.010151742380967639e-04
1.008690313250378592e-04
1.007228884119789410e-04
1.005767454989200228e-04
1.004306025858611181e-04
1.002844596728021999e-04
1.001383167597432816e-04
9.999217384668436341e-05
9.992129218442195578e-05
9.992567177295605873e-05
9.993005136149014814e-05
9.993443095002423754e-05
9.993881053855834049e-05
9.994319012709242990e-05
9.994756971562651930e-05
9.995194930416062226e-05
9.995632889269471166e-05
9.996070848122880106e-05
9.996508806976290402e-05
9.996946765829699342e-05
9.997384724683108282e-05
9.997822683536518578e-05
9.998260642389927518e-05
9.998698601243336459e-05
9.999136560096746754e-05
1.000241467550914672e-04
1.000853294748053771e-04
1.001465121945192870e-04
1.002076949142331969e-04
1.002688776339470932e-04
1.003300603536610031e-04
1.003912430733749130e-04
1.004524257930888229e-04
1.005136085128027328e-04
1.005747912325166427e-04
1.006359739522305526e-04
1.006971566719444625e-04
1.007583393916583589e-04
1.008195221113722688e-04
1.008807048310861787e-04
1.009418875508000886e-04
1.010030702705139985e-04
1.009434192383193657e-04
1.008837682061247329e-04
1.008241171739301001e-04
1.007644661417354673e-04
1.007048151095408210e-04
1.006451640773461882e-04
1.005855130451515554e-04
1.005258620129569227e-04
1.004662109807622899e-04
1.004065599485676571e-04
1.003469089163730243e-04
1.002872578841783915e-04
1.002276068519837452e-04
1.001679558197891124e-04
1.001083047875944796e-04
1.000486537553998468e-04
1.000573728959754311e-04
1.001344622093212189e-04
1.002115515226670203e-04
1.002886408360128217e-04
1.003657301493586095e-04
1.004428194627044108e-04
1.005199087760502122e-04
1.005969980893960000e-04
1.006740874027418014e-04
1.007511767160876027e-04
1.008282660294333906e-04
1.009053553427791919e-04
1.009824446561249933e-04
1.010595339694707811e-04
1.011366232828165825e-04
1.012137125961623838e-04
1.012908019095081717e-04
1.012785255508344613e-04
1.011768835201412527e-04
1.010752414894480305e-04
1.009735994587548219e-04
1.008719574280616133e-04
1.007703153973683912e-04
1.006686733666751826e-04
1.005670313359819604e-04
1.004653893052887518e-04
1.003637472745955433e-04
1.002621052439023211e-04
1.001604632132091125e-04
1.000588211825158904e-04
9.995717915182268177e-05
9.985553712112947317e-05
9.975389509043625102e-05
9.965225305974304243e-05
9.956435578570211242e-05
9.949020326831346100e-05
9.941605075092482314e-05
9.934189823353617172e-05
9.926774571614753386e-05
9.919359319875888244e-05
9.911944068137024458e-05
9.904528816398159316e-05
9.897113564659295530e-05
9.889698312920430388e-05
9.882283061181566602e-05
9.874867809442701460e-05
9.867452557703837673e-05
9.860037305964972532e-05
9.852622054226108745e-05
9.845206802487244959e-05
9.837791550748379817e-05
9.846659416177028288e-05
9.855527281605675404e-05
9.864395147034323876e-05
9.873263012462972347e-05
9.882130877891620818e-05
9.890998743320267934e-05
9.899866608748916406e-05
9.908734474177564877e-05
9.917602339606213348e-05
9.926470205034860464e-05
9.935338070463508935e-05
9.944205935892157407e-05
9.953073801320804523e-05
9.961941666749452994e-05
9.970809532178101465e-05
9.979677397606749936e-05
9.981470239464510874e-05
9.976188057751384278e-05
9.970905876038259038e-05
9.965623694325133797e-05
9.960341512612007201e-05
9.955059330898881960e-05
9.949777149185756720e-05
9.944494967472630124e-05
9.939212785759504883e-05
9.933930604046379642e-05
9.928648422333253047e-05
9.923366240620127806e-05
9.918084058907002565e-05
9.912801877193875969e-05
9.907519695480750729e-05
9.902237513767625488e-05
9.896955332054498892e-05
9.898044883134775697e-05
9.905506167008454549e-05
9.912967450882133400e-05
9.920428734755812252e-05
9.927890018629491103e-05
9.935351302503169955e-05
9.942812586376848806e-05
9.950273870250527658e-05
9.957735154124205154e-05
9.965196437997884005e-05
9.972657721871562857e-05
9.980119005745241708e-05
9.987580289618920560e-05
9.995041573492599411e-05
1.000250285736627826e-04
1.000996414123995711e-04
1.001742542511363597e-04
1.001579106855871997e-04
1.001415671200380397e-04
1.001252235544888798e-04
1.001088799889397334e-04
1.000925364233905734e-04
1.000761928578414135e-04
1.000598492922922535e-04
1.000435057267430936e-04
1.000271621611939336e-04
1.000108185956447872e-04
9.999447503009562725e-05
9.997813146454646730e-05
9.996178789899730734e-05
9.994544433344814739e-05
9.992910076789898743e-05
9.991275720234982748e-05
9.990718216761641779e-05
9.991237566369873127e-05
9.991756915978104476e-05
9.992276265586335824e-05
9.992795615194567172e-05
9.993314964802798520e-05
9.993834314411031224e-05
9.994353664019262572e-05
9.994873013627493920e-05
9.995392363235725268e-05
9.995911712843956617e-05
9.996431062452189320e-05
9.996950412060420668e-05
9.997469761668652016e-05
9.997989111276883365e-05
9.998508460885114713e-05
9.999027810493346061e-05
1.000065020161234594e-04
1.000337563424211299e-04
1.000610106687188004e-04
1.000882649950164709e-04
1.001155193213141550e-04
1.001427736476118255e-04
1.001700279739094960e-04
1.001972823002071666e-04
1.002245366265048371e-04
1.002517909528025076e-04
1.002790452791001781e-04
1.003062996053978486e-04
1.003335539316955191e-04
1.003608082579932032e-04
1.003880625842908737e-04
1.004153169105885443e-04
1.004425712368862148e-04
1.004556481368600046e-04
1.004545476105099002e-04
1.004534470841597957e-04
1.004523465578097049e-04
1.004512460314596004e-04
1.004501455051095096e-04
1.004490449787594051e-04
1.004479444524093007e-04
1.004468439260592099e-04
1.004457433997091054e-04
1.004446428733590146e-04
1.004435423470089101e-04
1.004424418206588057e-04
1.004413412943087148e-04
1.004402407679586104e-04
1.004391402416085195e-04
1.004380397152584151e-04
1.003657425518617334e-04
1.002934453884650516e-04
1.002211482250683699e-04
1.001488510616716882e-04
1.000765538982750064e-04
1.000042567348783247e-04
9.993195957148164293e-05
9.985966240808496119e-05
9.978736524468827945e-05
9.971506808129159771e-05
9.964277091789491597e-05
9.957047375449823423e-05
9.949817659110155249e-05
9.942587942770487075e-05
9.935358226430818901e-05
9.928128510091150727e-05
9.926473764144966164e-05
9.930393988592265211e-05
9.934314213039565614e-05
9.938234437486864661e-05
9.942154661934165063e-05
9.946074886381464110e-05
9.949995110828764513e-05
9.953915335276063560e-05
9.957835559723363962e-05
9.961755784170663009e-05
9.965676008617962056e-05
9.969596233065262459e-05
9.973516457512561506e-05
9.977436681959861908e-05
9.981356906407160955e-05
9.985277130854461358e-05
9.989197355301760405e-05
9.988811125677137697e-05
9.984118441980590524e-05
9.979425758284043351e-05
9.974733074587496177e-05
9.970040390890950359e-05
9.965347707194403186e-05
9.960655023497856013e-05
9.955962339801310195e-05
9.951269656104763022e-05
9.946576972408215848e-05
9.941884288711668675e-05
9.937191605015122857e-05
9.932498921318575684e-05
9.927806237622028511e-05
9.923113553925481337e-05
9.918420870228935519e-05
9.913728186532388346e-05
9.918385857645646065e-05
9.923043528758902429e-05
9.927701199872160148e-05
9.932358870985416512e-05
9.937016542098674231e-05
9.941674213211931950e-05
9.946331884325188314e-05
9.950989555438446033e-05
9.955647226551702397e-05
9.960304897664960116e-05
9.964962568778217835e-05
9.969620239891474199e-05
9.974277911004731918e-05
9.978935582117988282e-05
9.983593253231246001e-05
9.988250924344503720e-05
9.989312203744517271e-05
9.986777091431288010e-05
9.984241979118057392e-05
9.981706866804828130e-05
9.979171754491598868e-05
9.976636642178369607e-05
9.974101529865138989e-05
9.971566417551909727e-05
9.969031305238680466e-05
9.966496192925451204e-05
9.963961080612221942e-05
9.961425968298991324e-05
9.958890855985762063e-05
9.956355743672532801e-05
9.953820631359303539e-05
9.951285519046072922e-05
9.948750406732843660e-05
9.947137020235363237e-05
9.946445359553630298e-05
9.945753698871897359e-05
9.945062038190164420e-05
9.944370377508432836e-05
9.943678716826699897e-05
9.942987056144966958e-05
9.942295395463234019e-05
9.941603734781501080e-05
9.940912074099769497e-05
9.940220413418036558e-05
9.939528752736303619e-05
9.938837092054570680e-05
9.938145431372839096e-05
9.937453770691106157e-05
9.936762110009373218e-05
9.936070449327640279e-05
9.937875412963089003e-05
9.942177000915719391e-05
9.946478588868349778e-05
9.950780176820978810e-05
9.955081764773609197e-05
9.959383352726239585e-05
9.963684940678868617e-05
9.967986528631499004e-05
9.972288116584129391e-05
9.976589704536758423e-05
9.980891292489388810e-05
9.985192880442019198e-05
9.989494468394648230e-05
9.993796056347278617e-05
9.998097644299909004e-05
1.000239923225253804e-04
1.000670082020516842e-04
1.000215034174870010e-04
9.997599863292230425e-05
9.993049384835762103e-05
9.988498906379292427e-05
9.983948427922824105e-05
9.979397949466354428e-05
9.974847471009886106e-05
9.970296992553416430e-05
9.965746514096948108e-05
9.961196035640478431e-05
9.956645557184010109e-05
9.952095078727540432e-05
9.947544600271072111e-05
9.942994121814602434e-05
9.938443643358134112e-05
9.933893164901664435e-05
9.929544670582081563e-05
9.925398160399384140e-05
9.921251650216686717e-05
9.917105140033989294e-05
9.912958629851291871e-05
9.908812119668594447e-05
9.904665609485897024e-05
9.900519099303199601e-05
9.896372589120502178e-05
9.892226078937804755e-05
9.888079568755107332e-05
9.883933058572409909e-05
9.879786548389712486e-05
9.875640038207015063e-05
9.871493528024317639e-05
9.867347017841620216e-05
9.863200507658922793e-05
9.864805380372114376e-05
9.872161635981196320e-05
9.879517891590278264e-05
9.886874147199358853e-05
9.894230402808440797e-05
9.901586658417522741e-05
9.908942914026604685e-05
9.916299169635685274e-05
9.923655425244767218e-05
9.931011680853849162e-05
9.938367936462929751e-05
9.945724192072011695e-05
9.953080447681093639e-05
9.960436703290175583e-05
9.967792958899256172e-05
9.975149214508338116e-05
9.982505470117420060e-05
9.984315626931596814e-05
9.980579684950869734e-05
9.976843742970141298e-05
9.973107800989414217e-05
9.969371859008687136e-05
9.965635917027960056e-05
9.961899975047231620e-05
9.958164033066504539e-05
9.954428091085777458e-05
9.950692149105050377e-05
9.946956207124321942e-05
9.943220265143594861e-05
9.939484323162867780e-05
9.935748381182140699e-05
9.932012439201412263e-05
9.928276497220685183e-05
9.924540555239958102e-05
9.916233004888726514e-05
9.907925454537494926e-05
9.899617904186263338e-05
9.891310353835030395e-05
9.883002803483798807e-05
9.874695253132567219e-05
9.866387702781335631e-05
9.858080152430104043e-05
9.849772602078872455e-05
9.841465051727639511e-05
9.833157501376407923e-05
9.824849951025176335e-05
9.816542400673944747e-05
9.808234850322713159e-05
9.799927299971481571e-05
9.791619749620249983e-05
9.790461161643340563e-05
9.796451536040756019e-05
9.802441910438170120e-05
9.808432284835584222e-05
9.814422659232999678e-05
9.820413033630413780e-05
9.826403408027827881e-05
9.832393782425243338e-05
9.838384156822657439e-05
9.844374531220071540e-05
9.850364905617486997e-05
9.856355280014901098e-05
9.862345654412315199e-05
9.868336028809730656e-05
9.874326403207144757e-05
9.880316777604558859e-05
9.886307152001974315e-05
9.892821154644915302e-05
9.899858785533384529e-05
9.906896416421853756e-05
9.913934047310322983e-05
9.920971678198792210e-05
9.928009309087261437e-05
9.935046939975730664e-05
9.942084570864199891e-05
9.949122201752669118e-05
9.956159832641138345e-05
9.963197463529607572e-05
9.970235094418076799e-05
9.977272725306546026e-05
9.984310356195015253e-05
9.991347987083484480e-05
9.998385617971953707e-05
1.000542324886042293e-04
9.998439981939541584e-05
9.991456715018658878e-05
9.984473448097777528e-05
9.977490181176896177e-05
9.970506914256013471e-05
9.963523647335132121e-05
9.956540380414250770e-05
9.949557113493369420e-05
9.942573846572486714e-05
9.935590579651605364e-05
9.928607312730724013e-05
9.921624045809841308e-05
9.914640778888959957e-05
9.907657511968078607e-05
9.900674245047195901e-05
9.893690978126314550e-05
9.891181564956037331e-05
9.893146005536362887e-05
9.895110446116688442e-05
9.897074886697015354e-05
9.899039327277340909e-05
9.901003767857666465e-05
9.902968208437992021e-05
9.904932649018318932e-05
9.906897089598644488e-05
9.908861530178970044e-05
9.910825970759296955e-05
9.912790411339622511e-05
9.914754851919948067e-05
9.916719292500273623e-05
9.918683733080600534e-05
9.920648173660926090e-05
9.922612614241251646e-05
9.922077744015850352e-05
9.919043562984720854e-05
9.916009381953591357e-05
9.912975200922461859e-05
9.909941019891331006e-05
9.906906838860201508e-05
9.903872657829072010e-05
9.900838476797942512e-05
9.897804295766813015e-05
9.894770114735683517e-05
9.891735933704554019e-05
9.888701752673424521e-05
9.885667571642295023e-05
9.882633390611164170e-05
9.879599209580034673e-05
9.876565028548905175e-05
9.873530847517775677e-05
9.874709585547448596e-05
9.880101242637925288e-05
9.885492899728400625e-05
9.890884556818877317e-05
9.896276213909352653e-05
9.901667870999829345e-05
9.907059528090304682e-05
9.912451185180781374e-05
9.917842842271256711e-05
9.923234499361733402e-05
9.928626156452208739e-05
9.934017813542685431e-05
9.939409470633160768e-05
9.944801127723637460e-05
9.950192784814112796e-05
9.955584441904589488e-05
9.960976098995064825e-05
9.966639015409530108e-05
9.972301931823995391e-05
9.977964848238462029e-05
9.983627764652927312e-05
9.989290681067392594e-05
9.994953597481857877e-05
1.000061651389632316e-04
1.000627943031078844e-04
1.001194234672525508e-04
1.001760526313972036e-04
1.002326817955418565e-04
1.002893109596865093e-04
1.003459401238311621e-04
1.004025692879758285e-04
1.004591984521204813e-04
1.005158276162651342e-04
1.004716262026201877e-04
1.003265942111856421e-04
1.001815622197510828e-04
1.000365302283165371e-04
9.989149823688199146e-05
9.974646624544744578e-05
9.960143425401288655e-05
9.945640226257834087e-05
9.931137027114379518e-05
9.916633827970924950e-05
9.902130628827470382e-05
9.887627429684014459e-05
9.873124230540559891e-05
9.858621031397105322e-05
9.844117832253650754e-05
9.829614633110194831e-05
9.815111433966740263e-05
9.809588983365717251e-05
9.813047281307124439e-05
9.816505579248531628e-05
9.819963877189938817e-05
9.823422175131347361e-05
9.826880473072754549e-05
9.830338771014161738e-05
9.833797068955570282e-05
9.837255366896977471e-05
9.840713664838384659e-05
9.844171962779791848e-05
9.847630260721200392e-05
9.851088558662607581e-05
9.854546856604014769e-05
9.858005154545421958e-05
9.861463452486830502e-05
9.864921750428237691e-05
9.864073617937759450e-05
9.863225485447282565e-05
9.862377352956804325e-05
9.861529220466327440e-05
9.860681087975849200e-05
9.859832955485372315e-05
9.858984822994894075e-05
9.858136690504415835e-05
9.857288558013938950e-05
9.856440425523460710e-05
9.855592293032983825e-05
9.854744160542505585e-05
9.853896028052028700e-05
9.853047895561550459e-05
9.852199763071072219e-05
9.851351630580595334e-05
9.849712735705272199e-05
9.847283078445102813e-05
9.844853421184934783e-05
9.842423763924765397e-05
9.839994106664597367e-05
9.837564449404427981e-05
9.835134792144259951e-05
9.832705134884090566e-05
9.830275477623921180e-05
9.827845820363753150e-05
9.825416163103583764e-05
9.822986505843415734e-05
9.820556848583246348e-05
9.818127191323078318e-05
9.815697534062908932e-05
9.813267876802740902e-05
9.810838219542571516e-05
9.814609268387493020e-05
9.824581023337502703e-05
9.834552778287512385e-05
9.844524533237522068e-05
9.854496288187533106e-05
9.864468043137542789e-05
9.874439798087552471e-05
9.884411553037562154e-05
9.894383307987571837e-05
9.904355062937582875e-05
9.914326817887592557e-05
9.924298572837602240e-05
9.934270327787611923e-05
9.944242082737622960e-05
9.954213837687632643e-05
9.964185592637642326e-05
9.974157347587652008e-05
9.974083189536817463e-05
9.963963118485137335e-05
9.953843047433458561e-05
9.943722976381778433e-05
9.933602905330098304e-05
9.923482834278419531e-05
9.913362763226739403e-05
9.903242692175059274e-05
9.893122621123380501e-05
9.883002550071700372e-05
9.872882479020020244e-05
9.862762407968340115e-05
9.852642336916661342e-05
9.842522265864981214e-05
9.832402194813301085e-05
9.822282123761622312e-05
9.812162052709942183e-05
9.814700507959805878e-05
9.817238963209668216e-05
9.819777418459531911e-05
9.822315873709395605e-05
9.824854328959257944e-05
9.827392784209121638e-05
9.829931239458983977e-05
9.832469694708847671e-05
9.835008149958711365e-05
9.837546605208573704e-05
9.840085060458437399e-05
9.842623515708301093e-05
9.845161970958163432e-05
9.847700426208027126e-05
9.850238881457890820e-05
9.852777336707753159e-05
9.854909516192211934e-05
9.856635419911265791e-05
9.858361323630321002e-05
9.860087227349374859e-05
9.861813131068428715e-05
9.863539034787482571e-05
9.865264938506537783e-05
9.866990842225591639e-05
9.868716745944645496e-05
9.870442649663699352e-05
9.872168553382753209e-05
9.873894457101808420e-05
9.875620360820862277e-05
9.877346264539916133e-05
9.879072168258969989e-05
9.880798071978025201e-05
9.882523975697079057e-05
9.881703795487497362e-05
9.878337531349281470e-05
9.874971267211064222e-05
9.871605003072846975e-05
9.868238738934631083e-05
9.864872474796413835e-05
9.861506210658197943e-05
9.858139946519980695e-05
9.854773682381764803e-05
9.851407418243547556e-05
9.848041154105330308e-05
9.844674889967114416e-05
9.841308625828897169e-05
9.837942361690681277e-05
9.834576097552464029e-05
9.831209833414248137e-05
9.827843569276030890e-05
9.827798147987432370e-05
9.827752726698835205e-05
9.827707305410236685e-05
9.827661884121638165e-05
9.827616462833041000e-05
9.827571041544442480e-05
9.827525620255843960e-05
9.827480198967246795e-05
9.827434777678648275e-05
9.827389356390049755e-05
9.827343935101452591e-05
9.827298513812854071e-05
9.827253092524255551e-05
9.827207671235658386e-05
9.827162249947059866e-05
9.827116828658461346e-05
9.826175133465552881e-05
9.824337164368331760e-05
9.822499195271111995e-05
9.820661226173892230e-05
9.818823257076671109e-05
9.816985287979451344e-05
9.815147318882231579e-05
9.813309349785010458e-05
9.811471380687790693e-05
9.809633411590570928e-05
9.807795442493349807e-05
9.805957473396130042e-05
9.804119504298910276e-05
9.802281535201689156e-05
9.800443566104469391e-05
9.798605597007249625e-05
9.796767627910028505e-05
9.796499715087880744e-05
9.797801858540803634e-05
9.799104001993726523e-05
9.800406145446649412e-05
9.801708288899573657e-05
9.803010432352496546e-05
9.804312575805419435e-05
9.805614719258342324e-05
9.806916862711265214e-05
9.808219006164189458e-05
9.809521149617112348e-05
9.810823293070035237e-05
9.812125436522958126e-05
9.813427579975882371e-05
9.814729723428805260e-05
9.816031866881728149e-05
9.817334010334651038e-05
9.818602776904105235e-05
9.819838166590089384e-05
9.821073556276073532e-05
9.822308945962057681e-05
9.823544335648041830e-05
9.824779725334025979e-05
9.826015115020010128e-05
9.827250504705994276e-05
9.828485894391977070e-05
9.829721284077961219e-05
9.830956673763945367e-05
9.832192063449929516e-05
9.833427453135913665e-05
9.834662842821897814e-05
9.835898232507881962e-05
9.837133622193866111e-05
9.838369011879850260e-05
9.838702754173549896e-05
9.839036496467250888e-05
9.839370238760950524e-05
9.839703981054650161e-05
9.840037723348351152e-05
9.840371465642050789e-05
9.840705207935750425e-05
9.841038950229450061e-05
9.841372692523151053e-05
9.841706434816850689e-05
9.842040177110550326e-05
9.842373919404251317e-05
9.842707661697950954e-05
9.843041403991650590e-05
9.843375146285351582e-05
9.843708888579051218e-05
9.840842905543375672e-05
9.834777197178326297e-05
9.828711488813275568e-05
9.822645780448224838e-05
9.816580072083175464e-05
9.810514363718124734e-05
9.804448655353075360e-05
9.798382946988024630e-05
9.792317238622975256e-05
9.786251530257924526e-05
9.780185821892873796e-05
9.774120113527824422e-05
9.768054405162773692e-05
9.761988696797724318e-05
9.755922988432673588e-05
9.749857280067622859e-05
9.743791571702573485e-05
9.744629039442431566e-05
9.752369683287198459e-05
9.760110327131965352e-05
9.767850970976733600e-05
9.775591614821500493e-05
9.783332258666267386e-05
9.791072902511034279e-05
9.798813546355801172e-05
9.806554190200568065e-05
9.814294834045336313e-05
9.822035477890103206e-05
9.829776121734870099e-05
9.837516765579636991e-05
9.845257409424403884e-05
9.852998053269172133e-05
9.860738697113939025e-05
9.868479340958705918e-05
9.869839665790882592e-05
9.864819671610470402e-05
9.859799677430056857e-05
9.854779683249644668e-05
9.849759689069231122e-05
9.844739694888818933e-05
9.839719700708406743e-05
9.834699706527993198e-05
9.829679712347581008e-05
9.824659718167167463e-05
9.819639723986755273e-05
9.814619729806341728e-05
9.809599735625929538e-05
9.804579741445515993e-05
9.799559747265103803e-05
9.794539753084690258e-05
9.789519758904278069e-05
9.788935220146898234e-05
9.788350681389518400e-05
9.787766142632138566e-05
9.787181603874758732e-05
9.786597065117377543e-05
9.786012526359997709e-05
9.785427987602617875e-05
9.784843448845238041e-05
9.784258910087858206e-05
9.783674371330478372e-05
9.783089832573098538e-05
9.782505293815718704e-05
9.781920755058337515e-05
9.781336216300957681e-05
9.780751677543577847e-05
9.780167138786198013e-05
9.779273797440240037e-05
9.778071653505703920e-05
9.776869509571167803e-05
9.775667365636631686e-05
9.774465221702096924e-05
9.773263077767560807e-05
9.772060933833024690e-05
9.770858789898488573e-05
9.769656645963952456e-05
9.768454502029416339e-05
9.767252358094880222e-05
9.766050214160344105e-05
9.764848070225807988e-05
9.763645926291273226e-05
9.762443782356737109e-05
9.761241638422200992e-05
9.760039494487664875e-05
9.759449130130678108e-05
9.759470545351239335e-05
9.759491960571800562e-05
9.759513375792361789e-05
9.759534791012923016e-05
9.759556206233484243e-05
9.759577621454045471e-05
9.759599036674606698e-05
9.759620451895167925e-05
9.759641867115729152e-05
9.759663282336290379e-05
9.759684697556852962e-05
9.759706112777414189e-05
9.759727527997975416e-05
9.759748943218536643e-05
9.759770358439097870e-05
9.759791773659659097e-05
9.761686239414304458e-05
9.763580705168949819e-05
9.765475170923595179e-05
9.767369636678240540e-05
9.769264102432885901e-05
9.771158568187531261e-05
9.773053033942176622e-05
9.774947499696821983e-05
9.776841965451468699e-05
9.778736431206114059e-05
9.780630896960759420e-05
9.782525362715404780e-05
9.784419828470050141e-05
9.786314294224695502e-05
9.788208759979340862e-05
9.790103225733986223e-05
9.791919797190350085e-05
9.793658474348431093e-05
9.795397151506513456e-05
9.797135828664594464e-05
9.798874505822676828e-05
9.800613182980757836e-05
9.802351860138840199e-05
9.804090537296921207e-05
9.805829214455003570e-05
9.807567891613085934e-05
9.809306568771166942e-05
9.811045245929249305e-05
9.812783923087330313e-05
9.814522600245412676e-05
9.816261277403493684e-05
9.817999954561576047e-05
9.819738631719657055e-05
9.819862853040203852e-05
9.818372618523213728e-05
9.816882384006223603e-05
9.815392149489233478e-05
9.813901914972243353e-05
9.812411680455253229e-05
9.810921445938264459e-05
9.809431211421274334e-05
9.807940976904284210e-05
9.806450742387294085e-05
9.804960507870303960e-05
9.803470273353315190e-05
9.801980038836325066e-05
9.800489804319334941e-05
9.798999569802344816e-05
9.797509335285354691e-05
9.796019100768364567e-05
9.798924849607468289e-05
9.806226581802665859e-05
9.813528313997862073e-05
9.820830046193059642e-05
9.828131778388255857e-05
9.835433510583453426e-05
9.842735242778650996e-05
9.850036974973847210e-05
9.857338707169044779e-05
9.864640439364240994e-05
9.871942171559438563e-05
9.879243903754634777e-05
9.886545635949832347e-05
9.893847368145028561e-05
9.901149100340226130e-05
9.908450832535422345e-05
9.915752564730619914e-05
9.907792724767382566e-05
9.899832884804145219e-05
9.891873044840907871e-05
9.883913204877670523e-05
9.875953364914433175e-05
9.867993524951195828e-05
9.860033684987958480e-05
9.852073845024721132e-05
9.844114005061483784e-05
9.836154165098246437e-05
9.828194325135009089e-05
9.820234485171771741e-05
9.812274645208534393e-05
9.804314805245297046e-05
9.796354965282059698e-05
9.788395125318822350e-05
9.782807642514819153e-05
9.779592516870048752e-05
9.776377391225278351e-05
9.773162265580507949e-05
9.769947139935736193e-05
9.766732014290965792e-05
9.763516888646195391e-05
9.760301763001424989e-05
9.757086637356654588e-05
9.753871511711884187e-05
9.750656386067113786e-05
9.747441260422343384e-05
9.744226134777572983e-05
9.741011009132801227e-05
9.737795883488030825e-05
9.734580757843260424e-05
9.731365632198490023e-05
9.733944128900023918e-05
9.742316247947860753e-05
9.750688366995697589e-05
9.759060486043534424e-05
9.767432605091371260e-05
9.775804724139208095e-05
9.784176843187044931e-05
9.792548962234881766e-05
9.800921081282718602e-05
9.809293200330555438e-05
9.817665319378392273e-05
9.826037438426229109e-05
9.834409557474065944e-05
9.842781676521902780e-05
9.851153795569739615e-05
9.859525914617576451e-05
9.867898033665413286e-05
9.867128498452332978e-05
9.866358963239252669e-05
9.865589428026172360e-05
9.864819892813092052e-05
9.864050357600011743e-05
9.863280822386931435e-05
9.862511287173851126e-05
9.861741751960770817e-05
9.860972216747691864e-05
9.860202681534611555e-05
9.859433146321531247e-05
9.858663611108450938e-05
9.857894075895370630e-05
9.857124540682290321e-05
9.856355005469210012e-05
9.855585470256129704e-05
9.850254204266101340e-05
9.840361207499123567e-05
9.830468210732145793e-05
9.820575213965168019e-05
9.810682217198191601e-05
9.800789220431213827e-05
9.790896223664236054e-05
9.781003226897258280e-05
9.771110230130281861e-05
9.761217233363304088e-05
9.751324236596326314e-05
9.741431239829348541e-05
9.731538243062370767e-05
9.721645246295394348e-05
9.711752249528416575e-05
9.701859252761438801e-05
9.691966255994461028e-05
9.686543857238971039e-05
9.685592056494967479e-05
9.684640255750963920e-05
9.683688455006960361e-05
9.682736654262956801e-05
9.681784853518953242e-05
9.680833052774949683e-05
9.679881252030946123e-05
9.678929451286942564e-05
9.677977650542937650e-05
9.677025849798934090e-05
9.676074049054930531e-05
9.675122248310926972e-05
9.674170447566923412e-05
9.673218646822919853e-05
9.672266846078916294e-05
9.671315045334912734e-05
9.672831100903854994e-05
9.676815012785741719e-05
9.680798924667628443e-05
9.684782836549515168e-05
9.688766748431401892e-05
9.692750660313288616e-05
9.696734572195175341e-05
9.700718484077063420e-05
9.704702395958950145e-05
9.708686307840836869e-05
9.712670219722723593e-05
9.716654131604610318e-05
9.720638043486497042e-05
9.724621955368385122e-05
9.728605867250271846e-05
9.732589779132158571e-05
9.736573691014045295e-05
9.732076819106541586e-05
9.727579947199037878e-05
9.723083075291534170e-05
9.718586203384031817e-05
9.714089331476528108e-05
9.709592459569024400e-05
9.705095587661520691e-05
9.700598715754016983e-05
9.696101843846513274e-05
9.691604971939010921e-05
9.687108100031507213e-05
9.682611228124003505e-05
9.678114356216499796e-05
9.673617484308996088e-05
9.669120612401492379e-05
9.664623740493988671e-05
9.667891641590585961e-05
9.678924315691281538e-05
9.689956989791978471e-05
9.700989663892675403e-05
9.712022337993370981e-05
9.723055012094067914e-05
9.734087686194763491e-05
9.745120360295460424e-05
9.756153034396156001e-05
9.767185708496852934e-05
9.778218382597549867e-05
9.789251056698245444e-05
9.800283730798942377e-05
9.811316404899637954e-05
9.822349079000334887e-05
9.833381753101031819e-05
9.844414427201727397e-05
9.850190498082413626e-05
9.850709965743089150e-05
9.851229433403764675e-05
9.851748901064440200e-05
9.852268368725117080e-05
9.852787836385792605e-05
9.853307304046468129e-05
9.853826771707143654e-05
9.854346239367819179e-05
9.854865707028494703e-05
9.855385174689170228e-05
9.855904642349845753e-05
9.856424110010522633e-05
9.856943577671198158e-05
9.857463045331873682e-05
9.857982512992549207e-05
9.858501980653224732e-05
9.860866565425524251e-05
9.863231150197823770e-05
9.865595734970123288e-05
9.867960319742422807e-05
9.870324904514722326e-05
9.872689489287021845e-05
9.875054074059321364e-05
9.877418658831620883e-05
9.879783243603921757e-05
9.882147828376221276e-05
9.884512413148520795e-05
9.886876997920820314e-05
9.889241582693119833e-05
9.891606167465419352e-05
9.893970752237718871e-05
9.896335337010018390e-05
9.896810563840708469e-05
9.895396432729790465e-05
9.893982301618871105e-05
9.892568170507953101e-05
9.891154039397035097e-05
9.889739908286115737e-05
9.888325777175197733e-05
9.886911646064278374e-05
9.885497514953360369e-05
9.884083383842442365e-05
9.882669252731523005e-05
9.881255121620605001e-05
9.879840990509685642e-05
9.878426859398767637e-05
9.877012728287849633e-05
9.875598597176930274e-05
9.874184466066012269e-05
9.870569823941146420e-05
9.864754670802332727e-05
9.858939517663519033e-05
9.853124364524706695e-05
9.847309211385893001e-05
9.841494058247079308e-05
9.835678905108265614e-05
9.829863751969453276e-05
9.824048598830639582e-05
9.818233445691825888e-05
9.812418292553013550e-05
9.806603139414199857e-05
9.800787986275386163e-05
9.794972833136572469e-05
9.789157679997760131e-05
9.783342526858946437e-05
9.777527373720132744e-05
9.775065499036149960e-05
9.775956902806996729e-05
9.776848306577842144e-05
9.777739710348688914e-05
9.778631114119535684e-05
9.779522517890381099e-05
9.780413921661227868e-05
9.781305325432074638e-05
9.782196729202920053e-05
9.783088132973766823e-05
9.783979536744613593e-05
9.784870940515460363e-05
9.785762344286305777e-05
9.786653748057152547e-05
9.787545151827999317e-05
9.788436555598844732e-05
9.789327959369691502e-05
9.796133026469701214e-05
9.802938093569709571e-05
9.809743160669719283e-05
9.816548227769727639e-05
9.823353294869737351e-05
9.830158361969745708e-05
9.836963429069755420e-05
9.843768496169765132e-05
9.850573563269773489e-05
9.857378630369783201e-05
9.864183697469791558e-05
9.870988764569801270e-05
9.877793831669809627e-05
9.884598898769819339e-05
9.891403965869829051e-05
9.898209032969837408e-05
9.901489582577065770e-05
9.901245614691514139e-05
9.901001646805962508e-05
9.900757678920410877e-05
9.900513711034857891e-05
9.900269743149306260e-05
9.900025775263754629e-05
9.899781807378202998e-05
9.899537839492650012e-05
9.899293871607098381e-05
9.899049903721546750e-05
9.898805935835995118e-05
9.898561967950443487e-05
9.898318000064890501e-05
9.898074032179338870e-05
9.897830064293787239e-05
9.897586096408235608e-05
9.899053140197884332e-05
9.902231195662736121e-05
9.905409251127587911e-05
9.908587306592439700e-05
9.911765362057291489e-05
9.914943417522143279e-05
9.918121472986995068e-05
9.921299528451846858e-05
9.924477583916698647e-05
9.927655639381550436e-05
9.930833694846402226e-05
9.934011750311254015e-05
9.937189805776105805e-05
9.940367861240957594e-05
9.943545916705809383e-05
9.946723972170661173e-05
9.949902027635512962e-05
9.942697165686737186e-05
9.935492303737961410e-05
9.928287441789185634e-05
9.921082579840411213e-05
9.913877717891635436e-05
9.906672855942859660e-05
9.899467993994083884e-05
9.892263132045308108e-05
9.885058270096532332e-05
9.877853408147757911e-05
9.870648546198982135e-05
9.863443684250206359e-05
9.856238822301430582e-05
9.849033960352654806e-05
9.841829098403879030e-05
9.834624236455103254e-05
9.830549672726189049e-05
9.829605407217133705e-05
9.828661141708078361e-05
9.827716876199023017e-05
9.826772610689967673e-05
9.825828345180912329e-05
9.824884079671858340e-05
9.823939814162802996e-05
9.822995548653747652e-05
9.822051283144692308e-05
9.821107017635636964e-05
9.820162752126582976e-05
9.819218486617527632e-05
9.818274221108472288e-05
9.817329955599416944e-05
9.816385690090361600e-05
9.815441424581306256e-05
9.814375397460379190e-05
9.813187608727580403e-05
9.811999819994781616e-05
9.810812031261981474e-05
9.809624242529182687e-05
9.808436453796383900e-05
9.807248665063585114e-05
9.806060876330784971e-05
9.804873087597986185e-05
9.803685298865187398e-05
9.802497510132387256e-05
9.801309721399588469e-05
9.800121932666789682e-05
9.798934143933990895e-05
9.797746355201190753e-05
9.796558566468391966e-05
9.795370777735593179e-05
9.794753957490217656e-05
9.794708105732268107e-05
9.794662253974317204e-05
9.794616402216367655e-05
9.794570550458416751e-05
9.794524698700467203e-05
9.794478846942517654e-05
9.794432995184566750e-05
9.794387143426617202e-05
9.794341291668666298e-05
9.794295439910716749e-05
9.794249588152765845e-05
9.794203736394816297e-05
9.794157884636865393e-05
9.794112032878915844e-05
9.794066181120964941e-05
9.794020329363015392e-05
9.791878859778858522e-05
9.789737390194703007e-05
9.787595920610546137e-05
9.785454451026389267e-05
9.783312981442233752e-05
9.781171511858076882e-05
9.779030042273920012e-05
9.776888572689764498e-05
9.774747103105607628e-05
9.772605633521450758e-05
9.770464163937295243e-05
9.768322694353138373e-05
9.766181224768981503e-05
9.764039755184825988e-05
9.761898285600669118e-05
9.759756816016512248e-05
9.757970821147431010e-05
9.756540300993422692e-05
9.755109780839415730e-05
9.753679260685408769e-05
9.752248740531400451e-05
9.750818220377393489e-05
9.749387700223385172e-05
9.747957180069378210e-05
9.746526659915369893e-05
9.745096139761362931e-05
9.743665619607355969e-05
9.742235099453347652e-05
9.740804579299340690e-05
9.739374059145332373e-05
9.737943538991325411e-05
9.736513018837318449e-05
9.735082498683310132e-05
9.736832212731944100e-05
9.741762160983220354e-05
9.746692109234495252e-05
9.751622057485770151e-05
9.756552005737046404e-05
9.761481953988321303e-05
9.766411902239596201e-05
9.771341850490872455e-05
9.776271798742147353e-05
9.781201746993422252e-05
9.786131695244698506e-05
9.791061643495973404e-05
9.795991591747248302e-05
9.800921539998524556e-05
9.805851488249799454e-05
9.810781436501074353e-05
9.815711384752350607e-05
9.817013499938835369e-05
9.814687782060529996e-05
9.812362064182224622e-05
9.810036346303919249e-05
9.807710628425615230e-05
9.805384910547309857e-05
9.803059192669004484e-05
9.800733474790699110e-05
9.798407756912393737e-05
9.796082039034088363e-05
9.793756321155782990e-05
9.791430603277477616e-05
9.789104885399173598e-05
9.786779167520868225e-05
9.784453449642562851e-05
9.782127731764257478e-05
9.779802013885952104e-05
9.785116339112832711e-05
9.790430664339713318e-05
9.795744989566593924e-05
9.801059314793474531e-05
9.806373640020355138e-05
9.811687965247235744e-05
9.817002290474116351e-05
9.822316615700996958e-05
9.827630940927877565e-05
9.832945266154758171e-05
9.838259591381638778e-05
9.843573916608519385e-05
9.848888241835399991e-05
9.854202567062280598e-05
9.859516892289161205e-05
9.864831217516041811e-05
9.869469734787670993e-05
9.873432444104048749e-05
9.877395153420426505e-05
9.881357862736804261e-05
9.885320572053180662e-05
9.889283281369558418e-05
9.893245990685936174e-05
9.897208700002313930e-05
9.901171409318690331e-05
9.905134118635068087e-05
9.909096827951445843e-05
9.913059537267823599e-05
9.917022246584201355e-05
9.920984955900577756e-05
9.924947665216955512e-05
9.928910374533333268e-05
9.932873083849711024e-05
9.932379507869608859e-05
9.927429646593028127e-05
9.922479785316447396e-05
9.917529924039866665e-05
9.912580062763284578e-05
9.907630201486703847e-05
9.902680340210123116e-05
9.897730478933542385e-05
9.892780617656961653e-05
9.887830756380380922e-05
9.882880895103800191e-05
9.877931033827219460e-05
9.872981172550637373e-05
9.868031311274056642e-05
9.863081449997475911e-05
9.858131588720895179e-05
9.853181727444314448e-05
9.852272315138143092e-05
9.851362902831971736e-05
9.850453490525800380e-05
9.849544078219629024e-05
9.848634665913457667e-05
9.847725253607286311e-05
9.846815841301114955e-05
9.845906428994943599e-05
9.844997016688772243e-05
9.844087604382600887e-05
9.843178192076429531e-05
9.842268779770258175e-05
9.841359367464086818e-05
9.840449955157915462e-05
9.839540542851744106e-05
9.838631130545572750e-05
9.839324823476300428e-05
9.841621621643924429e-05
9.843918419811549785e-05
9.846215217979175142e-05
9.848512016146799143e-05
9.850808814314424499e-05
9.853105612482048500e-05
9.855402410649673857e-05
9.857699208817299213e-05
9.859996006984923214e-05
9.862292805152548570e-05
9.864589603320172572e-05
9.866886401487797928e-05
9.869183199655421929e-05
9.871479997823047285e-05
9.873776795990672642e-05
9.876073594158296643e-05
9.875358781319837917e-05
9.871632357475296465e-05
9.867905933630753657e-05
9.864179509786212205e-05
9.860453085941669397e-05
9.856726662097127945e-05
9.853000238252585137e-05
9.849273814408043685e-05
9.845547390563500877e-05
9.841820966718958070e-05
9.838094542874416617e-05
9.834368119029873810e-05
9.830641695185332357e-05
9.826915271340789550e-05
9.823188847496248097e-05
9.819462423651705290e-05
9.815735999807163837e-05
9.816287035282088758e-05
9.821115530076482761e-05
9.825944024870875409e-05
9.830772519665268057e-05
9.835601014459662060e-05
9.840429509254054708e-05
9.845258004048448711e-05
9.850086498842841360e-05
9.854914993637235363e-05
9.859743488431628011e-05
9.864571983226020659e-05
9.869400478020414662e-05
9.874228972814807310e-05
9.879057467609201313e-05
9.883885962403593961e-05
9.888714457197987965e-05
9.893542951992380613e-05
9.902648380730127932e-05
9.911753809467873896e-05
9.920859238205621215e-05
9.929964666943368534e-05
9.939070095681114497e-05
9.948175524418861816e-05
9.957280953156609135e-05
9.966386381894355099e-05
9.975491810632102418e-05
9.984597239369849737e-05
9.993702668107595701e-05
1.000280809684534302e-04
1.001191352558309034e-04
1.002101895432083630e-04
1.003012438305858362e-04
1.003922981179633094e-04
1.003959937821295083e-04
1.003123308230844600e-04
1.002286678640394117e-04
1.001450049049943633e-04
1.000613419459493150e-04
9.997767898690426670e-05
9.989401602785920483e-05
9.981035306881415651e-05
9.972669010976910819e-05
9.964302715072405987e-05
9.955936419167901155e-05
9.947570123263394968e-05
9.939203827358890136e-05
9.930837531454385304e-05
9.922471235549880472e-05
9.914104939645375641e-05
9.905738643740870809e-05
9.902433118649185185e-05
9.904188364370318770e-05
9.905943610091452354e-05
9.907698855812585939e-05
9.909454101533720879e-05
9.911209347254854463e-05
9.912964592975988048e-05
9.914719838697122988e-05
9.916475084418256572e-05
9.918230330139390157e-05
9.919985575860523742e-05
9.921740821581658681e-05
9.923496067302792266e-05
9.925251313023925851e-05
9.927006558745059435e-05
9.928761804466194375e-05
9.930517050187327960e-05
9.932851465946808671e-05
9.935185881706290738e-05
9.937520297465771450e-05
9.939854713225253517e-05
9.942189128984734228e-05
9.944523544744216295e-05
9.946857960503697007e-05
9.949192376263179074e-05
9.951526792022659786e-05
9.953861207782141853e-05
9.956195623541622564e-05
9.958530039301103276e-05
9.960864455060585343e-05
9.963198870820066055e-05
9.965533286579548121e-05
9.967867702339028833e-05
9.966976023446599375e-05
9.962858249902259748e-05
9.958740476357920120e-05
9.954622702813580493e-05
9.950504929269240865e-05
9.946387155724901237e-05
9.942269382180561610e-05
9.938151608636221982e-05
9.934033835091882355e-05
9.929916061547542727e-05
9.925798288003203100e-05
9.921680514458863472e-05
9.917562740914523845e-05
9.913444967370184217e-05
9.909327193825844590e-05
9.905209420281504962e-05
9.901091646737165334e-05
9.898077630911847422e-05
9.896167372805552581e-05
9.894257114699256384e-05
9.892346856592961542e-05
9.890436598486666701e-05
9.888526340380370504e-05
9.886616082274075662e-05
9.884705824167780821e-05
9.882795566061485979e-05
9.880885307955189782e-05
9.878975049848894940e-05
9.877064791742600099e-05
9.875154533636303902e-05
9.873244275530009060e-05
9.871334017423714219e-05
9.869423759317418022e-05
9.867513501211123180e-05
9.866559759719399755e-05
9.866562534842249102e-05
9.866565309965097093e-05
9.866568085087946440e-05
9.866570860210794431e-05
9.866573635333643778e-05
9.866576410456491769e-05
9.866579185579341116e-05
9.866581960702189107e-05
9.866584735825038453e-05
9.866587510947886445e-05
9.866590286070735791e-05
9.866593061193583783e-05
9.866595836316433129e-05
9.866598611439281121e-05
9.866601386562130467e-05
9.866604161684978459e-05
9.861175187812998245e-05
9.855746213941016676e-05
9.850317240069036463e-05
9.844888266197056250e-05
9.839459292325076036e-05
9.834030318453094467e-05
9.828601344581114254e-05
9.823172370709134041e-05
9.817743396837153827e-05
9.812314422965172258e-05
9.806885449093192045e-05
9.801456475221211832e-05
9.796027501349230263e-05
9.790598527477250050e-05
9.785169553605269836e-05
9.779740579733289623e-05
9.776912502403657971e-05
9.776685321616376237e-05
9.776458140829095858e-05
9.776230960041814124e-05
9.776003779254532390e-05
9.775776598467250656e-05
9.775549417679970277e-05
9.775322236892688543e-05
9.775095056105406808e-05
9.774867875318125074e-05
9.774640694530843340e-05
9.774413513743562961e-05
9.774186332956281227e-05
9.773959152168999493e-05
9.773731971381717759e-05
9.773504790594437380e-05
9.773277609807155646e-05
9.775399669992445467e-05
9.779870971150308198e-05
9.784342272308170930e-05
9.788813573466033661e-05
9.793284874623896393e-05
9.797756175781759125e-05
9.802227476939621856e-05
9.806698778097483232e-05
9.811170079255345964e-05
9.815641380413208696e-05
9.820112681571071427e-05
9.824583982728934159e-05
9.829055283886796890e-05
9.833526585044658267e-05
9.837997886202520998e-05
9.842469187360383730e-05
9.846940488518246461e-05
9.843874973794930396e-05
9.840809459071615686e-05
9.837743944348299621e-05
9.834678429624983556e-05
9.831612914901668846e-05
9.828547400178352781e-05
9.825481885455038071e-05
9.822416370731722006e-05
9.819350856008405941e-05
9.816285341285091231e-05
9.813219826561775166e-05
9.810154311838459101e-05
9.807088797115144391e-05
9.804023282391828326e-05
9.800957767668512261e-05
9.797892252945197551e-05
9.795859288963048390e-05
9.794858875722064779e-05
9.793858462481081167e-05
9.792858049240097556e-05
9.791857635999113945e-05
9.790857222758130333e-05
9.789856809517146722e-05
9.788856396276163110e-05
9.787855983035180854e-05
9.786855569794197243e-05
9.785855156553213631e-05
9.784854743312230020e-05
9.783854330071246408e-05
9.782853916830262797e-05
9.781853503589279185e-05
9.780853090348295574e-05
9.779852677107311962e-05
9.780831019508197822e-05
9.783788117550951797e-05
9.786745215593707127e-05
9.789702313636461102e-05
9.792659411679215076e-05
9.795616509721969051e-05
9.798573607764724381e-05
9.801530705807478356e-05
9.804487803850232331e-05
9.807444901892986306e-05
9.810401999935740281e-05
9.813359097978495611e-05
9.816316196021249586e-05
9.819273294064003561e-05
9.822230392106757536e-05
9.825187490149512866e-05
9.828144588192266841e-05
9.831151998067420156e-05
9.834209719774974167e-05
9.837267441482528177e-05
9.840325163190082188e-05
9.843382884897636199e-05
9.846440606605190210e-05
9.849498328312744221e-05
9.852556050020296876e-05
9.855613771727850887e-05
9.858671493435404898e-05
9.861729215142958909e-05
9.864786936850512920e-05
9.867844658558066930e-05
9.870902380265619586e-05
9.873960101973173597e-05
9.877017823680727608e-05
9.880075545388281619e-05
9.876093400192205126e-05
9.872111254996129989e-05
9.868129109800053496e-05
9.864146964603978359e-05
9.860164819407901866e-05
9.856182674211825374e-05
9.852200529015750236e-05
9.848218383819673744e-05
9.844236238623598606e-05
9.840254093427522114e-05
9.836271948231445621e-05
9.832289803035370484e-05
9.828307657839293991e-05
9.824325512643218854e-05
9.820343367447142361e-05
9.816361222251065869e-05
9.813507511756118669e-05
9.811782235962300763e-05
9.810056960168482857e-05
9.808331684374664951e-05
9.806606408580845690e-05
9.804881132787027784e-05
9.803155856993209878e-05
9.801430581199391972e-05
9.799705305405572711e-05
9.797980029611754805e-05
9.796254753817936899e-05
9.794529478024118993e-05
9.792804202230301087e-05
9.791078926436481825e-05
9.789353650642663919e-05
9.787628374848846013e-05
9.785903099055028107e-05
9.786127452293298125e-05
9.788301434563658778e-05
9.790475416834018075e-05
9.792649399104377372e-05
9.794823381374738024e-05
9.796997363645097321e-05
9.799171345915456618e-05
9.801345328185817271e-05
9.803519310456176568e-05
9.805693292726535865e-05
9.807867274996896517e-05
9.810041257267255814e-05
9.812215239537616467e-05
9.814389221807975764e-05
9.816563204078335061e-05
9.818737186348695713e-05
9.820911168619055010e-05
9.820011913917621449e-05
9.819112659216189243e-05
9.818213404514755682e-05
9.817314149813322120e-05
9.816414895111889914e-05
9.815515640410456353e-05
9.814616385709022792e-05
9.813717131007590585e-05
9.812817876306157024e-05
9.811918621604723463e-05
9.811019366903291257e-05
9.810120112201857695e-05
9.809220857500424134e-05
9.808321602798991928e-05
9.807422348097558367e-05
9.806523093396124805e-05
9.805790368209333513e-05
9.805224172537183134e-05
9.804657976865032755e-05
9.804091781192883731e-05
9.803525585520733352e-05
9.802959389848582973e-05
9.802393194176432594e-05
9.801826998504282215e-05
9.801260802832131836e-05
9.800694607159982812e-05
9.800128411487832433e-05
9.799562215815682054e-05
9.798996020143531675e-05
9.798429824471381296e-05
9.797863628799232272e-05
9.797297433127081893e-05
9.796731237454931514e-05
9.795622472355577210e-05
9.793971137829016269e-05
9.792319803302458039e-05
9.790668468775897098e-05
9.789017134249338868e-05
9.787365799722777928e-05
9.785714465196219698e-05
9.784063130669658757e-05
9.782411796143100527e-05
9.780760461616539586e-05
9.779109127089981356e-05
9.777457792563420415e-05
9.775806458036862185e-05
9.774155123510301245e-05
9.772503788983743014e-05
9.770852454457182074e-05
9.769201119930623844e-05
9.769101233691791536e-05
9.770552795740689218e-05
9.772004357789586899e-05
9.773455919838483226e-05
9.774907481887380907e-05
9.776359043936278588e-05
9.777810605985174915e-05
9.779262168034072596e-05
9.780713730082970278e-05
9.782165292131866604e-05
9.783616854180764285e-05
9.785068416229661967e-05
9.786519978278558293e-05
9.787971540327455974e-05
9.789423102376353656e-05
9.790874664425249982e-05
9.792326226474147664e-05
9.791509445109660228e-05
9.790692663745172793e-05
9.789875882380685357e-05
9.789059101016197922e-05
9.788242319651710487e-05
9.787425538287223051e-05
9.786608756922735616e-05
9.785791975558248181e-05
9.784975194193760745e-05
9.784158412829273310e-05
9.783341631464785874e-05
9.782524850100298439e-05
9.781708068735811004e-05
9.780891287371323568e-05
9.780074506006836133e-05
9.779257724642348697e-05
9.780264260588603423e-05
9.783094113845600310e-05
9.785923967102598553e-05
9.788753820359595440e-05
9.791583673616593682e-05
9.794413526873590569e-05
9.797243380130588812e-05
9.800073233387585699e-05
9.802903086644583941e-05
9.805732939901580828e-05
9.808562793158577715e-05
9.811392646415575958e-05
9.814222499672572845e-05
9.817052352929571087e-05
9.819882206186567974e-05
9.822712059443566217e-05
9.825541912700563104e-05
9.823684089168420485e-05
9.817138588847138360e-05
9.810593088525856236e-05
9.804047588204574111e-05
9.797502087883291986e-05
9.790956587562009861e-05
9.784411087240727737e-05
9.777865586919445612e-05
9.771320086598163487e-05
9.764774586276881363e-05
9.758229085955599238e-05
9.751683585634317113e-05
9.745138085313034988e-05
9.738592584991752864e-05
9.732047084670470739e-05
9.725501584349188614e-05
9.718956084027906490e-05
9.719109818458490462e-05
9.725962787640941886e-05
9.732815756823393310e-05
9.739668726005843379e-05
9.746521695188294803e-05
9.753374664370746227e-05
9.760227633553197652e-05
9.767080602735649076e-05
9.773933571918099145e-05
9.780786541100550569e-05
9.787639510283001993e-05
9.794492479465453417e-05
9.801345448647904841e-05
9.808198417830356266e-05
9.815051387012806335e-05
9.821904356195257759e-05
9.828757325377709183e-05
9.833056681348877938e-05
9.837356037320046692e-05
9.841655393291216802e-05
9.845954749262385557e-05
9.850254105233554312e-05
9.854553461204723067e-05
9.858852817175891821e-05
9.863152173147061931e-05
9.867451529118230686e-05
9.871750885089399441e-05
9.876050241060568195e-05
9.880349597031738305e-05
9.884648953002907060e-05
9.888948308974075815e-05
9.893247664945244569e-05
9.897547020916413324e-05
9.897189174169441432e-05
9.892174124704326181e-05
9.887159075239210931e-05
9.882144025774095681e-05
9.877128976308980431e-05
9.872113926843865180e-05
9.867098877378751285e-05
9.862083827913636035e-05
9.857068778448520785e-05
9.852053728983405534e-05
9.847038679518290284e-05
9.842023630053176389e-05
9.837008580588061139e-05
9.831993531122945888e-05
9.826978481657830638e-05
9.821963432192715388e-05
9.816948382727600138e-05
9.814086294387894401e-05
9.813377167173596824e-05
9.812668039959300602e-05
9.811958912745003024e-05
9.811249785530705447e-05
9.810540658316409225e-05
9.809831531102111647e-05
9.809122403887814070e-05
9.808413276673517847e-05
9.807704149459220270e-05
9.806995022244922693e-05
9.806285895030625115e-05
9.805576767816328893e-05
9.804867640602031315e-05
9.804158513387733738e-05
9.803449386173437516e-05
9.802740258959139938e-05
9.809495629334065707e-05
9.816250999708990121e-05
9.823006370083915890e-05
9.829761740458840304e-05
9.836517110833766073e-05
9.843272481208690486e-05
9.850027851583616255e-05
9.856783221958540669e-05
9.863538592333466438e-05
9.870293962708390852e-05
9.877049333083316621e-05
9.883804703458242389e-05
9.890560073833166803e-05
9.897315444208092572e-05
9.904070814583016986e-05
9.910826184957942755e-05
9.909260037350005280e-05
9.899372371759207272e-05
9.889484706168407910e-05
9.879597040577609902e-05
9.869709374986811894e-05
9.859821709396012531e-05
9.849934043805214524e-05
9.840046378214415161e-05
9.830158712623617153e-05
9.820271047032819146e-05
9.810383381442019783e-05
9.800495715851221775e-05
9.790608050260422412e-05
9.780720384669624404e-05
9.770832719078826397e-05
9.760945053488027034e-05
9.751057387897229026e-05
9.748417306053328783e-05
9.753024807956327659e-05
9.757632309859326535e-05
9.762239811762325411e-05
9.766847313665322932e-05
9.771454815568321808e-05
9.776062317471320685e-05
9.780669819374319561e-05
9.785277321277318437e-05
9.789884823180317313e-05
9.794492325083316189e-05
9.799099826986315065e-05
9.803707328889313941e-05
9.808314830792311462e-05
9.812922332695310338e-05
9.817529834598309215e-05
9.822137336501308091e-05
9.826024297170614765e-05
9.829190716606229236e-05
9.832357136041843708e-05
9.835523555477458180e-05
9.838689974913071297e-05
9.841856394348685768e-05
9.845022813784300240e-05
9.848189233219914712e-05
9.851355652655529184e-05
9.854522072091143655e-05
9.857688491526758127e-05
9.860854910962372599e-05
9.864021330397985715e-05
9.867187749833600187e-05
9.870354169269214659e-05
9.873520588704829131e-05
9.876687008140443602e-05
9.873618273237560203e-05
9.870549538334676804e-05
9.867480803431793405e-05
9.864412068528910006e-05
9.861343333626027962e-05
9.858274598723144563e-05
9.855205863820261163e-05
9.852137128917377764e-05
9.849068394014494365e-05
9.845999659111610966e-05
9.842930924208727567e-05
9.839862189305844168e-05
9.836793454402962124e-05
9.833724719500078724e-05
9.830655984597195325e-05
9.827587249694311926e-05
9.825583329136623430e-05
9.824644222924128483e-05
9.823705116711634890e-05
9.822766010499139942e-05
9.821826904286646350e-05
9.820887798074151402e-05
9.819948691861657810e-05
9.819009585649162862e-05
9.818070479436667914e-05
9.817131373224174322e-05
9.816192267011679374e-05
9.815253160799185782e-05
9.814314054586690834e-05
9.813374948374197241e-05
9.812435842161702294e-05
9.811496735949208701e-05
9.810557629736713753e-05
9.812121259685777964e-05
9.816187625796401334e-05
9.820253991907023348e-05
9.824320358017646717e-05
9.828386724128268732e-05
9.832453090238892101e-05
9.836519456349515471e-05
9.840585822460137485e-05
9.844652188570760854e-05
9.848718554681382869e-05
9.852784920792006238e-05
9.856851286902628252e-05
9.860917653013251622e-05
9.864984019123873636e-05
9.869050385234497005e-05
9.873116751345119020e-05
9.877183117455742389e-05
9.872126677687381800e-05
9.867070237919021210e-05
9.862013798150660621e-05
9.856957358382300032e-05
9.851900918613939442e-05
9.846844478845578853e-05
9.841788039077218264e-05
9.836731599308857674e-05
9.831675159540497085e-05
9.826618719772136495e-05
9.821562280003775906e-05
9.816505840235415317e-05
9.811449400467054727e-05
9.806392960698694138e-05
9.801336520930333549e-05
9.796280081161972959e-05
9.794555791019590469e-05
9.796163650503187433e-05
9.797771509986781687e-05
9.799379369470378651e-05
9.800987228953972905e-05
9.802595088437569869e-05
9.804202947921164123e-05
9.805810807404761087e-05
9.807418666888355341e-05
9.809026526371952305e-05
9.810634385855546559e-05
9.812242245339143523e-05
9.813850104822737777e-05
9.815457964306334741e-05
9.817065823789928995e-05
9.818673683273525959e-05
9.820281542757120213e-05
9.823120779159971098e-05
9.827191392482074550e-05
9.831262005804178002e-05
9.835332619126281454e-05
9.839403232448384906e-05
9.843473845770488357e-05
9.847544459092591809e-05
9.851615072414695261e-05
9.855685685736798713e-05
9.859756299058902165e-05
9.863826912381005617e-05
9.867897525703109068e-05
9.871968139025212520e-05
9.876038752347315972e-05
9.880109365669419424e-05
9.884179978991522876e-05
9.888250592313626327e-05
9.885847237291853933e-05
9.876969913926202983e-05
9.868092590560552033e-05
9.859215267194901082e-05
9.850337943829251487e-05
9.841460620463600537e-05
9.832583297097949586e-05
9.823705973732299991e-05
9.814828650366649041e-05
9.805951327000998090e-05
9.797074003635347140e-05
9.788196680269697545e-05
9.779319356904046595e-05
9.770442033538395644e-05
9.761564710172744694e-05
9.752687386807095099e-05
9.743810063441444148e-05
9.747106362402082203e-05
9.750402661362720259e-05
9.753698960323358314e-05
9.756995259283997724e-05
9.760291558244635780e-05
9.763587857205273835e-05
9.766884156165911890e-05
9.770180455126549945e-05
9.773476754087188001e-05
9.776773053047827411e-05
9.780069352008465466e-05
9.783365650969103522e-05
9.786661949929741577e-05
9.789958248890379632e-05
9.793254547851017687e-05
9.796550846811655743e-05
9.801440045807940362e-05
9.807922144839871547e-05
9.814404243871802731e-05
9.820886342903732561e-05
9.827368441935663745e-05
9.833850540967594930e-05
9.840332639999524759e-05
9.846814739031455944e-05
9.853296838063387128e-05
9.859778937095316957e-05
9.866261036127248142e-05
9.872743135159177971e-05
9.879225234191109156e-05
9.885707333223040340e-05
9.892189432254970170e-05
9.898671531286901354e-05
9.905153630318832539e-05
9.904944548335225369e-05
9.898044285336081200e-05
9.891144022336937030e-05
9.884243759337792861e-05
9.877343496338648692e-05
9.870443233339504523e-05
9.863542970340360354e-05
9.856642707341216184e-05
9.849742444342072015e-05
9.842842181342927846e-05
9.835941918343783677e-05
9.829041655344639508e-05
9.822141392345495338e-05
9.815241129346351169e-05
9.808340866347207000e-05
9.801440603348062831e-05
9.794540340348918662e-05
9.794702161159321422e-05
9.794863981969724183e-05
9.795025802780126943e-05
9.795187623590529704e-05
9.795349444400932464e-05
9.795511265211335225e-05
9.795673086021737985e-05
9.795834906832140746e-05
9.795996727642543507e-05
9.796158548452946267e-05
9.796320369263349028e-05
9.796482190073751788e-05
9.796644010884154549e-05
9.796805831694557309e-05
9.796967652504960070e-05
9.797129473315362830e-05
9.795233202248316976e-05
9.791278839303823862e-05
9.787324476359330748e-05
9.783370113414837635e-05
9.779415750470343166e-05
9.775461387525850052e-05
9.771507024581356938e-05
9.767552661636863824e-05
9.763598298692370710e-05
9.759643935747876241e-05
9.755689572803383127e-05
9.751735209858890014e-05
9.747780846914396900e-05
9.743826483969902431e-05
9.739872121025409317e-05
9.735917758080916203e-05
9.731963395136423089e-05
9.734277052962918720e-05
9.742858731560403095e-05
9.751440410157888826e-05
9.760022088755373202e-05
9.768603767352858932e-05
9.777185445950343308e-05
9.785767124547829039e-05
9.794348803145313414e-05
9.802930481742799145e-05
9.811512160340283520e-05
9.820093838937767896e-05
9.828675517535253627e-05
9.837257196132738002e-05
9.845838874730223733e-05
9.854420553327708108e-05
9.863002231925193839e-05
9.871583910522678214e-05
9.873676205021755011e-05
9.869279115422424230e-05
9.864882025823093448e-05
9.860484936223762667e-05
9.856087846624431886e-05
9.851690757025099749e-05
9.847293667425768967e-05
9.842896577826438186e-05
9.838499488227107404e-05
9.834102398627775268e-05
9.829705309028444486e-05
9.825308219429113705e-05
9.820911129829782923e-05
9.816514040230452142e-05
9.812116950631120005e-05
9.807719861031789224e-05
9.803322771432458442e-05
9.806520396851844349e-05
9.809718022271228901e-05
9.812915647690614808e-05
9.816113273109999360e-05
9.819310898529385267e-05
9.822508523948769818e-05
9.825706149368155725e-05
9.828903774787541632e-05
9.832101400206926184e-05
9.835299025626312091e-05
9.838496651045696643e-05
9.841694276465082550e-05
9.844891901884467102e-05
9.848089527303853009e-05
9.851287152723238916e-05
9.854484778142623468e-05
9.855455326341186928e-05
9.854198797318927943e-05
9.852942268296668957e-05
9.851685739274409972e-05
9.850429210252150986e-05
9.849172681229892000e-05
9.847916152207633015e-05
9.846659623185374029e-05
9.845403094163115044e-05
9.844146565140856058e-05
9.842890036118597072e-05
9.841633507096338087e-05
9.840376978074079101e-05
9.839120449051820115e-05
9.837863920029561130e-05
9.836607391007302144e-05
9.835350861985043159e-05
9.833010106870700812e-05
9.829585125664273750e-05
9.826160144457848043e-05
9.822735163251420981e-05
9.819310182044995274e-05
9.815885200838568212e-05
9.812460219632142505e-05
9.809035238425715443e-05
9.805610257219289736e-05
9.802185276012864029e-05
9.798760294806436967e-05
9.795335313600011260e-05
9.791910332393584198e-05
9.788485351187158491e-05
9.785060369980731428e-05
9.781635388774305722e-05
9.778210407567878659e-05
9.780233022463176115e-05
9.787703233460195377e-05
9.795173444457214640e-05
9.802643655454233902e-05
9.810113866451253164e-05
9.817584077448272427e-05
9.825054288445291689e-05
9.832524499442312307e-05
9.839994710439331569e-05
9.847464921436350832e-05
9.854935132433370094e-05
9.862405343430389357e-05
9.869875554427408619e-05
9.877345765424429237e-05
9.884815976421448499e-05
9.892286187418467761e-05
9.899756398415487024e-05
9.897623644777822258e-05
9.895490891140158848e-05
9.893358137502494083e-05
9.891225383864830673e-05
9.889092630227165907e-05
9.886959876589501142e-05
9.884827122951837732e-05
9.882694369314172966e-05
9.880561615676509556e-05
9.878428862038844791e-05
9.876296108401180025e-05
9.874163354763516615e-05
9.872030601125851850e-05
9.869897847488188439e-05
9.867765093850523674e-05
9.865632340212858909e-05
9.864363534127252317e-05
9.863958675593701190e-05
9.863553817060151418e-05
9.863148958526600290e-05
9.862744099993050518e-05
9.862339241459499391e-05
9.861934382925949618e-05
9.861529524392398491e-05
9.861124665858848719e-05
9.860719807325297591e-05
9.860314948791746464e-05
9.859910090258196692e-05
9.859505231724645564e-05
9.859100373191095792e-05
9.858695514657544665e-05
9.858290656123994892e-05
9.857885797590443765e-05
9.857904802008193542e-05
9.858347669377244223e-05
9.858790536746294905e-05
9.859233404115345586e-05
9.859676271484396268e-05
9.860119138853446949e-05
9.860562006222497631e-05
9.861004873591548313e-05
9.861447740960598994e-05
9.861890608329649676e-05
9.862333475698700357e-05
9.862776343067749683e-05
9.863219210436800365e-05
9.863662077805851046e-05
9.864104945174901728e-05
9.864547812543952409e-05
9.864990679913003091e-05
9.864948923252262738e-05
9.864907166591522386e-05
9.864865409930783388e-05
9.864823653270043036e-05
9.864781896609302683e-05
9.864740139948562330e-05
9.864698383287823333e-05
9.864656626627082980e-05
9.864614869966342628e-05
9.864573113305602275e-05
9.864531356644863278e-05
9.864489599984122925e-05
9.864447843323382573e-05
9.864406086662642220e-05
9.864364330001903223e-05
9.864322573341162870e-05
9.861401847423012241e-05
9.855602152247449981e-05
9.849802457071889076e-05
9.844002761896326816e-05
9.838203066720765911e-05
9.832403371545203651e-05
9.826603676369642746e-05
9.820803981194080486e-05
9.815004286018518226e-05
9.809204590842957321e-05
9.803404895667395061e-05
9.797605200491834156e-05
9.791805505316271896e-05
9.786005810140710991e-05
9.780206114965148731e-05
9.774406419789587826e-05
9.768606724614025565e-05
9.769315651255542645e-05
9.776533199714136353e-05
9.783750748172731417e-05
9.790968296631326481e-05
9.798185845089920189e-05
9.805403393548515253e-05
9.812620942007108961e-05
9.819838490465704025e-05
9.827056038924297733e-05
9.834273587382892797e-05
9.841491135841487861e-05
9.848708684300081569e-05
9.855926232758676633e-05
9.863143781217270341e-05
9.870361329675865405e-05
9.877578878134460469e-05
9.884796426593054177e-05
9.887268305768846604e-05
9.884994515661836394e-05
9.882720725554826184e-05
9.880446935447815974e-05
9.878173145340805763e-05
9.875899355233795553e-05
9.873625565126785343e-05
9.871351775019775133e-05
9.869077984912764923e-05
9.866804194805754713e-05
9.864530404698744503e-05
9.862256614591734293e-05
9.859982824484724083e-05
9.857709034377713873e-05
9.855435244270703663e-05
9.853161454163693453e-05
9.850887664056683242e-05
9.851476799137332170e-05
9.852065934217979742e-05
9.852655069298628669e-05
9.853244204379276242e-05
9.853833339459925169e-05
9.854422474540572741e-05
9.855011609621221668e-05
9.855600744701869241e-05
9.856189879782518168e-05
9.856779014863165740e-05
9.857368149943814667e-05
9.857957285024463595e-05
9.858546420105111167e-05
9.859135555185760094e-05
9.859724690266407666e-05
9.860313825347056594e-05
9.858447294460606180e-05
9.854125097607059137e-05
9.849802900753512093e-05
9.845480703899963694e-05
9.841158507046416650e-05
9.836836310192869606e-05
9.832514113339321207e-05
9.828191916485774164e-05
9.823869719632227120e-05
9.819547522778678721e-05
9.815225325925131677e-05
9.810903129071583278e-05
9.806580932218036234e-05
9.802258735364489191e-05
9.797936538510940792e-05
9.793614341657393748e-05
9.789292144803846704e-05
9.788529909523287654e-05
9.791327635815719307e-05
9.794125362108150961e-05
9.796923088400582614e-05
9.799720814693014268e-05
9.802518540985445921e-05
9.805316267277877575e-05
9.808113993570307873e-05
9.810911719862739527e-05
9.813709446155171180e-05
9.816507172447602834e-05
9.819304898740034487e-05
9.822102625032466141e-05
9.824900351324896439e-05
9.827698077617328092e-05
9.830495803909759746e-05
9.833293530202191399e-05
9.834254907154104286e-05
9.835216284106015818e-05
9.836177661057928705e-05
9.837139038009841592e-05
9.838100414961753123e-05
9.839061791913666010e-05
9.840023168865578897e-05
9.840984545817491784e-05
9.841945922769403316e-05
9.842907299721316203e-05
9.843868676673229090e-05
9.844830053625140622e-05
9.845791430577053509e-05
9.846752807528966396e-05
9.847714184480877927e-05
9.848675561432790814e-05
9.849034485094849761e-05
9.848790955467053411e-05
9.848547425839257062e-05
9.848303896211460713e-05
9.848060366583665719e-05
9.847816836955869369e-05
9.847573307328073020e-05
9.847329777700276671e-05
9.847086248072480321e-05
9.846842718444685327e-05
9.846599188816888978e-05
9.846355659189092628e-05
9.846112129561296279e-05
9.845868599933501285e-05
9.845625070305704936e-05
9.845381540677908586e-05
9.845138011050112237e-05
9.844987791659158885e-05
9.844930882505047176e-05
9.844873973350935466e-05
9.844817064196823757e-05
9.844760155042712047e-05
9.844703245888600338e-05
9.844646336734488629e-05
9.844589427580376919e-05
9.844532518426266565e-05
9.844475609272154855e-05
9.844418700118043146e-05
9.844361790963931436e-05
9.844304881809819727e-05
9.844247972655708018e-05
9.844191063501596308e-05
9.844134154347484599e-05
9.844077245193372889e-05
9.843435403935333521e-05
9.842208630573367849e-05
9.840981857211400822e-05
9.839755083849435150e-05
9.838528310487468123e-05
9.837301537125502451e-05
9.836074763763536779e-05
9.834847990401569752e-05
9.833621217039604080e-05
9.832394443677637053e-05
9.831167670315671381e-05
9.829940896953704354e-05
9.828714123591738682e-05
9.827487350229771655e-05
9.826260576867805983e-05
9.825033803505838956e-05
9.823807030143873284e-05
9.827434913914692965e-05
9.831062797685512645e-05
9.834690681456332326e-05
9.838318565227150651e-05
9.841946448997970331e-05
9.845574332768790011e-05
9.849202216539609692e-05
9.852830100310429372e-05
9.856457984081249052e-05
9.860085867852067378e-05
9.863713751622887058e-05
9.867341635393706738e-05
9.870969519164526419e-05
9.874597402935346099e-05
9.878225286706165779e-05
9.881853170476985460e-05
9.883729864635118175e-05
9.883855369180566636e-05
9.883980873726015096e-05
9.884106378271462201e-05
9.884231882816910662e-05
9.884357387362359122e-05
9.884482891907807583e-05
9.884608396453254688e-05
9.884733900998703149e-05
9.884859405544151609e-05
9.884984910089598714e-05
9.885110414635047175e-05
9.885235919180495635e-05
9.885361423725944096e-05
9.885486928271391201e-05
9.885612432816839662e-05
9.885737937362288122e-05
9.885611716073307732e-05
9.885233768949901201e-05
9.884855821826494669e-05
9.884477874703088138e-05
9.884099927579681607e-05
9.883721980456275076e-05
9.883344033332868545e-05
9.882966086209460659e-05
9.882588139086054128e-05
9.882210191962647597e-05
9.881832244839241065e-05
9.881454297715834534e-05
9.881076350592428003e-05
9.880698403469020117e-05
9.880320456345613586e-05
9.879942509222207055e-05
9.879564562098800524e-05
9.877949188190589052e-05
9.876333814282378936e-05
9.874718440374167464e-05
9.873103066465957348e-05
9.871487692557745876e-05
9.869872318649534405e-05
9.868256944741324289e-05
9.866641570833112817e-05
9.865026196924902701e-05
9.863410823016691229e-05
9.861795449108479758e-05
9.860180075200269641e-05
9.858564701292058170e-05
9.856949327383848053e-05
9.855333953475636582e-05
9.853718579567425110e-05
9.855795093761700592e-05
9.861563496058461671e-05
9.867331898355222750e-05
9.873100300651983829e-05
9.878868702948743552e-05
9.884637105245504631e-05
9.890405507542265710e-05
9.896173909839026789e-05
9.901942312135787868e-05
9.907710714432548947e-05
9.913479116729310026e-05
9.919247519026071105e-05
9.925015921322832184e-05
9.930784323619591908e-05
9.936552725916352987e-05
9.942321128213114066e-05
9.948089530509875145e-05
9.949137835516645169e-05
9.945466043233422784e-05
9.941794250950200399e-05
9.938122458666979369e-05
9.934450666383756983e-05
9.930778874100534598e-05
9.927107081817312213e-05
9.923435289534091183e-05
9.919763497250868797e-05
9.916091704967646412e-05
9.912419912684425382e-05
9.908748120401202997e-05
9.905076328117980611e-05
9.901404535834758226e-05
9.897732743551537196e-05
9.894060951268314810e-05
9.890389158985092425e-05
9.887450569882304263e-05
9.885245183959950324e-05
9.883039798037595029e-05
9.880834412115241090e-05
9.878629026192885796e-05
9.876423640270531857e-05
9.874218254348176562e-05
9.872012868425822623e-05
9.869807482503467329e-05
9.867602096581113390e-05
9.865396710658758095e-05
9.863191324736404156e-05
9.860985938814048862e-05
9.858780552891694923e-05
9.856575166969339628e-05
9.854369781046985689e-05
9.852164395124630395e-05
9.856471166839759351e-05
9.860777938554888308e-05
9.865084710270017264e-05
9.869391481985146221e-05
9.873698253700275177e-05
9.878005025415405489e-05
9.882311797130534446e-05
9.886618568845663402e-05
9.890925340560792359e-05
9.895232112275921315e-05
9.899538883991050272e-05
9.903845655706179228e-05
9.908152427421308185e-05
9.912459199136437141e-05
9.916765970851566098e-05
9.921072742566695054e-05
9.922243333118126044e-05
9.920277742505857711e-05
9.918312151893589378e-05
9.916346561281321045e-05
9.914380970669052712e-05
9.912415380056784379e-05
9.910449789444516046e-05
9.908484198832247713e-05
9.906518608219979380e-05
9.904553017607711047e-05
9.902587426995442714e-05
9.900621836383174381e-05
9.898656245770906048e-05
9.896690655158637715e-05
9.894725064546369383e-05
9.892759473934101050e-05
9.890793883321832717e-05
9.890854275089429944e-05
9.892940649236891377e-05
9.895027023384352809e-05
9.897113397531814242e-05
9.899199771679275674e-05
9.901286145826737107e-05
9.903372519974198540e-05
9.905458894121659972e-05
9.907545268269121405e-05
9.909631642416582837e-05
9.911718016564044270e-05
9.913804390711507058e-05
9.915890764858968491e-05
9.917977139006429923e-05
9.920063513153891356e-05
9.922149887301352788e-05
9.924236261448814221e-05
9.921873892435578289e-05
9.919511523422342358e-05
9.917149154409107782e-05
9.914786785395871850e-05
9.912424416382635919e-05
9.910062047369399987e-05
9.907699678356164056e-05
9.905337309342929480e-05
9.902974940329693548e-05
9.900612571316457617e-05
9.898250202303221685e-05
9.895887833289987109e-05
9.893525464276751178e-05
9.891163095263515246e-05
9.888800726250279315e-05
9.886438357237043383e-05
9.885638409944520581e-05
9.886400884372708198e-05
9.887163358800895815e-05
9.887925833229083432e-05
9.888688307657271049e-05
9.889450782085458665e-05
9.890213256513646282e-05
9.890975730941833899e-05
9.891738205370021516e-05
9.892500679798210488e-05
9.893263154226398105e-05
9.894025628654585722e-05
9.894788103082773339e-05
9.895550577510960955e-05
9.896313051939148572e-05
9.897075526367336189e-05
9.897838000795523806e-05
9.898304188969345293e-05
9.898474090888800651e-05
9.898643992808256009e-05
9.898813894727711367e-05
9.898983796647166725e-05
9.899153698566622083e-05
9.899323600486077440e-05
9.899493502405532798e-05
9.899663404324988156e-05
9.899833306244443514e-05
9.900003208163898872e-05
9.900173110083354230e-05
9.900343012002809587e-05
9.900512913922264945e-05
9.900682815841720303e-05
9.900852717761175661e-05
9.901022619680631019e-05
9.899155626523851710e-05
9.895251738290840446e-05
9.891347850057829181e-05
9.887443961824816561e-05
9.883540073591805296e-05
9.879636185358794032e-05
9.875732297125781412e-05
9.871828408892770147e-05
9.867924520659758882e-05
9.864020632426746262e-05
9.860116744193734998e-05
9.856212855960723733e-05
9.852308967727711113e-05
9.848405079494699848e-05
9.844501191261688584e-05
9.840597303028675964e-05
9.836693414795664699e-05
9.839775309361673743e-05
9.842857203927681431e-05
9.845939098493690475e-05
9.849020993059699519e-05
9.852102887625708563e-05
9.855184782191716251e-05
9.858266676757725295e-05
9.861348571323734339e-05
9.864430465889743383e-05
9.867512360455751072e-05
9.870594255021760115e-05
9.873676149587769159e-05
9.876758044153776848e-05
9.879839938719785892e-05
9.882921833285794936e-05
9.886003727851803979e-05
9.888954913290675709e-05
9.891775389602411480e-05
9.894595865914147250e-05
9.897416342225884376e-05
9.900236818537620147e-05
9.903057294849355917e-05
9.905877771161091688e-05
9.908698247472827458e-05
9.911518723784563229e-05
9.914339200096300355e-05
9.917159676408036125e-05
9.919980152719771896e-05
9.922800629031507667e-05
9.925621105343243437e-05
9.928441581654980563e-05
9.931262057966716334e-05
9.934082534278452104e-05
9.934682582229884386e-05
9.933062201821013179e-05
9.931441821412141972e-05
9.929821441003270765e-05
9.928201060594399557e-05
9.926580680185528350e-05
9.924960299776657143e-05
9.923339919367785936e-05
9.921719538958916084e-05
9.920099158550044877e-05
9.918478778141173670e-05
9.916858397732302463e-05
9.915238017323431256e-05
9.913617636914560049e-05
9.911997256505688842e-05
9.910376876096817634e-05
9.908756495687946427e-05
9.907550914329394092e-05
9.906760132021161984e-05
9.905969349712928521e-05
9.905178567404696413e-05
9.904387785096462949e-05
9.903597002788230841e-05
9.902806220479998733e-05
9.902015438171765270e-05
9.901224655863533162e-05
9.900433873555299698e-05
9.899643091247067590e-05
9.898852308938834127e-05
9.898061526630602019e-05
9.897270744322368555e-05
9.896479962014136447e-05
9.895689179705902984e-05
9.894898397397670876e-05
9.894757787092546802e-05
9.894617176787422728e-05
9.894476566482298654e-05
9.894335956177174581e-05
9.894195345872050507e-05
9.894054735566926433e-05
9.893914125261802359e-05
9.893773514956678285e-05
9.893632904651555567e-05
9.893492294346431493e-05
9.893351684041307419e-05
9.893211073736183346e-05
9.893070463431059272e-05
9.892929853125935198e-05
9.892789242820811124e-05
9.892648632515687050e-05
9.892188699383704597e-05
9.891409443424863763e-05
9.890630187466022930e-05
9.889850931507182096e-05
9.889071675548341263e-05
9.888292419589500429e-05
9.887513163630659596e-05
9.886733907671818762e-05
9.885954651712977929e-05
9.885175395754137095e-05
9.884396139795296262e-05
9.883616883836455428e-05
9.882837627877614595e-05
9.882058371918773761e-05
9.881279115959932927e-05
9.880499860001092094e-05
9.879720604042251260e-05
9.880374166220206688e-05
9.882460546534957023e-05
9.884546926849707357e-05
9.886633307164457692e-05
9.888719687479209381e-05
9.890806067793959716e-05
9.892892448108710050e-05
9.894978828423461740e-05
9.897065208738212074e-05
9.899151589052962409e-05
9.901237969367712743e-05
9.903324349682464433e-05
9.905410729997214767e-05
9.907497110311965101e-05
9.909583490626715436e-05
9.911669870941467125e-05
9.913756251256217460e-05
9.916634437993769905e-05
9.919512624731323706e-05
9.922390811468876151e-05
9.925268998206428597e-05
9.928147184943981042e-05
9.931025371681534842e-05
9.933903558419087288e-05
9.936781745156639733e-05
9.939659931894192179e-05
9.942538118631745979e-05
9.945416305369298425e-05
9.948294492106850870e-05
9.951172678844404670e-05
9.954050865581957116e-05
9.956929052319509561e-05
9.959807239057062007e-05
9.963131121060659668e-05
9.966900698330302547e-05
9.970670275599944070e-05
9.974439852869585593e-05
9.978209430139228472e-05
9.981979007408869995e-05
9.985748584678511518e-05
9.989518161948154396e-05
9.993287739217795920e-05
9.997057316487437443e-05
1.000082689375708032e-04
1.000459647102672184e-04
1.000836604829636337e-04
1.001213562556600625e-04
1.001590520283564777e-04
1.001967478010528929e-04
1.002344435737493217e-04
1.002322105591664010e-04
1.001900487573041307e-04
1.001478869554418605e-04
1.001057251535796038e-04
1.000635633517173335e-04
1.000214015498550633e-04
9.997923974799280660e-05
9.993707794613053636e-05
9.989491614426827966e-05
9.985275434240600942e-05
9.981059254054373917e-05
9.976843073868148248e-05
9.972626893681921223e-05
9.968410713495694199e-05
9.964194533309468529e-05
9.959978353123241505e-05
9.955762172937014480e-05
9.951593294611680272e-05
9.947471718147236170e-05
9.943350141682793424e-05
9.939228565218350677e-05
9.935106988753906576e-05
9.930985412289463829e-05
9.926863835825021083e-05
9.922742259360576981e-05
9.918620682896134235e-05
9.914499106431691488e-05
9.910377529967247386e-05
9.906255953502804640e-05
9.902134377038360538e-05
9.898012800573917792e-05
9.893891224109475045e-05
9.889769647645030943e-05
9.885648071180588197e-05
9.890982709534438676e-05
9.896317347888289155e-05
9.901651986242140989e-05
9.906986624595991468e-05
9.912321262949841947e-05
9.917655901303692426e-05
9.922990539657542905e-05
9.928325178011394739e-05
9.933659816365245218e-05
9.938994454719095697e-05
9.944329093072946176e-05
9.949663731426798010e-05
9.954998369780648489e-05
9.960333008134498968e-05
9.965667646488349447e-05
9.971002284842199925e-05
9.973326105857086737e-05
9.972639109533007170e-05
9.971952113208927603e-05
9.971265116884848036e-05
9.970578120560768468e-05
9.969891124236688901e-05
9.969204127912609334e-05
9.968517131588529767e-05
9.967830135264451556e-05
9.967143138940371988e-05
9.966456142616292421e-05
9.965769146292212854e-05
9.965082149968133287e-05
9.964395153644053720e-05
9.963708157319974153e-05
9.963021160995894586e-05
9.962334164671815019e-05
9.961745616660342458e-05
9.961255516961476904e-05
9.960765417262609995e-05
9.960275317563743085e-05
9.959785217864877531e-05
9.959295118166010621e-05
9.958805018467143712e-05
9.958314918768278157e-05
9.957824819069411248e-05
9.957334719370544338e-05
9.956844619671678784e-05
9.956354519972811874e-05
9.955864420273946320e-05
9.955374320575079410e-05
9.954884220876212501e-05
9.954394121177346946e-05
9.953904021478480037e-05
9.954953028452468409e-05
9.956002035426456782e-05
9.957051042400445154e-05
9.958100049374433527e-05
9.959149056348421899e-05
9.960198063322410272e-05
9.961247070296398644e-05
9.962296077270387017e-05
9.963345084244374034e-05
9.964394091218362406e-05
9.965443098192350779e-05
9.966492105166339151e-05
9.967541112140327524e-05
9.968590119114315896e-05
9.969639126088304269e-05
9.970688133062292641e-05
9.973259739678981908e-05
9.977353945938372069e-05
9.981448152197760874e-05
9.985542358457151035e-05
9.989636564716541196e-05
9.993730770975930002e-05
9.997824977235320162e-05
1.000191918349471032e-04
1.000601338975409913e-04
1.001010759601348929e-04
1.001420180227287945e-04
1.001829600853226961e-04
1.002239021479165842e-04
1.002648442105104858e-04
1.003057862731043874e-04
1.003467283356982754e-04
1.003876703982921770e-04
1.003848525639471946e-04
1.003382748326633281e-04
1.002916971013794752e-04
1.002451193700956087e-04
1.001985416388117422e-04
1.001519639075278758e-04
1.001053861762440228e-04
1.000588084449601563e-04
1.000122307136762899e-04
9.996565298239242338e-05
9.991907525110855690e-05
9.987249751982470397e-05
9.982591978854083749e-05
9.977934205725697101e-05
9.973276432597310453e-05
9.968618659468925160e-05
9.963960886340538512e-05
9.963458593166409723e-05
9.967111779946538793e-05
9.970764966726669218e-05
9.974418153506798288e-05
9.978071340286927358e-05
9.981724527067057783e-05
9.985377713847186853e-05
9.989030900627315923e-05
9.992684087407446348e-05
9.996337274187575418e-05
9.999990460967704488e-05
1.000364364774783356e-04
1.000729683452796398e-04
1.001095002130809305e-04
1.001460320808822212e-04
1.001825639486835255e-04
1.002190958164848162e-04
1.001761910374903629e-04
1.001332862584959095e-04
1.000903814795014697e-04
1.000474767005070164e-04
1.000045719215125631e-04
9.996166714251810976e-05
9.991876236352365643e-05
9.987585758452921666e-05
9.983295280553476333e-05
9.979004802654031000e-05
9.974714324754585667e-05
9.970423846855141689e-05
9.966133368955696356e-05
9.961842891056251024e-05
9.957552413156805691e-05
9.953261935257360358e-05
9.952713595916853591e-05
9.955907395135285391e-05
9.959101194353717191e-05
9.962294993572148990e-05
9.965488792790580790e-05
9.968682592009012590e-05
9.971876391227443035e-05
9.975070190445874834e-05
9.978263989664306634e-05
9.981457788882738434e-05
9.984651588101170234e-05
9.987845387319600678e-05
9.991039186538032478e-05
9.994232985756464278e-05
9.997426784974896077e-05
1.000062058419332788e-04
1.000381438341175968e-04
1.000475768072136456e-04
1.000345047612214523e-04
1.000214327152292590e-04
1.000083606692370522e-04
9.999528862324485892e-05
9.998221657725265209e-05
9.996914453126045882e-05
9.995607248526826554e-05
9.994300043927605872e-05
9.992992839328386544e-05
9.991685634729165861e-05
9.990378430129946534e-05
9.989071225530727206e-05
9.987764020931506523e-05
9.986456816332287196e-05
9.985149611733066513e-05
9.983842407133847185e-05
9.981640080490057501e-05
9.979437753846269173e-05
9.977235427202479489e-05
9.975033100558689805e-05
9.972830773914901476e-05
9.970628447271111792e-05
9.968426120627323463e-05
9.966223793983533779e-05
9.964021467339744095e-05
9.961819140695955766e-05
9.959616814052166082e-05
9.957414487408376398e-05
9.955212160764588070e-05
9.953009834120798386e-05
9.950807507477008702e-05
9.948605180833220373e-05
9.950674718105456890e-05
9.957016119293719608e-05
9.963357520481982326e-05
9.969698921670243688e-05
9.976040322858506406e-05
9.982381724046769124e-05
9.988723125235031842e-05
9.995064526423294560e-05
1.000140592761155592e-04
1.000774732879981864e-04
1.001408872998808136e-04
1.002043013117634408e-04
1.002677153236460679e-04
1.003311293355286951e-04
1.003945433474113087e-04
1.004579573592939359e-04
1.005213713711765631e-04
1.005453242833569019e-04
1.005298160958349659e-04
1.005143079083130163e-04
1.004987997207910802e-04
1.004832915332691306e-04
1.004677833457471946e-04
1.004522751582252450e-04
1.004367669707033090e-04
1.004212587831813594e-04
1.004057505956594098e-04
1.003902424081374738e-04
1.003747342206155242e-04
1.003592260330935881e-04
1.003437178455716386e-04
1.003282096580497025e-04
1.003127014705277529e-04
1.002971932830058169e-04
1.002771816939704183e-04
1.002526667034215572e-04
1.002281517128726960e-04
1.002036367223238349e-04
1.001791217317749737e-04
1.001546067412261126e-04
1.001300917506772514e-04
1.001055767601283903e-04
1.000810617695795291e-04
1.000565467790306680e-04
1.000320317884818069e-04
1.000075167979329457e-04
9.998300180738408456e-05
9.995848681683522341e-05
9.993397182628636227e-05
9.990945683573750112e-05
9.988494184518863998e-05
9.990413640803040367e-05
9.992333097087215382e-05
9.994252553371391751e-05
9.996172009655568120e-05
9.998091465939743135e-05
1.000001092222391950e-04
1.000193037850809587e-04
1.000384983479227089e-04
1.000576929107644726e-04
1.000768874736062363e-04
1.000960820364479864e-04
1.001152765992897501e-04
1.001344711621315138e-04
1.001536657249732639e-04
1.001728602878150276e-04
1.001920548506567913e-04
1.001855430866360909e-04
1.001533249957529265e-04
1.001211069048697620e-04
1.000888888139865975e-04
1.000566707231034330e-04
1.000244526322202686e-04
9.999223454133711764e-05
9.996001645045395317e-05
9.992779835957078870e-05
9.989558026868762422e-05
9.986336217780445975e-05
9.983114408692130883e-05
9.979892599603814435e-05
9.976670790515497988e-05
9.973448981427181540e-05
9.970227172338865093e-05
9.967005363250548645e-05
9.968815931950693982e-05
9.975658878439298393e-05
9.982501824927904159e-05
9.989344771416509925e-05
9.996187717905114336e-05
1.000303066439372010e-04
1.000987361088232451e-04
1.001671655737093028e-04
1.002355950385953469e-04
1.003040245034814046e-04
1.003724539683674622e-04
1.004408834332535063e-04
1.005093128981395640e-04
1.005777423630256081e-04
1.006461718279116657e-04
1.007146012927977099e-04
1.007830307576837675e-04
1.007104597075414595e-04
1.006378886573991514e-04
1.005653176072568433e-04
1.004927465571145353e-04
1.004201755069722272e-04
1.003476044568299191e-04
1.002750334066876111e-04
1.002024623565453030e-04
1.001298913064029814e-04
1.000573202562606733e-04
9.998474920611836526e-05
9.991217815597605719e-05
9.983960710583374913e-05
9.976703605569144106e-05
9.969446500554913300e-05
9.962189395540682493e-05
9.961528436915628878e-05
9.967463624679753808e-05
9.973398812443877383e-05
9.979334000208000958e-05
9.985269187972125888e-05
9.991204375736249463e-05
9.997139563500374393e-05
1.000307475126449797e-04
1.000900993902862290e-04
1.001494512679274647e-04
1.002088031455687005e-04
1.002681550232099498e-04
1.003275069008511855e-04
1.003868587784924348e-04
1.004462106561336706e-04
1.005055625337749063e-04
1.005649144114161556e-04
1.005983549509689143e-04
1.006058841524332093e-04
1.006134133538974908e-04
1.006209425553617723e-04
1.006284717568260674e-04
1.006360009582903489e-04
1.006435301597546439e-04
1.006510593612189254e-04
1.006585885626832069e-04
1.006661177641475019e-04
1.006736469656117834e-04
1.006811761670760785e-04
1.006887053685403600e-04
1.006962345700046550e-04
1.007037637714689365e-04
1.007112929729332180e-04
1.007188221743975131e-04
1.007137166957956700e-04
1.006959765371276888e-04
1.006782363784597211e-04
1.006604962197917398e-04
1.006427560611237722e-04
1.006250159024557909e-04
1.006072757437878097e-04
1.005895355851198420e-04
1.005717954264518608e-04
1.005540552677838931e-04
1.005363151091159118e-04
1.005185749504479442e-04
1.005008347917799629e-04
1.004830946331119952e-04
1.004653544744440140e-04
1.004476143157760463e-04
1.004298741571080651e-04
1.004874155704823385e-04
1.005449569838566120e-04
1.006024983972308854e-04
1.006600398106051588e-04
1.007175812239794323e-04
1.007751226373536921e-04
1.008326640507279656e-04
1.008902054641022390e-04
1.009477468774765124e-04
1.010052882908507859e-04
1.010628297042250593e-04
1.011203711175993327e-04
1.011779125309736062e-04
1.012354539443478796e-04
1.012929953577221530e-04
1.013505367710964265e-04
1.013501020230475998e-04
1.012916911135756866e-04
1.012332802041037734e-04
1.011748692946318467e-04
1.011164583851599335e-04
1.010580474756880202e-04
1.009996365662161070e-04
1.009412256567441938e-04
1.008828147472722806e-04
1.008244038378003539e-04
1.007659929283284407e-04
1.007075820188565275e-04
1.006491711093846143e-04
1.005907601999127011e-04
1.005323492904407743e-04
1.004739383809688611e-04
1.004155274714969479e-04
1.003893136265598393e-04
1.003952968461575487e-04
1.004012800657552582e-04
1.004072632853529677e-04
1.004132465049506771e-04
1.004192297245483866e-04
1.004252129441460825e-04
1.004311961637437920e-04
1.004371793833415015e-04
1.004431626029392109e-04
1.004491458225369204e-04
1.004551290421346163e-04
1.004611122617323258e-04
1.004670954813300353e-04
1.004730787009277447e-04
1.004790619205254542e-04
1.004850451401231637e-04
1.005355469406472309e-04
1.006305673220976696e-04
1.007255877035481082e-04
1.008206080849985469e-04
1.009156284664489720e-04
1.010106488478994106e-04
1.011056692293498492e-04
1.012006896108002879e-04
1.012957099922507265e-04
1.013907303737011652e-04
1.014857507551516038e-04
1.015807711366020424e-04
1.016757915180524675e-04
1.017708118995029062e-04
1.018658322809533448e-04
1.019608526624037834e-04
1.020558730438542221e-04
1.020318566461346428e-04
1.020078402484150636e-04
1.019838238506954979e-04
1.019598074529759187e-04
1.019357910552563394e-04
1.019117746575367602e-04
1.018877582598171945e-04
1.018637418620976152e-04
1.018397254643780360e-04
1.018157090666584568e-04
1.017916926689388911e-04
1.017676762712193118e-04
1.017436598734997326e-04
1.017196434757801533e-04
1.016956270780605876e-04
1.016716106803410084e-04
1.016368651938392889e-04
1.015913906185554155e-04
1.015459160432715421e-04
1.015004414679876687e-04
1.014549668927037954e-04
1.014094923174199220e-04
1.013640177421360486e-04
1.013185431668521753e-04
1.012730685915683019e-04
1.012275940162844421e-04
1.011821194410005687e-04
1.011366448657166953e-04
1.010911702904328219e-04
1.010456957151489486e-04
1.010002211398650752e-04
1.009547465645812018e-04
1.009092719892973284e-04
1.009164110052690379e-04
1.009761636124963168e-04
1.010359162197235956e-04
1.010956688269508744e-04
1.011554214341781397e-04
1.012151740414054185e-04
1.012749266486326973e-04
1.013346792558599761e-04
1.013944318630872549e-04
1.014541844703145337e-04
1.015139370775418125e-04
1.015736896847690914e-04
1.016334422919963566e-04
1.016931948992236354e-04
1.017529475064509142e-04
1.018127001136781931e-04
1.018724527209054719e-04
1.019354303785448740e-04
1.019984080361842761e-04
1.020613856938236647e-04
1.021243633514630668e-04
1.021873410091024689e-04
1.022503186667418710e-04
1.023132963243812731e-04
1.023762739820206617e-04
1.024392516396600638e-04
1.025022292972994659e-04
1.025652069549388680e-04
1.026281846125782566e-04
1.026911622702176587e-04
1.027541399278570608e-04
1.028171175854964629e-04
1.028800952431358650e-04
1.029202787607631678e-04
1.029376681383783982e-04
1.029550575159936287e-04
1.029724468936088456e-04
1.029898362712240760e-04
1.030072256488393065e-04
1.030246150264545370e-04
1.030420044040697539e-04
1.030593937816849843e-04
1.030767831593002148e-04
1.030941725369154317e-04
1.031115619145306622e-04
1.031289512921458926e-04
1.031463406697611231e-04
1.031637300473763400e-04
1.031811194249915704e-04
1.031985088026068009e-04
1.032546347128087034e-04
1.033494971555973051e-04
1.034443595983858933e-04
1.035392220411744815e-04
1.036340844839630832e-04
1.037289469267516713e-04
1.038238093695402730e-04
1.039186718123288612e-04
1.040135342551174629e-04
1.041083966979060511e-04
1.042032591406946392e-04
1.042981215834832409e-04
1.043929840262718291e-04
1.044878464690604308e-04
1.045827089118490190e-04
1.046775713546376071e-04
1.047724337974262088e-04
1.048133314532685598e-04
1.048002643221646735e-04
1.047871971910607872e-04
1.047741300599569145e-04
1.047610629288530282e-04
1.047479957977491419e-04
1.047349286666452556e-04
1.047218615355413694e-04
1.047087944044374966e-04
1.046957272733336103e-04
1.046826601422297241e-04
1.046695930111258378e-04
1.046565258800219515e-04
1.046434587489180652e-04
1.046303916178141925e-04
1.046173244867103062e-04
1.046042573556064199e-04
1.046285110154571515e-04
1.046527646753078966e-04
1.046770183351586282e-04
1.047012719950093598e-04
1.047255256548601049e-04
1.047497793147108365e-04
1.047740329745615681e-04
1.047982866344123132e-04
1.048225402942630448e-04
1.048467939541137764e-04
1.048710476139645215e-04
1.048953012738152531e-04
1.049195549336659846e-04
1.049438085935167298e-04
1.049680622533674613e-04
1.049923159132181929e-04
1.050104369798580457e-04
1.050224254532870061e-04
1.050344139267159530e-04
1.050464024001449134e-04
1.050583908735738738e-04
1.050703793470028342e-04
1.050823678204317811e-04
1.050943562938607415e-04
1.051063447672897019e-04
1.051183332407186623e-04
1.051303217141476228e-04
1.051423101875765696e-04
1.051542986610055300e-04
1.051662871344344905e-04
1.051782756078634509e-04
1.051902640812923977e-04
1.052022525547213582e-04
1.052274803276869407e-04
1.052659474001891454e-04
1.053044144726913365e-04
1.053428815451935412e-04
1.053813486176957459e-04
1.054198156901979370e-04
1.054582827627001417e-04
1.054967498352023464e-04
1.055352169077045376e-04
1.055736839802067423e-04
1.056121510527089469e-04
1.056506181252111516e-04
1.056890851977133428e-04
1.057275522702155475e-04
1.057660193427177521e-04
1.058044864152199433e-04
1.058429534877221480e-04
1.058464622253605693e-04
1.058499709629989906e-04
1.058534797006374119e-04
1.058569884382758332e-04
1.058604971759142545e-04
1.058640059135526894e-04
1.058675146511911107e-04
1.058710233888295320e-04
1.058745321264679533e-04
1.058780408641063746e-04
1.058815496017447960e-04
1.058850583393832173e-04
1.058885670770216386e-04
1.058920758146600599e-04
1.058955845522984812e-04
1.058990932899369025e-04
1.059050887668456771e-04
1.059135709830247779e-04
1.059220531992038922e-04
1.059305354153830065e-04
1.059390176315621072e-04
1.059474998477412215e-04
1.059559820639203358e-04
1.059644642800994366e-04
1.059729464962785509e-04
1.059814287124576652e-04
1.059899109286367659e-04
1.059983931448158802e-04
1.060068753609949945e-04
1.060153575771740953e-04
1.060238397933532096e-04
1.060323220095323239e-04
1.060408042257114246e-04
1.060321972417390047e-04
1.060065010576150370e-04
1.059808048734910829e-04
1.059551086893671153e-04
1.059294125052431476e-04
1.059037163211191935e-04
1.058780201369952258e-04
1.058523239528712717e-04
1.058266277687473040e-04
1.058009315846233364e-04
1.057752354004993823e-04
1.057495392163754146e-04
1.057238430322514605e-04
1.056981468481274928e-04
1.056724506640035251e-04
1.056467544798795710e-04
1.056210582957556034e-04
1.056086017562709613e-04
1.056093848614256448e-04
1.056101679665803284e-04
1.056109510717350119e-04
1.056117341768896955e-04
1.056125172820443790e-04
1.056133003871990625e-04
1.056140834923537325e-04
1.056148665975084161e-04
1.056156497026630996e-04
1.056164328078177832e-04
1.056172159129724667e-04
1.056179990181271502e-04
1.056187821232818202e-04
1.056195652284365038e-04
1.056203483335911873e-04
1.056211314387458708e-04
1.055765421691826300e-04
1.055319528996193892e-04
1.054873636300561484e-04
1.054427743604929076e-04
1.053981850909296668e-04
1.053535958213664260e-04
1.053090065518031852e-04
1.052644172822399444e-04
1.052198280126767036e-04
1.051752387431134628e-04
1.051306494735502220e-04
1.050860602039869812e-04
1.050414709344237404e-04
1.049968816648604996e-04
1.049522923952972588e-04
1.049077031257340180e-04
1.048580628075654819e-04
1.048033714407916776e-04
1.047486800740178733e-04
1.046939887072440690e-04
1.046392973404702647e-04
1.045846059736964603e-04
1.045299146069226425e-04
1.044752232401488382e-04
1.044205318733750339e-04
1.043658405066012296e-04
1.043111491398274253e-04
1.042564577730536074e-04
1.042017664062798031e-04
1.041470750395059988e-04
1.040923836727321945e-04
1.040376923059583902e-04
1.039830009391845859e-04
1.039781010246968948e-04
1.040229925624953304e-04
1.040678841002937660e-04
1.041127756380922151e-04
1.041576671758906507e-04
1.042025587136890863e-04
1.042474502514875219e-04
1.042923417892859574e-04
1.043372333270844066e-04
1.043821248648828422e-04
1.044270164026812778e-04
1.044719079404797133e-04
1.045167994782781489e-04
1.045616910160765845e-04
1.046065825538750337e-04
1.046514740916734692e-04
1.046963656294719048e-04
1.046898702432908949e-04
1.046833748571098850e-04
1.046768794709288615e-04
1.046703840847478515e-04
1.046638886985668416e-04
1.046573933123858316e-04
1.046508979262048217e-04
1.046444025400238118e-04
1.046379071538427883e-04
1.046314117676617783e-04
1.046249163814807684e-04
1.046184209952997585e-04
1.046119256091187485e-04
1.046054302229377250e-04
1.045989348367567151e-04
1.045924394505757052e-04
1.045807596086445311e-04
1.045638953109631793e-04
1.045470310132818275e-04
1.045301667156004892e-04
1.045133024179191374e-04
1.044964381202377856e-04
1.044795738225564474e-04
1.044627095248750956e-04
1.044458452271937573e-04
1.044289809295124055e-04
1.044121166318310538e-04
1.043952523341497155e-04
1.043783880364683637e-04
1.043615237387870119e-04
1.043446594411056737e-04
1.043277951434243219e-04
1.043109308457429701e-04
1.042935001331707031e-04
1.042755030057075075e-04
1.042575058782442982e-04
1.042395087507811026e-04
1.042215116233179069e-04
1.042035144958547113e-04
1.041855173683915020e-04
1.041675202409283064e-04
1.041495231134651107e-04
1.041315259860019151e-04
1.041135288585387194e-04
1.040955317310755102e-04
1.040775346036123145e-04
1.040595374761491189e-04
1.040415403486859232e-04
1.040235432212227140e-04
1.040055460937595183e-04
1.040041931162910137e-04
1.040194842888171866e-04
1.040347754613433730e-04
1.040500666338695459e-04
1.040653578063957323e-04
1.040806489789219052e-04
1.040959401514480917e-04
1.041112313239742646e-04
1.041265224965004510e-04
1.041418136690266239e-04
1.041571048415528103e-04
1.041723960140789832e-04
1.041876871866051696e-04
1.042029783591313425e-04
1.042182695316575290e-04
1.042335607041837019e-04
1.042488518767098883e-04
1.042583957052909121e-04
1.042679395338719358e-04
1.042774833624529596e-04
1.042870271910339834e-04
1.042965710196150071e-04
1.043061148481960309e-04
1.043156586767770547e-04
1.043252025053580784e-04
1.043347463339391157e-04
1.043442901625201395e-04
1.043538339911011633e-04
1.043633778196821870e-04
1.043729216482632108e-04
1.043824654768442346e-04
1.043920093054252583e-04
1.044015531340062821e-04
1.043880466992853798e-04
1.043514900012625514e-04
1.043149333032397365e-04
1.042783766052169080e-04
1.042418199071940796e-04
1.042052632091712647e-04
1.041687065111484363e-04
1.041321498131256079e-04
1.040955931151027795e-04
1.040590364170799646e-04
1.040224797190571361e-04
1.039859230210343077e-04
1.039493663230114928e-04
1.039128096249886644e-04
1.038762529269658360e-04
1.038396962289430211e-04
1.038031395309201927e-04
1.038039560675914510e-04
1.038421458389567824e-04
1.038803356103221273e-04
1.039185253816874587e-04
1.039567151530527902e-04
1.039949049244181351e-04
1.040330946957834665e-04
1.040712844671488115e-04
1.041094742385141429e-04
1.041476640098794743e-04
1.041858537812448193e-04
1.042240435526101507e-04
1.042622333239754957e-04
1.043004230953408271e-04
1.043386128667061585e-04
1.043768026380715035e-04
1.044149924094368349e-04
0.000000000000000000e+00
0.000000000000000000e+00
0.000000000000000000e+00
0.000000000000000000e+00
0.000000000000000000e+00
0.000000000000000000e+00
0.000000000000000000e+00
0.000000000000000000e+00
