# L norm_term n1_cmb_term n1_kk_term total
0 0.0000000000e+00 0.0000000000e+00 0.0000000000e+00 0.0000000000e+00
1 0.0000000000e+00 0.0000000000e+00 0.0000000000e+00 0.0000000000e+00
2 -2.8529000963e-09 -4.7592544321e-13 -6.4088838298e-10 -3.4942644047e-09
3 -7.7815238033e-10 -3.7145357160e-12 -6.5509630642e-10 -1.4369632225e-09
4 -3.0269519154e-10 -6.9531459888e-12 -6.6930422985e-10 -9.7895256738e-10
5 -1.4361906426e-10 -1.0191756262e-11 -6.8351215328e-10 -8.3732297380e-10
6 -7.7422215458e-11 -1.3430366534e-11 -6.9772007671e-10 -7.8857265870e-10
7 -4.5635830632e-11 -1.6668976807e-11 -7.1192800014e-10 -7.7423280758e-10
8 -2.8733652528e-11 -1.9907587080e-11 -7.2613592358e-10 -7.7477716318e-10
9 -1.9035909653e-11 -2.3146197353e-11 -7.4034384701e-10 -7.8252595401e-10
10 -1.3128327436e-11 -2.6384807626e-11 -7.5455177044e-10 -7.9406490550e-10
11 -9.3551663547e-12 -2.9623417898e-11 -7.6875969387e-10 -8.0773827812e-10
12 -6.8509125781e-12 -3.2862028171e-11 -7.8296761730e-10 -8.2268055805e-10
13 -5.1333334489e-12 -3.6100638444e-11 -7.9717554073e-10 -8.3840951263e-10
14 -3.9228026038e-12 -3.9339248717e-11 -8.1138346417e-10 -8.5464551549e-10
15 -3.0493266841e-12 -4.2577858990e-11 -8.2559138760e-10 -8.7121857327e-10
16 -2.4057438213e-12 -4.5816469262e-11 -8.3979931103e-10 -8.8802152411e-10
17 -1.9229647467e-12 -4.9055079535e-11 -8.5400723446e-10 -9.0498527874e-10
18 -1.5549319075e-12 -5.2293689808e-11 -8.6821515789e-10 -9.2206377961e-10
19 -1.2705269054e-12 -5.5532300081e-11 -8.8242308133e-10 -9.3922590831e-10
20 -1.0479084088e-12 -5.8770910354e-11 -8.9663100476e-10 -9.5644982352e-10
21 -8.7170046143e-13 -6.2009520626e-11 -9.1083892819e-10 -9.7372014928e-10
22 -7.3065938340e-13 -6.5248130899e-11 -9.2504685162e-10 -9.9102564190e-10
23 -6.1674923951e-13 -6.8486741172e-11 -9.2809818036e-10 -9.9720167077e-10
24 -5.2399643713e-13 -7.1725351445e-11 -9.3114950909e-10 -1.0033988570e-09
25 -4.4781168665e-13 -7.4963961718e-11 -9.3420083782e-10 -1.0096126112e-09
26 -3.8484094127e-13 -7.8202571991e-11 -9.3725216656e-10 -1.0158395795e-09
27 -3.3237553045e-13 -8.1441182263e-11 -9.4030349529e-10 -1.0220770531e-09
28 -2.8843953264e-13 -8.4679792536e-11 -9.4335482403e-10 -1.0283230561e-09
29 -2.5140309597e-13 -8.7918402809e-11 -9.4640615276e-10 -1.0345759587e-09
30 -2.2002133273e-13 -9.1157013082e-11 -9.4945748149e-10 -1.0408345159e-09
31 -1.9330328376e-13 -9.4395623355e-11 -9.5250881023e-10 -1.0470977369e-09
32 -1.7044212371e-13 -9.7634233627e-11 -9.5556013896e-10 -1.0533648147e-09
33 -1.5078968362e-13 -1.0087284390e-10 -9.5861146770e-10 -1.0596351013e-09
34 -1.3383084107e-13 -1.0411145417e-10 -9.6166279643e-10 -1.0659080814e-09
35 -1.1913569298e-13 -1.0735006445e-10 -9.6471412516e-10 -1.0721833253e-09
36 -1.0635971226e-13 -1.1058867472e-10 -9.6776545390e-10 -1.0784604883e-09
37 -9.5210992859e-14 -1.1382728499e-10 -9.7081678263e-10 -1.0847392786e-09
38 -8.5441995607e-14 -1.1706589526e-10 -9.7386811137e-10 -1.0910194486e-09
39 -7.6864697688e-14 -1.2030450554e-10 -9.7691944010e-10 -1.0973008103e-09
40 -6.9309720684e-14 -1.2354311581e-10 -9.7997076884e-10 -1.1035831944e-09
41 -6.2635136953e-14 -1.2678172608e-10 -9.8302209757e-10 -1.1098664588e-09
42 -5.6717392983e-14 -1.3002033636e-10 -9.8607342630e-10 -1.1161504801e-09
43 -5.1463899155e-14 -1.3325894663e-10 -9.8865584990e-10 -1.1219662604e-09
44 -4.6787816081e-14 -1.3649755690e-10 -9.9123827349e-10 -1.1277826182e-09
45 -4.2612208799e-14 -1.3973616717e-10 -9.9382069709e-10 -1.1335994765e-09
46 -3.8877501084e-14 -1.4297477745e-10 -9.9640312068e-10 -1.1394167756e-09
47 -3.5526955517e-14 -1.4621338772e-10 -9.9898554428e-10 -1.1452344590e-09
48 -3.2519291792e-14 -1.4945199799e-10 -1.0015679679e-09 -1.1510524852e-09
49 -2.9811523098e-14 -1.5269060827e-10 -1.0041503915e-09 -1.1568708113e-09
50 -2.7370949197e-14 -1.5592921854e-10 -1.0067328151e-09 -1.1626894045e-09
51 -2.5165141513e-14 -1.5916782881e-10 -1.0093152387e-09 -1.1685082326e-09
52 -2.3169552796e-14 -1.6240643908e-10 -1.0118976623e-09 -1.1743272709e-09
53 -2.1359338384e-14 -1.6564504936e-10 -1.0144800858e-09 -1.1801464945e-09
54 -1.9715953113e-14 -1.6888365963e-10 -1.0170625094e-09 -1.1859658850e-09
55 -1.8221544116e-14 -1.7212226990e-10 -1.0196449330e-09 -1.1917854245e-09
56 -1.6861684763e-14 -1.7536088017e-10 -1.0222273566e-09 -1.1976050985e-09
57 -1.5619960601e-14 -1.7859949045e-10 -1.0248097802e-09 -1.2034248906e-09
58 -1.4485549874e-14 -1.8183810072e-10 -1.0273922038e-09 -1.2092447901e-09
59 -1.3448715211e-14 -1.8507671099e-10 -1.0299746274e-09 -1.2150647871e-09
60 -1.2497805853e-14 -1.8831532127e-10 -1.0325570510e-09 -1.2208848701e-09
61 -1.1627245611e-14 -1.9155393154e-10 -1.0351394746e-09 -1.2267050334e-09
62 -1.0826654324e-14 -1.9479254181e-10 -1.0377218982e-09 -1.2325252667e-09
63 -1.0091866621e-14 -1.9803115208e-10 -1.0406808631e-09 -1.2387221071e-09
64 -9.4144104918e-15 -2.0126976236e-10 -1.0436398280e-09 -1.2449190048e-09
65 -8.7911753580e-15 -2.0450837263e-10 -1.0465987930e-09 -1.2511159568e-09
66 -8.2158385489e-15 -2.0774698290e-10 -1.0495577579e-09 -1.2573129566e-09
67 -7.6847484193e-15 -2.1098559318e-10 -1.0525167228e-09 -1.2635100007e-09
68 -7.1933907537e-15 -2.1422420345e-10 -1.0554756877e-09 -1.2697070846e-09
69 -6.7394083546e-15 -2.1746281372e-10 -1.0584346527e-09 -1.2759042058e-09
70 -6.3184949254e-15 -2.2070142399e-10 -1.0613936176e-09 -1.2821013601e-09
71 -5.9283464405e-15 -2.2394003427e-10 -1.0643525825e-09 -1.2882985451e-09
72 -5.5663639663e-15 -2.2717864454e-10 -1.0673115474e-09 -1.2944957583e-09
73 -5.2301988707e-15 -2.3041725481e-10 -1.0702705124e-09 -1.3006929974e-09
74 -4.9177242440e-15 -2.3365586509e-10 -1.0732294773e-09 -1.3068902601e-09
75 -4.6266285948e-15 -2.3689447536e-10 -1.0761884422e-09 -1.3130875442e-09
76 -4.3559518013e-15 -2.4013308563e-10 -1.0791474071e-09 -1.3192848487e-09
77 -4.1036982807e-15 -2.4337169590e-10 -1.0821063721e-09 -1.3254821717e-09
78 -3.8684219020e-15 -2.4661030618e-10 -1.0850653370e-09 -1.3316795116e-09
79 -3.6488045046e-15 -2.4984891645e-10 -1.0880243019e-09 -1.3378768672e-09
80 -3.4439398597e-15 -2.5308752672e-10 -1.0909832668e-09 -1.3440742375e-09
81 -3.2521276094e-15 -2.5632613699e-10 -1.0939422317e-09 -1.3502716209e-09
82 -3.0729417980e-15 -2.5956474727e-10 -1.0969011967e-09 -1.3564690169e-09
83 -2.9051737544e-15 -2.6280335754e-10 -1.1004602052e-09 -1.3632664679e-09
84 -2.7479862636e-15 -2.6604196781e-10 -1.1040192138e-09 -1.3700639296e-09
85 -2.6006119270e-15 -2.6928057809e-10 -1.1075782224e-09 -1.3768614011e-09
86 -2.4623465328e-15 -2.7251918836e-10 -1.1111372309e-09 -1.3836588816e-09
87 -2.3327515468e-15 -2.7575779863e-10 -1.1146962395e-09 -1.3904563709e-09
88 -2.2110046233e-15 -2.7899640890e-10 -1.1182552481e-09 -1.3972538680e-09
89 -2.0967494763e-15 -2.8223501918e-10 -1.1218142566e-09 -1.4040513725e-09
90 -1.9890961144e-15 -2.8547362945e-10 -1.1253732652e-09 -1.4108488837e-09
91 -1.8879521759e-15 -2.8871223972e-10 -1.1289322738e-09 -1.4176464014e-09
92 -1.7927018074e-15 -2.9195085000e-10 -1.1324912823e-09 -1.4244439250e-09
93 -1.7031086252e-15 -2.9518946027e-10 -1.1360502909e-09 -1.4312414543e-09
94 -1.6186373322e-15 -2.9842807054e-10 -1.1396092994e-09 -1.4380389886e-09
95 -1.5389525328e-15 -3.0166668081e-10 -1.1431683080e-09 -1.4448365278e-09
96 -1.4638817273e-15 -3.0490529109e-10 -1.1467273166e-09 -1.4516340715e-09
97 -1.3928553096e-15 -3.0814390136e-10 -1.1502863251e-09 -1.4584316194e-09
98 -1.3260040193e-15 -3.1138251163e-10 -1.1538453337e-09 -1.4652291713e-09
99 -1.2626847987e-15 -3.1462112191e-10 -1.1574043423e-09 -1.4720267269e-09
100 -1.2029138399e-15 -3.1785973218e-10 -1.1609633508e-09 -1.4788242859e-09
101 -1.1463498563e-15 -3.2109834245e-10 -1.1645223594e-09 -1.4856218482e-09
102 -1.0929022288e-15 -3.2433695272e-10 -1.1680813680e-09 -1.4924194136e-09
103 -1.0422715731e-15 -3.2523439121e-10 -1.1724833800e-09 -1.4977188135e-09
104 -9.9438636047e-16 -3.2613182971e-10 -1.1768853921e-09 -1.5030182162e-09
105 -9.4888733382e-16 -3.2702926820e-10 -1.1812874041e-09 -1.5083176212e-09
106 -9.0588415241e-16 -3.2792670669e-10 -1.1856894162e-09 -1.5136170288e-09
107 -8.6507273111e-16 -3.2882414518e-10 -1.1900914282e-09 -1.5189164385e-09
108 -8.2635090076e-16 -3.2972158367e-10 -1.1944934403e-09 -1.5242158503e-09
109 -7.8962094037e-16 -3.3061902216e-10 -1.1988954524e-09 -1.5295152641e-09
110 -7.5474300809e-16 -3.3151646065e-10 -1.2032974644e-09 -1.5348146798e-09
111 -7.2162579620e-16 -3.3241389914e-10 -1.2076994765e-09 -1.5401140972e-09
112 -6.9015397710e-16 -3.3331133763e-10 -1.2121014885e-09 -1.5454135163e-09
113 -6.6025542350e-16 -3.3420877612e-10 -1.2165035006e-09 -1.5507129370e-09
114 -6.3182098300e-16 -3.3510621461e-10 -1.2209055126e-09 -1.5560123591e-09
115 -6.0478208939e-16 -3.3600365310e-10 -1.2253075247e-09 -1.5613117826e-09
116 -5.7904883678e-16 -3.3690109159e-10 -1.2297095368e-09 -1.5666112074e-09
117 -5.5456164022e-16 -3.3779853008e-10 -1.2341115488e-09 -1.5719106335e-09
118 -5.3124651043e-16 -3.3869596857e-10 -1.2385135609e-09 -1.5772100607e-09
119 -5.0904531641e-16 -3.3959340706e-10 -1.2429155729e-09 -1.5825094890e-09
120 -4.8788730966e-16 -3.4049084556e-10 -1.2473175850e-09 -1.5878089184e-09
121 -4.6772725310e-16 -3.4138828405e-10 -1.2517195970e-09 -1.5931083488e-09
122 -4.4850710821e-16 -3.4228572254e-10 -1.2561216091e-09 -1.5984077801e-09
123 -4.3017734815e-16 -3.4318316103e-10 -1.2617091689e-09 -1.6048927602e-09
124 -4.1269148607e-16 -3.4408059952e-10 -1.2672967288e-09 -1.6113777410e-09
125 -3.9601013344e-16 -3.4497803801e-10 -1.2728842887e-09 -1.6178627227e-09
126 -3.8008302826e-16 -3.4587547650e-10 -1.2784718485e-09 -1.6243477051e-09
127 -3.6488001493e-16 -3.4677291499e-10 -1.2840594084e-09 -1.6308326882e-09
128 -3.5035605398e-16 -3.4767035348e-10 -1.2896469682e-09 -1.6373176721e-09
129 -3.3648472795e-16 -3.4856779197e-10 -1.2952345281e-09 -1.6438026565e-09
130 -3.2322936044e-16 -3.4946523046e-10 -1.3008220879e-09 -1.6502876416e-09
131 -3.1055912710e-16 -3.5036266895e-10 -1.3064096478e-09 -1.6567726273e-09
132 -2.9844507568e-16 -3.5126010744e-10 -1.3119972077e-09 -1.6632576135e-09
133 -2.8686311398e-16 -3.5215754593e-10 -1.3175847675e-09 -1.6697426003e-09
134 -2.7578050396e-16 -3.5305498442e-10 -1.3231723274e-09 -1.6762275876e-09
135 -2.6517622702e-16 -3.5395242292e-10 -1.3287598872e-09 -1.6827125753e-09
136 -2.5502718185e-16 -3.5484986141e-10 -1.3343474471e-09 -1.6891975635e-09
137 -2.4531142594e-16 -3.5574729990e-10 -1.3399350069e-09 -1.6956825521e-09
138 -2.3600829235e-16 -3.5664473839e-10 -1.3455225668e-09 -1.7021675412e-09
139 -2.2709812492e-16 -3.5754217688e-10 -1.3511101266e-09 -1.7086525306e-09
140 -2.1856240803e-16 -3.5843961537e-10 -1.3566976865e-09 -1.7151375204e-09
141 -2.1038088622e-16 -3.5933705386e-10 -1.3622852464e-09 -1.7216225106e-09
142 -2.0254223897e-16 -3.6023449235e-10 -1.3678728062e-09 -1.7281075011e-09
143 -1.9502547124e-16 -3.6113193084e-10 -1.3750758064e-09 -1.7362079322e-09
144 -1.8781824285e-16 -3.6202936933e-10 -1.3822788065e-09 -1.7443083636e-09
145 -1.8090630431e-16 -3.6292680782e-10 -1.3894818066e-09 -1.7524087954e-09
146 -1.7427618988e-16 -3.6382424631e-10 -1.3966848068e-09 -1.7605092274e-09
147 -1.6791291382e-16 -3.6472168480e-10 -1.4038878069e-09 -1.7686096596e-09
148 -1.6180664181e-16 -3.6561912329e-10 -1.4110908070e-09 -1.7767100921e-09
149 -1.5594578792e-16 -3.6651656178e-10 -1.4182938072e-09 -1.7848105249e-09
150 -1.5031724916e-16 -3.6741400028e-10 -1.4254968073e-09 -1.7929109579e-09
151 -1.4491246455e-16 -3.6831143877e-10 -1.4326998075e-09 -1.8010113911e-09
152 -1.3972151289e-16 -3.6920887726e-10 -1.4399028076e-09 -1.8091118246e-09
153 -1.3473309255e-16 -3.7010631575e-10 -1.4471058077e-09 -1.8172122582e-09
154 -1.2994015829e-16 -3.7100375424e-10 -1.4543088079e-09 -1.8253126921e-09
155 -1.2533412976e-16 -3.7190119273e-10 -1.4615118080e-09 -1.8334131261e-09
156 -1.2090366026e-16 -3.7279863122e-10 -1.4687148081e-09 -1.8415135603e-09
157 -1.1664602841e-16 -3.7369606971e-10 -1.4759178083e-09 -1.8496139946e-09
158 -1.1254916195e-16 -3.7459350820e-10 -1.4831208084e-09 -1.8577144292e-09
159 -1.0861077631e-16 -3.7549094669e-10 -1.4903238086e-09 -1.8658148639e-09
160 -1.0481975791e-16 -3.7638838518e-10 -1.4975268087e-09 -1.8739152987e-09
161 -1.0117279257e-16 -3.7728582367e-10 -1.5047298088e-09 -1.8820157337e-09
162 -9.7662491364e-17 -3.7818326216e-10 -1.5119328090e-09 -1.8901161688e-09
163 -9.4284490119e-17 -3.7908070065e-10 -1.5212890630e-09 -1.9003698579e-09
164 -9.1032031793e-17 -3.7997813914e-10 -1.5306453170e-09 -1.9106235471e-09
165 -8.7899941693e-17 -3.8087557764e-10 -1.5400015710e-09 -1.9208772365e-09
166 -8.4883345468e-17 -3.8177301613e-10 -1.5493578250e-09 -1.9311309260e-09
167 -8.1977531957e-17 -3.8267045462e-10 -1.5587140790e-09 -1.9413846156e-09
168 -7.9179197135e-17 -3.8356789311e-10 -1.5680703330e-09 -1.9516383052e-09
169 -7.6482839820e-17 -3.8446533160e-10 -1.5774265870e-09 -1.9618919950e-09
170 -7.3884408760e-17 -3.8536277009e-10 -1.5867828409e-09 -1.9721456849e-09
171 -7.1379984347e-17 -3.8626020858e-10 -1.5961390949e-09 -1.9823993749e-09
172 -6.8965870522e-17 -3.8715764707e-10 -1.6054953489e-09 -1.9926530650e-09
173 -6.6638484256e-17 -3.8805508556e-10 -1.6148516029e-09 -2.0029067551e-09
174 -6.4394444614e-17 -3.8895252405e-10 -1.6242078569e-09 -2.0131604454e-09
175 -6.2230472443e-17 -3.8984996254e-10 -1.6335641109e-09 -2.0234141357e-09
176 -6.0143475920e-17 -3.9074740103e-10 -1.6429203649e-09 -2.0336678261e-09
177 -5.8129570470e-17 -3.9164483952e-10 -1.6522766189e-09 -2.0439215166e-09
178 -5.6187783199e-17 -3.9254227801e-10 -1.6616328729e-09 -2.0541752071e-09
179 -5.4314524770e-17 -3.9343971650e-10 -1.6709891269e-09 -2.0644288977e-09
180 -5.2506414215e-17 -3.9433715500e-10 -1.6803453809e-09 -2.0746825884e-09
181 -5.0762580212e-17 -3.9523459349e-10 -1.6897016349e-09 -2.0849362792e-09
182 -4.9079059310e-17 -3.9613203198e-10 -1.6990578889e-09 -2.0951899700e-09
183 -4.7453597981e-17 -3.9702947047e-10 -1.7111917582e-09 -2.1082212761e-09
184 -4.5885519642e-17 -3.9792690896e-10 -1.7233256275e-09 -2.1212525824e-09
185 -4.4371221096e-17 -3.9882434745e-10 -1.7354594969e-09 -2.1342838887e-09
186 -4.2909437166e-17 -3.9972178594e-10 -1.7475933662e-09 -2.1473151950e-09
187 -4.1498195750e-17 -4.0061922443e-10 -1.7597272355e-09 -2.1603465014e-09
188 -4.0135003495e-17 -4.0151666292e-10 -1.7718611048e-09 -2.1733778079e-09
189 -3.8818722367e-17 -4.0241410141e-10 -1.7839949741e-09 -2.1864091144e-09
190 -3.7547038847e-17 -4.0331153990e-10 -1.7961288435e-09 -2.1994404209e-09
191 -3.6318916931e-17 -4.0420897839e-10 -1.8082627128e-09 -2.2124717275e-09
192 -3.5132211084e-17 -4.0510641688e-10 -1.8203965821e-09 -2.2255030341e-09
193 -3.3985977468e-17 -4.0600385537e-10 -1.8325304514e-09 -2.2385343408e-09
194 -3.2878767790e-17 -4.0690129386e-10 -1.8446643207e-09 -2.2515656475e-09
195 -3.1808093437e-17 -4.0779873236e-10 -1.8567981901e-09 -2.2645969542e-09
196 -3.0774247507e-17 -4.0869617085e-10 -1.8689320594e-09 -2.2776282610e-09
197 -2.9774366023e-17 -4.0959360934e-10 -1.8810659287e-09 -2.2906595678e-09
198 -2.8808268660e-17 -4.1049104783e-10 -1.8931997980e-09 -2.3036908747e-09
199 -2.7874731388e-17 -4.1138848632e-10 -1.9053336673e-09 -2.3167221815e-09
200 -2.6971662801e-17 -4.1228592481e-10 -1.9174675367e-09 -2.3297534884e-09
201 -2.6098872191e-17 -4.1318336330e-10 -1.9296014060e-09 -2.3427847954e-09
202 -2.5254857681e-17 -4.1408080179e-10 -1.9417352753e-09 -2.3558161024e-09
203 -2.4439021180e-17 -4.1452989901e-10 -1.9569818257e-09 -2.3715117492e-09
204 -2.3649970645e-17 -4.1497899623e-10 -1.9722283761e-09 -2.3872073960e-09
205 -2.2886364002e-17 -4.1542809346e-10 -1.9874749265e-09 -2.4029030429e-09
206 -2.2148528988e-17 -4.1587719068e-10 -2.0027214769e-09 -2.4185986898e-09
207 -2.1434393914e-17 -4.1632628790e-10 -2.0179680274e-09 -2.4342943367e-09
208 -2.0743554027e-17 -4.1677538512e-10 -2.0332145778e-09 -2.4499899836e-09
209 -2.0075559581e-17 -4.1722448235e-10 -2.0484611282e-09 -2.4656856306e-09
210 -1.9429288520e-17 -4.1767357957e-10 -2.0637076786e-09 -2.4813812776e-09
211 -1.8803653748e-17 -4.1812267679e-10 -2.0789542290e-09 -2.4970769246e-09
212 -1.8198651940e-17 -4.1857177401e-10 -2.0942007794e-09 -2.5127725716e-09
213 -1.7613238254e-17 -4.1902087124e-10 -2.1094473298e-09 -2.5284682187e-09
214 -1.7046773460e-17 -4.1946996846e-10 -2.1246938802e-09 -2.5441638657e-09
215 -1.6498610593e-17 -4.1991906568e-10 -2.1399404306e-09 -2.5598595128e-09
216 -1.5968157001e-17 -4.2036816290e-10 -2.1551869810e-09 -2.5755551599e-09
217 -1.5454810974e-17 -4.2081726012e-10 -2.1704335315e-09 -2.5912508070e-09
218 -1.4958021891e-17 -4.2126635735e-10 -2.1856800819e-09 -2.6069464542e-09
219 -1.4477230952e-17 -4.2171545457e-10 -2.2009266323e-09 -2.6226421013e-09
220 -1.4011927139e-17 -4.2216455179e-10 -2.2161731827e-09 -2.6383377485e-09
221 -1.3561588992e-17 -4.2261364901e-10 -2.2314197331e-09 -2.6540333957e-09
222 -1.3125493260e-17 -4.2306274624e-10 -2.2466662835e-09 -2.6697290429e-09
223 -1.2703656443e-17 -4.2351184346e-10 -2.2648965957e-09 -2.6884084519e-09
224 -1.2295147322e-17 -4.2396094068e-10 -2.2831269079e-09 -2.7070878609e-09
225 -1.1899988026e-17 -4.2441003790e-10 -2.3013572201e-09 -2.7257672699e-09
226 -1.1517299712e-17 -4.2485913513e-10 -2.3195875323e-09 -2.7444466790e-09
227 -1.1146678006e-17 -4.2530823235e-10 -2.3378178445e-09 -2.7631260880e-09
228 -1.0788174858e-17 -4.2575732957e-10 -2.3560481567e-09 -2.7818054971e-09
229 -1.0440968389e-17 -4.2620642679e-10 -2.3742784689e-09 -2.8004849062e-09
230 -1.0104915866e-17 -4.2665552402e-10 -2.3925087811e-09 -2.8191643153e-09
231 -9.7796468061e-18 -4.2710462124e-10 -2.4107390933e-09 -2.8378437244e-09
232 -9.4648266437e-18 -4.2755371846e-10 -2.4289694055e-09 -2.8565231335e-09
233 -9.1599268090e-18 -4.2800281568e-10 -2.4471997177e-09 -2.8752025426e-09
234 -8.8648282171e-18 -4.2845191290e-10 -2.4654300299e-09 -2.8938819517e-09
235 -8.5790342305e-18 -4.2890101013e-10 -2.4836603421e-09 -2.9125613609e-09
236 -8.3024363851e-18 -4.2935010735e-10 -2.5018906544e-09 -2.9312407700e-09
237 -8.0347302881e-18 -4.2979920457e-10 -2.5201209666e-09 -2.9499201792e-09
238 -7.7754858422e-18 -4.3024830179e-10 -2.5383512788e-09 -2.9685995883e-09
239 -7.5245839078e-18 -4.3069739902e-10 -2.5565815910e-09 -2.9872789975e-09
240 -7.2817691581e-18 -4.3114649624e-10 -2.5748119032e-09 -3.0059584067e-09
241 -7.0464826152e-18 -4.3159559346e-10 -2.5930422154e-09 -3.0246378159e-09
242 -6.8189344286e-18 -4.3204469068e-10 -2.6112725276e-09 -3.0433172251e-09
243 -6.5985864500e-18 -4.3249378791e-10 -2.6315519122e-09 -3.0640457067e-09
244 -6.3852283578e-18 -4.3294288513e-10 -2.6518312969e-09 -3.0847741884e-09
245 -6.1787646636e-18 -4.3339198235e-10 -2.6721106816e-09 -3.1055026701e-09
246 -5.9788609113e-18 -4.3384107957e-10 -2.6923900663e-09 -3.1262311518e-09
247 -5.7854287074e-18 -4.3429017679e-10 -2.7126694509e-09 -3.1469596335e-09
248 -5.5981538764e-18 -4.3473927402e-10 -2.7329488356e-09 -3.1676881152e-09
249 -5.4169537791e-18 -4.3518837124e-10 -2.7532282203e-09 -3.1884165969e-09
250 -5.2415278571e-18 -4.3563746846e-10 -2.7735076049e-09 -3.2091450786e-09
251 -5.0716845843e-18 -4.3608656568e-10 -2.7937869896e-09 -3.2298735604e-09
252 -4.9072593849e-18 -4.3653566291e-10 -2.8140663743e-09 -3.2506020421e-09
253 -4.7481775229e-18 -4.3698476013e-10 -2.8343457589e-09 -3.2713305238e-09
254 -4.5941774273e-18 -4.3743385735e-10 -2.8546251436e-09 -3.2920590056e-09
255 -4.4451917531e-18 -4.3788295457e-10 -2.8749045283e-09 -3.3127874873e-09
256 -4.3009756663e-18 -4.3833205180e-10 -2.8951839130e-09 -3.3335159691e-09
257 -4.1613742775e-18 -4.3878114902e-10 -2.9154632976e-09 -3.3542444508e-09
258 -4.0262556666e-18 -4.3923024624e-10 -2.9357426823e-09 -3.3749729326e-09
259 -3.8955611159e-18 -4.3967934346e-10 -2.9560220670e-09 -3.3957014143e-09
260 -3.7690749758e-18 -4.4012844068e-10 -2.9763014516e-09 -3.4164298961e-09
261 -3.6466610169e-18 -4.4057753791e-10 -2.9965808363e-09 -3.4371583779e-09
262 -3.5282034714e-18 -4.4102663513e-10 -3.0168602210e-09 -3.4578868596e-09
263 -3.4136506558e-18 -4.4147573235e-10 -3.0372275010e-09 -3.4787032368e-09
264 -3.3028125569e-18 -4.4192482957e-10 -3.0575947810e-09 -3.4995196139e-09
265 -3.1955679406e-18 -4.4237392680e-10 -3.0779620610e-09 -3.5203359910e-09
266 -3.0918141857e-18 -4.4282302402e-10 -3.0983293410e-09 -3.5411523682e-09
267 -2.9915061091e-18 -4.4327212124e-10 -3.1186966211e-09 -3.5619687453e-09
268 -2.8944082188e-18 -4.4372121846e-10 -3.1390639011e-09 -3.5827851224e-09
269 -2.8005486002e-18 -4.4417031569e-10 -3.1594311811e-09 -3.6036014996e-09
270 -2.7097688685e-18 -4.4461941291e-10 -3.1797984611e-09 -3.6244178767e-09
271 -2.6219676713e-18 -4.4506851013e-10 -3.2001657411e-09 -3.6452342539e-09
272 -2.5371202924e-18 -4.4551760735e-10 -3.2205330211e-09 -3.6660506310e-09
273 -2.4550105455e-18 -4.4596670457e-10 -3.2409003012e-09 -3.6868670082e-09
274 -2.3756199733e-18 -4.4641580180e-10 -3.2612675812e-09 -3.7076833853e-09
275 -2.2989134875e-18 -4.4686489902e-10 -3.2816348612e-09 -3.7284997625e-09
276 -2.2247583576e-18 -4.4731399624e-10 -3.3020021412e-09 -3.7493161397e-09
277 -2.1530184183e-18 -4.4776309346e-10 -3.3223694212e-09 -3.7701325168e-09
278 -2.0837280385e-18 -4.4821219069e-10 -3.3427367012e-09 -3.7909488940e-09
279 -2.0167534899e-18 -4.4866128791e-10 -3.3631039813e-09 -3.8117652712e-09
280 -1.9520290744e-18 -4.4911038513e-10 -3.3834712613e-09 -3.8325816483e-09
281 -1.8894785944e-18 -4.4955948235e-10 -3.4038385413e-09 -3.8533980255e-09
282 -1.8290404229e-18 -4.5000857958e-10 -3.4242058213e-09 -3.8742144027e-09
283 -1.7706424930e-18 -4.5045767680e-10 -3.4420599936e-09 -3.8925176721e-09
284 -1.7142272094e-18 -4.5090677402e-10 -3.4599141658e-09 -3.9108209416e-09
285 -1.6597263097e-18 -4.5135587124e-10 -3.4777683381e-09 -3.9291242110e-09
286 -1.6070856211e-18 -4.5180496846e-10 -3.4956225103e-09 -3.9474274804e-09
287 -1.5562407224e-18 -4.5225406569e-10 -3.5134766826e-09 -3.9657307498e-09
288 -1.5071405079e-18 -4.5270316291e-10 -3.5313308549e-09 -3.9840340193e-09
289 -1.4597241517e-18 -4.5315226013e-10 -3.5491850271e-09 -4.0023372887e-09
290 -1.4139080978e-18 -4.5360135735e-10 -3.5670391994e-09 -4.0206405582e-09
291 -1.3697071601e-18 -4.5405045458e-10 -3.5848933716e-09 -4.0389438276e-09
292 -1.3270395672e-18 -4.5449955180e-10 -3.6027475439e-09 -4.0572470970e-09
293 -1.2858179077e-18 -4.5494864902e-10 -3.6206017162e-09 -4.0755503665e-09
294 -1.2460667274e-18 -4.5539774624e-10 -3.6384558884e-09 -4.0938536359e-09
295 -1.2076695071e-18 -4.5584684347e-10 -3.6563100607e-09 -4.1121569054e-09
296 -1.1706497121e-18 -4.5629594069e-10 -3.6741642330e-09 -4.1304601748e-09
297 -1.1348974442e-18 -4.5674503791e-10 -3.6920184052e-09 -4.1487634443e-09
298 -1.1004064835e-18 -4.5719413513e-10 -3.7098725775e-09 -4.1670667137e-09
299 -1.0671307851e-18 -4.5764323235e-10 -3.7277267497e-09 -4.1853699832e-09
300 -1.0350079807e-18 -4.5809232958e-10 -3.7455809220e-09 -4.2036732526e-09
301 -1.0040489771e-18 -4.5854142680e-10 -3.7634350943e-09 -4.2219765221e-09
302 -9.7416754090e-19 -4.5899052402e-10 -3.7812892665e-09 -4.2402797915e-09
303 -9.4534937844e-19 -4.5867064647e-10 -3.7943661165e-09 -4.2530367639e-09
304 -9.1756364889e-19 -4.5835076892e-10 -3.8074429664e-09 -4.2657937362e-09
305 -8.9077134631e-19 -4.5803089137e-10 -3.8205198163e-09 -4.2785507086e-09
306 -8.6494380320e-19 -4.5771101381e-10 -3.8335966662e-09 -4.2913076809e-09
307 -8.4002147340e-19 -4.5739113626e-10 -3.8466735162e-09 -4.3040646533e-09
308 -8.1600121624e-19 -4.5707125871e-10 -3.8597503661e-09 -4.3168216256e-09
309 -7.9284804850e-19 -4.5675138116e-10 -3.8728272160e-09 -4.3295785980e-09
310 -7.7053691202e-19 -4.5643150361e-10 -3.8859040660e-09 -4.3423355703e-09
311 -7.4903469561e-19 -4.5611162605e-10 -3.8989809159e-09 -4.3550925427e-09
312 -7.2829800193e-19 -4.5579174850e-10 -3.9120577658e-09 -4.3678495151e-09
313 -7.0831654428e-19 -4.5547187095e-10 -3.9251346158e-09 -4.3806064874e-09
314 -6.8906830224e-19 -4.5515199340e-10 -3.9382114657e-09 -4.3933634598e-09
315 -6.7052387739e-19 -4.5483211585e-10 -3.9512883156e-09 -4.4061204321e-09
316 -6.5264456057e-19 -4.5451223829e-10 -3.9643651656e-09 -4.4188774045e-09
317 -6.3542137434e-19 -4.5419236074e-10 -3.9774420155e-09 -4.4316343769e-09
318 -6.1883531362e-19 -4.5387248319e-10 -3.9905188654e-09 -4.4443913492e-09
319 -6.0285998775e-19 -4.5355260564e-10 -4.0035957154e-09 -4.4571483216e-09
320 -5.8746120455e-19 -4.5323272809e-10 -4.0166725653e-09 -4.4699052940e-09
321 -5.7263139657e-19 -4.5291285053e-10 -4.0297494152e-09 -4.4826622663e-09
322 -5.5835404699e-19 -4.5259297298e-10 -4.0428262652e-09 -4.4954192387e-09
323 -5.4459005900e-19 -4.5227309543e-10 -4.0498814964e-09 -4.5021545923e-09
324 -5.3134024531e-19 -4.5195321788e-10 -4.0569367276e-09 -4.5088899460e-09
325 -5.1858241709e-19 -4.5163334033e-10 -4.0639919588e-09 -4.5156252996e-09
326 -5.0630225458e-19 -4.5131346277e-10 -4.0710471900e-09 -4.5223606533e-09
327 -4.9446460370e-19 -4.5099358522e-10 -4.0781024212e-09 -4.5290960069e-09
328 -4.8307085990e-19 -4.5067370767e-10 -4.0851576524e-09 -4.5358313605e-09
329 -4.7208766006e-19 -4.5035383012e-10 -4.0922128836e-09 -4.5425667142e-09
330 -4.6153025057e-19 -4.5003395256e-10 -4.0992681148e-09 -4.5493020678e-09
331 -4.5135287866e-19 -4.4971407501e-10 -4.1063233460e-09 -4.5560374215e-09
332 -4.4154469311e-19 -4.4939419746e-10 -4.1133785772e-09 -4.5627727751e-09
333 -4.3210180218e-19 -4.4907431991e-10 -4.1204338084e-09 -4.5695081288e-09
334 -4.2301348487e-19 -4.4875444236e-10 -4.1274890396e-09 -4.5762434824e-09
335 -4.1426332732e-19 -4.4843456480e-10 -4.1345442708e-09 -4.5829788360e-09
336 -4.0582926469e-19 -4.4811468725e-10 -4.1415995020e-09 -4.5897141897e-09
337 -3.9769646492e-19 -4.4779480970e-10 -4.1486547332e-09 -4.5964495433e-09
338 -3.8987983794e-19 -4.4747493215e-10 -4.1557099644e-09 -4.6031848970e-09
339 -3.8234111500e-19 -4.4715505460e-10 -4.1627651956e-09 -4.6099202506e-09
340 -3.7507244680e-19 -4.4683517704e-10 -4.1698204269e-09 -4.6166556043e-09
341 -3.6807175465e-19 -4.4651529949e-10 -4.1768756581e-09 -4.6233909579e-09
342 -3.6133136303e-19 -4.4619542194e-10 -4.1839308893e-09 -4.6301263116e-09
343 -3.5483830976e-19 -4.4587554439e-10 -4.1848897442e-09 -4.6307652890e-09
344 -3.4856407377e-19 -4.4555566684e-10 -4.1858485992e-09 -4.6314042664e-09
345 -3.4252906134e-19 -4.4523578928e-10 -4.1868074542e-09 -4.6320432438e-09
346 -3.3670545620e-19 -4.4491591173e-10 -4.1877663091e-09 -4.6326822212e-09
347 -3.3109264285e-19 -4.4459603418e-10 -4.1887251641e-09 -4.6333211986e-09
348 -3.2567446941e-19 -4.4427615663e-10 -4.1896840191e-09 -4.6339601760e-09
349 -3.2045069787e-19 -4.4395627908e-10 -4.1906428740e-09 -4.6345991534e-09
350 -3.1540550905e-19 -4.4363640152e-10 -4.1916017290e-09 -4.6352381308e-09
351 -3.1053858155e-19 -4.4331652397e-10 -4.1925605840e-09 -4.6358771083e-09
352 -3.0583501296e-19 -4.4299664642e-10 -4.1935194389e-09 -4.6365160857e-09
353 -3.0129503369e-19 -4.4267676887e-10 -4.1944782939e-09 -4.6371550631e-09
354 -2.9691394367e-19 -4.4235689132e-10 -4.1954371489e-09 -4.6377940405e-09
355 -2.9267328283e-19 -4.4203701376e-10 -4.1963960038e-09 -4.6384330179e-09
356 -2.8856907536e-19 -4.4171713621e-10 -4.1973548588e-09 -4.6390719953e-09
357 -2.8460230742e-19 -4.4139725866e-10 -4.1983137138e-09 -4.6397109727e-09
358 -2.8076913850e-19 -4.4107738111e-10 -4.1992725687e-09 -4.6403499501e-09
359 -2.7705270556e-19 -4.4075750356e-10 -4.2002314237e-09 -4.6409889275e-09
360 -2.7345882822e-19 -4.4043762600e-10 -4.2011902787e-09 -4.6416279050e-09
361 -2.6997121758e-19 -4.4011774845e-10 -4.2021491336e-09 -4.6422668824e-09
362 -2.6658712192e-19 -4.3979787090e-10 -4.2031079886e-09 -4.6429058598e-09
363 -2.6331708973e-19 -4.3947799335e-10 -4.1992701313e-09 -4.6387481249e-09
364 -2.6013245717e-19 -4.3915811580e-10 -4.1954322739e-09 -4.6345903900e-09
365 -2.5704415024e-19 -4.3883823824e-10 -4.1915944166e-09 -4.6304326551e-09
366 -2.5404977143e-19 -4.3851836069e-10 -4.1877565592e-09 -4.6262749202e-09
367 -2.5113481237e-19 -4.3819848314e-10 -4.1839187019e-09 -4.6221171853e-09
368 -2.4830568561e-19 -4.3787860559e-10 -4.1800808445e-09 -4.6179594504e-09
369 -2.4554835692e-19 -4.3755872804e-10 -4.1762429872e-09 -4.6138017155e-09
370 -2.4286942761e-19 -4.3723885048e-10 -4.1724051299e-09 -4.6096439806e-09
371 -2.4025533651e-19 -4.3691897293e-10 -4.1685672725e-09 -4.6054862457e-09
372 -2.3771277511e-19 -4.3659909538e-10 -4.1647294152e-09 -4.6013285108e-09
373 -2.3522883090e-19 -4.3627921783e-10 -4.1608915578e-09 -4.5971707759e-09
374 -2.3280236171e-19 -4.3595934028e-10 -4.1570537005e-09 -4.5930130410e-09
375 -2.3043671682e-19 -4.3563946272e-10 -4.1532158431e-09 -4.5888553061e-09
376 -2.2813082131e-19 -4.3531958517e-10 -4.1493779858e-09 -4.5846975712e-09
377 -2.2587243820e-19 -4.3499970762e-10 -4.1455401284e-09 -4.5805398363e-09
378 -2.2366203832e-19 -4.3467983007e-10 -4.1417022711e-09 -4.5763821014e-09
379 -2.2150436018e-19 -4.3435995252e-10 -4.1378644137e-09 -4.5722243665e-09
380 -2.1939150964e-19 -4.3404007496e-10 -4.1340265564e-09 -4.5680666316e-09
381 -2.1732766642e-19 -4.3372019741e-10 -4.1301886991e-09 -4.5639088967e-09
382 -2.1530498212e-19 -4.3340031986e-10 -4.1263508417e-09 -4.5597511618e-09
383 -2.1332758164e-19 -4.3308044231e-10 -4.1194823462e-09 -4.5525627887e-09
384 -2.1138775578e-19 -4.3276056476e-10 -4.1126138507e-09 -4.5453744157e-09
385 -2.0948962519e-19 -4.3244068720e-10 -4.1057453553e-09 -4.5381860427e-09
386 -2.0762571631e-19 -4.3212080965e-10 -4.0988768598e-09 -4.5309976696e-09
387 -2.0579296740e-19 -4.3180093210e-10 -4.0920083643e-09 -4.5238092966e-09
388 -2.0399867663e-19 -4.3148105455e-10 -4.0851398688e-09 -4.5166209236e-09
389 -2.0223980299e-19 -4.3116117700e-10 -4.0782713733e-09 -4.5094325505e-09
390 -2.0050193662e-19 -4.3084129944e-10 -4.0714028778e-09 -4.5022441775e-09
391 -1.9879672799e-19 -4.3052142189e-10 -4.0645343823e-09 -4.4950558044e-09
392 -1.9712422533e-19 -4.3020154434e-10 -4.0576658869e-09 -4.4878674314e-09
393 -1.9547459346e-19 -4.2988166679e-10 -4.0507973914e-09 -4.4806790584e-09
394 -1.9384804489e-19 -4.2956178924e-10 -4.0439288959e-09 -4.4734906853e-09
395 -1.9224911390e-19 -4.2924191168e-10 -4.0370604004e-09 -4.4663023123e-09
396 -1.9067097522e-19 -4.2892203413e-10 -4.0301919049e-09 -4.4591139392e-09
397 -1.8911824248e-19 -4.2860215658e-10 -4.0233234094e-09 -4.4519255662e-09
398 -1.8758425503e-19 -4.2828227903e-10 -4.0164549140e-09 -4.4447371932e-09
399 -1.8606678652e-19 -4.2796240147e-10 -4.0095864185e-09 -4.4375488201e-09
400 -1.8457276280e-19 -4.2764252392e-10 -4.0027179230e-09 -4.4303604471e-09
401 -1.8309281050e-19 -4.2732264637e-10 -3.9958494275e-09 -4.4231720741e-09
402 -1.8163402701e-19 -4.2700276882e-10 -3.9889809320e-09 -4.4159837010e-09
403 -1.8018740324e-19 -4.2702466828e-10 -3.9810584331e-09 -4.4080831015e-09
404 -1.7875335545e-19 -4.2704656774e-10 -3.9731359341e-09 -4.4001825020e-09
405 -1.7733661032e-19 -4.2706846721e-10 -3.9652134351e-09 -4.3922819025e-09
406 -1.7593089099e-19 -4.2709036667e-10 -3.9572909362e-09 -4.3843813030e-09
407 -1.7454096745e-19 -4.2711226613e-10 -3.9493684372e-09 -4.3764807035e-09
408 -1.7316069251e-19 -4.2713416559e-10 -3.9414459383e-09 -4.3685801040e-09
409 -1.7178831895e-19 -4.2715606505e-10 -3.9335234393e-09 -4.3606795045e-09
410 -1.7043099570e-19 -4.2717796452e-10 -3.9256009403e-09 -4.3527789050e-09
411 -1.6908049781e-19 -4.2719986398e-10 -3.9176784414e-09 -4.3448783055e-09
412 -1.6773747148e-19 -4.2722176344e-10 -3.9097559424e-09 -4.3369777060e-09
413 -1.6640687650e-19 -4.2724366290e-10 -3.9018334435e-09 -4.3290771065e-09
414 -1.6508291986e-19 -4.2726556236e-10 -3.8939109445e-09 -4.3211765070e-09
415 -1.6376421920e-19 -4.2728746183e-10 -3.8859884455e-09 -4.3132759075e-09
416 -1.6245783208e-19 -4.2730936129e-10 -3.8780659466e-09 -4.3053753080e-09
417 -1.6115602466e-19 -4.2733126075e-10 -3.8701434476e-09 -4.2974747085e-09
418 -1.5986580538e-19 -4.2735316021e-10 -3.8622209486e-09 -4.2895741090e-09
419 -1.5857959360e-19 -4.2737505967e-10 -3.8542984497e-09 -4.2816735095e-09
420 -1.5729812078e-19 -4.2739695914e-10 -3.8463759507e-09 -4.2737729100e-09
421 -1.5602641181e-19 -4.2741885860e-10 -3.8384534518e-09 -4.2658723105e-09
422 -1.5475897528e-19 -4.2744075806e-10 -3.8305309528e-09 -4.2579717110e-09
423 -1.5349472471e-19 -4.2746265752e-10 -3.8229198832e-09 -4.2503825409e-09
424 -1.5224049541e-19 -4.2748455698e-10 -3.8153088135e-09 -4.2427933707e-09
425 -1.5098911053e-19 -4.2750645645e-10 -3.8076977439e-09 -4.2352042005e-09
426 -1.4974134700e-19 -4.2752835591e-10 -3.8000866743e-09 -4.2276150304e-09
427 -1.4850225308e-19 -4.2755025537e-10 -3.7924756047e-09 -4.2200258602e-09
428 -1.4726654495e-19 -4.2757215483e-10 -3.7848645350e-09 -4.2124366900e-09
429 -1.4603330198e-19 -4.2759405429e-10 -3.7772534654e-09 -4.2048475198e-09
430 -1.4480921696e-19 -4.2761595376e-10 -3.7696423958e-09 -4.1972583497e-09
431 -1.4358745724e-19 -4.2763785322e-10 -3.7620313262e-09 -4.1896691795e-09
432 -1.4236879222e-19 -4.2765975268e-10 -3.7544202565e-09 -4.1820800093e-09
433 -1.4115822356e-19 -4.2768165214e-10 -3.7468091869e-09 -4.1744908392e-09
434 -1.3995063849e-19 -4.2770355160e-10 -3.7391981173e-09 -4.1669016690e-09
435 -1.3874528684e-19 -4.2772545107e-10 -3.7315870476e-09 -4.1593124988e-09
436 -1.3754863010e-19 -4.2774735053e-10 -3.7239759780e-09 -4.1517233287e-09
437 -1.3635416554e-19 -4.2776924999e-10 -3.7163649084e-09 -4.1441341585e-09
438 -1.3516264307e-19 -4.2779114945e-10 -3.7087538388e-09 -4.1365449883e-09
439 -1.3397898900e-19 -4.2781304891e-10 -3.7011427691e-09 -4.1289558182e-09
440 -1.3279828730e-19 -4.2783494838e-10 -3.6935316995e-09 -4.1213666480e-09
441 -1.3161985492e-19 -4.2785684784e-10 -3.6859206299e-09 -4.1137774778e-09
442 -1.3044997866e-19 -4.2787874730e-10 -3.6783095602e-09 -4.1061883077e-09
443 -1.2928242082e-19 -4.2790064676e-10 -3.6722712273e-09 -4.1001718742e-09
444 -1.2811792573e-19 -4.2792254623e-10 -3.6662328943e-09 -4.0941554406e-09
445 -1.2695588964e-19 -4.2794444569e-10 -3.6601945613e-09 -4.0881390071e-09
446 -1.2580241477e-19 -4.2796634515e-10 -3.6541562284e-09 -4.0821225736e-09
447 -1.2465147049e-19 -4.2798824461e-10 -3.6481178954e-09 -4.0761061401e-09
448 -1.2350909061e-19 -4.2801014407e-10 -3.6420795624e-09 -4.0700897066e-09
449 -1.2236934240e-19 -4.2803204354e-10 -3.6360412294e-09 -4.0640732731e-09
450 -1.2123279659e-19 -4.2805394300e-10 -3.6300028965e-09 -4.0580568396e-09
451 -1.2009878562e-19 -4.2807584246e-10 -3.6239645635e-09 -4.0520404061e-09
452 -1.1897313022e-19 -4.2809774192e-10 -3.6179262305e-09 -4.0460239726e-09
453 -1.1784485439e-19 -4.2811964138e-10 -3.6118878976e-09 -4.0400075391e-09
454 -1.1673006829e-19 -4.2814154085e-10 -3.6058495646e-09 -4.0339911055e-09
455 -1.1561277968e-19 -4.2816344031e-10 -3.5998112316e-09 -4.0279746720e-09
456 -1.1450384598e-19 -4.2818533977e-10 -3.5937728986e-09 -4.0219582385e-09
457 -1.1339763540e-19 -4.2820723923e-10 -3.5877345657e-09 -4.0159418050e-09
458 -1.1229479137e-19 -4.2822913869e-10 -3.5816962327e-09 -4.0099253715e-09
459 -1.1119978876e-19 -4.2825103816e-10 -3.5756578997e-09 -4.0039089380e-09
460 -1.1010822824e-19 -4.2827293762e-10 -3.5696195668e-09 -3.9978925045e-09
461 -1.0901965644e-19 -4.2829483708e-10 -3.5635812338e-09 -3.9918760710e-09
462 -1.0793954341e-19 -4.2831673654e-10 -3.5575429008e-09 -3.9858596375e-09
463 -1.0685771957e-19 -4.2833863600e-10 -3.5537351418e-09 -3.9820737779e-09
464 -1.0578924287e-19 -4.2836053547e-10 -3.5499273828e-09 -3.9782879183e-09
465 -1.0471924108e-19 -4.2838243493e-10 -3.5461196237e-09 -3.9745020588e-09
466 -1.0365310887e-19 -4.2840433439e-10 -3.5423118647e-09 -3.9707161992e-09
467 -1.0259512150e-19 -4.2842623385e-10 -3.5385041057e-09 -3.9669303397e-09
468 -1.0154575921e-19 -4.2844813331e-10 -3.5346963467e-09 -3.9631444801e-09
469 -1.0049531186e-19 -4.2847003278e-10 -3.5308885877e-09 -3.9593586205e-09
470 -9.9453593278e-20 -4.2849193224e-10 -3.5270808286e-09 -3.9555727610e-09
471 -9.8415581400e-20 -4.2851383170e-10 -3.5232730696e-09 -3.9517869014e-09
472 -9.7381835494e-20 -4.2853573116e-10 -3.5194653106e-09 -3.9480010419e-09
473 -9.6351986012e-20 -4.2855763062e-10 -3.5156575516e-09 -3.9442151823e-09
474 -9.5331015917e-20 -4.2857953009e-10 -3.5118497926e-09 -3.9404293227e-09
475 -9.4314050074e-20 -4.2860142955e-10 -3.5080420335e-09 -3.9366434632e-09
476 -9.3306001056e-20 -4.2862332901e-10 -3.5042342745e-09 -3.9328576036e-09
477 -9.2297743411e-20 -4.2864522847e-10 -3.5004265155e-09 -3.9290717441e-09
478 -9.1298496994e-20 -4.2866712794e-10 -3.4966187565e-09 -3.9252858845e-09
479 -9.0303559293e-20 -4.2868902740e-10 -3.4928109974e-09 -3.9215000249e-09
480 -8.9317661621e-20 -4.2871092686e-10 -3.4890032384e-09 -3.9177141654e-09
481 -8.8331974337e-20 -4.2873282632e-10 -3.4851954794e-09 -3.9139283058e-09
482 -8.7355417919e-20 -4.2875472578e-10 -3.4813877204e-09 -3.9101424463e-09
483 -8.6383435951e-20 -4.2877662525e-10 -3.4802984393e-09 -3.9090750647e-09
484 -8.5420606205e-20 -4.2879852471e-10 -3.4792091583e-09 -3.9080076831e-09
485 -8.4458387173e-20 -4.2882042417e-10 -3.4781198772e-09 -3.9069403015e-09
486 -8.3505403860e-20 -4.2884232363e-10 -3.4770305962e-09 -3.9058729199e-09
487 -8.2557250488e-20 -4.2886422309e-10 -3.4759413152e-09 -3.9048055383e-09
488 -8.1618342159e-20 -4.2888612256e-10 -3.4748520341e-09 -3.9037381567e-09
489 -8.0680424331e-20 -4.2890802202e-10 -3.4737627531e-09 -3.9026707752e-09
490 -7.9751818376e-20 -4.2892992148e-10 -3.4726734720e-09 -3.9016033936e-09
491 -7.8828278835e-20 -4.2895182094e-10 -3.4715841910e-09 -3.9005360120e-09
492 -7.7914051262e-20 -4.2897372040e-10 -3.4704949099e-09 -3.8994686304e-09
493 -7.7001152718e-20 -4.2899561987e-10 -3.4694056289e-09 -3.8984012488e-09
494 -7.6097610153e-20 -4.2901751933e-10 -3.4683163478e-09 -3.8973338672e-09
495 -7.5199304526e-20 -4.2903941879e-10 -3.4672270668e-09 -3.8962664857e-09
496 -7.4310331542e-20 -4.2906131825e-10 -3.4661377857e-09 -3.8951991041e-09
497 -7.3423001586e-20 -4.2908321771e-10 -3.4650485047e-09 -3.8941317225e-09
498 -7.2545051875e-20 -4.2910511718e-10 -3.4639592236e-09 -3.8930643409e-09
499 -7.1672514860e-20 -4.2912701664e-10 -3.4628699426e-09 -3.8919969593e-09
500 -7.0809287061e-20 -4.2914891610e-10 -3.4617806616e-09 -3.8909295777e-09
501 -6.9947923454e-20 -4.2917081556e-10 -3.4606913805e-09 -3.8898621961e-09
502 -6.9095848473e-20 -4.2919271502e-10 -3.4596020995e-09 -3.8887948146e-09
503 -6.8249245571e-20 -4.2982846108e-10 -3.4615117883e-09 -3.8913402494e-09
504 -6.7408449824e-20 -4.3046420714e-10 -3.4634214771e-09 -3.8938856843e-09
505 -6.6576597762e-20 -4.3109995320e-10 -3.4653311660e-09 -3.8964311192e-09
506 -6.5747210662e-20 -4.3173569926e-10 -3.4672408548e-09 -3.8989765541e-09
507 -6.4926774638e-20 -4.3237144532e-10 -3.4691505436e-09 -3.9015219890e-09
508 -6.4115526557e-20 -4.3300719137e-10 -3.4710602324e-09 -3.9040674239e-09
509 -6.3306594497e-20 -4.3364293743e-10 -3.4729699213e-09 -3.9066128588e-09
510 -6.2506847918e-20 -4.3427868349e-10 -3.4748796101e-09 -3.9091582936e-09
511 -6.1709560358e-20 -4.3491442955e-10 -3.4767892989e-09 -3.9117037285e-09
512 -6.0921466587e-20 -4.3555017561e-10 -3.4786989877e-09 -3.9142491634e-09
513 -6.0142235653e-20 -4.3618592167e-10 -3.4806086766e-09 -3.9167945983e-09
514 -5.9365880341e-20 -4.3682166773e-10 -3.4825183654e-09 -3.9193400332e-09
515 -5.8598397383e-20 -4.3745741378e-10 -3.4844280542e-09 -3.9218854681e-09
516 -5.7836961744e-20 -4.3809315984e-10 -3.4863377431e-09 -3.9244309030e-09
517 -5.7081347618e-20 -4.3872890590e-10 -3.4882474319e-09 -3.9269763378e-09
518 -5.6331835264e-20 -4.3936465196e-10 -3.4901571207e-09 -3.9295217727e-09
519 -5.5591137212e-20 -4.4000039802e-10 -3.4920668095e-09 -3.9320672076e-09
520 -5.4856545186e-20 -4.4063614408e-10 -3.4939764984e-09 -3.9346126425e-09
521 -5.4127789136e-20 -4.4127189013e-10 -3.4958861872e-09 -3.9371580774e-09
522 -5.3405198412e-20 -4.4190763619e-10 -3.4977958760e-09 -3.9397035123e-09
523 -5.2691316808e-20 -4.4254338225e-10 -3.5023728056e-09 -3.9449161879e-09
524 -5.1980787205e-20 -4.4317912831e-10 -3.5069497352e-09 -3.9501288636e-09
525 -5.1278957066e-20 -4.4381487437e-10 -3.5115266648e-09 -3.9553415393e-09
526 -5.0583317402e-20 -4.4445062043e-10 -3.5161035944e-09 -3.9605542149e-09
527 -4.9893606403e-20 -4.4508636648e-10 -3.5206805240e-09 -3.9657668906e-09
528 -4.9212924831e-20 -4.4572211254e-10 -3.5252574536e-09 -3.9709795662e-09
529 -4.8538441027e-20 -4.4635785860e-10 -3.5298343832e-09 -3.9761922419e-09
530 -4.7870482497e-20 -4.4699360466e-10 -3.5344113128e-09 -3.9814049175e-09
531 -4.7208878056e-20 -4.4762935072e-10 -3.5389882424e-09 -3.9866175932e-09
532 -4.6553900290e-20 -4.4826509678e-10 -3.5435651720e-09 -3.9918302689e-09
533 -4.5905352978e-20 -4.4890084283e-10 -3.5481421016e-09 -3.9970429445e-09
534 -4.5265980129e-20 -4.4953658889e-10 -3.5527190312e-09 -4.0022556202e-09
535 -4.4633032192e-20 -4.5017233495e-10 -3.5572959608e-09 -4.0074682958e-09
536 -4.4006745344e-20 -4.5080808101e-10 -3.5618728904e-09 -4.0126809715e-09
537 -4.3389354553e-20 -4.5144382707e-10 -3.5664498200e-09 -4.0178936472e-09
538 -4.2776208534e-20 -4.5207957313e-10 -3.5710267496e-09 -4.0231063228e-09
539 -4.2171919311e-20 -4.5271531918e-10 -3.5756036792e-09 -4.0283189985e-09
540 -4.1574295302e-20 -4.5335106524e-10 -3.5801806088e-09 -4.0335316741e-09
541 -4.0983107347e-20 -4.5398681130e-10 -3.5847575384e-09 -4.0387443498e-09
542 -4.0398579203e-20 -4.5462255736e-10 -3.5893344680e-09 -4.0439570254e-09
543 -3.9822770251e-20 -4.5525830342e-10 -3.5962148157e-09 -4.0514731192e-09
544 -3.9251318370e-20 -4.5589404948e-10 -3.6030951634e-09 -4.0589892129e-09
545 -3.8688520392e-20 -4.5652979554e-10 -3.6099755110e-09 -4.0665053066e-09
546 -3.8132299963e-20 -4.5716554159e-10 -3.6168558587e-09 -4.0740214003e-09
547 -3.7584599989e-20 -4.5780128765e-10 -3.6237362064e-09 -4.0815374941e-09
548 -3.7041266034e-20 -4.5843703371e-10 -3.6306165540e-09 -4.0890535878e-09
549 -3.6506385272e-20 -4.5907277977e-10 -3.6374969017e-09 -4.0965696815e-09
550 -3.5975841188e-20 -4.5970852583e-10 -3.6443772494e-09 -4.1040857752e-09
551 -3.5453610142e-20 -4.6034427189e-10 -3.6512575970e-09 -4.1116018689e-09
552 -3.4939744365e-20 -4.6098001794e-10 -3.6581379447e-09 -4.1191179627e-09
553 -3.4430001678e-20 -4.6161576400e-10 -3.6650182923e-09 -4.1266340564e-09
554 -3.3928515716e-20 -4.6225151006e-10 -3.6718986400e-09 -4.1341501501e-09
555 -3.3431153139e-20 -4.6288725612e-10 -3.6787789877e-09 -4.1416662438e-09
556 -3.2941956393e-20 -4.6352300218e-10 -3.6856593353e-09 -4.1491823375e-09
557 -3.2458781175e-20 -4.6415874824e-10 -3.6925396830e-09 -4.1566984313e-09
558 -3.1983623101e-20 -4.6479449429e-10 -3.6994200307e-09 -4.1642145250e-09
559 -3.1512524609e-20 -4.6543024035e-10 -3.7063003783e-09 -4.1717306187e-09
560 -3.1049344537e-20 -4.6606598641e-10 -3.7131807260e-09 -4.1792467124e-09
561 -3.0592005829e-20 -4.6670173247e-10 -3.7200610736e-09 -4.1867628061e-09
562 -3.0140649659e-20 -4.6733747853e-10 -3.7269414213e-09 -4.1942788999e-09
563 -2.9695077343e-20 -4.6797322459e-10 -3.7353442897e-09 -4.2033175143e-09
564 -2.9255408788e-20 -4.6860897064e-10 -3.7437471580e-09 -4.2123561287e-09
565 -2.8823198983e-20 -4.6924471670e-10 -3.7521500263e-09 -4.2213947431e-09
566 -2.8395080206e-20 -4.6988046276e-10 -3.7605528947e-09 -4.2304333575e-09
567 -2.7974311230e-20 -4.7051620882e-10 -3.7689557630e-09 -4.2394719719e-09
568 -2.7559281108e-20 -4.7115195488e-10 -3.7773586314e-09 -4.2485105863e-09
569 -2.7149789310e-20 -4.7178770094e-10 -3.7857614997e-09 -4.2575492007e-09
570 -2.6747601575e-20 -4.7242344700e-10 -3.7941643680e-09 -4.2665878151e-09
571 -2.6349240337e-20 -4.7305919305e-10 -3.8025672364e-09 -4.2756264295e-09
572 -2.5958071619e-20 -4.7369493911e-10 -3.8109701047e-09 -4.2846650439e-09
573 -2.5572263373e-20 -4.7433068517e-10 -3.8193729731e-09 -4.2937036583e-09
574 -2.5191951859e-20 -4.7496643123e-10 -3.8277758414e-09 -4.3027422727e-09
575 -2.4816932390e-20 -4.7560217729e-10 -3.8361787098e-09 -4.3117808871e-09
576 -2.4448822808e-20 -4.7623792335e-10 -3.8445815781e-09 -4.3208195015e-09
577 -2.4084421365e-20 -4.7687366940e-10 -3.8529844464e-09 -4.3298581159e-09
578 -2.3726812534e-20 -4.7750941546e-10 -3.8613873148e-09 -4.3388967303e-09
579 -2.3374314873e-20 -4.7814516152e-10 -3.8697901831e-09 -4.3479353447e-09
580 -2.3027037672e-20 -4.7878090758e-10 -3.8781930515e-09 -4.3569739591e-09
581 -2.2684794680e-20 -4.7941665364e-10 -3.8865959198e-09 -4.3660125735e-09
582 -2.2349087073e-20 -4.8005239970e-10 -3.8949987882e-09 -4.3750511879e-09
583 -2.2016921688e-20 -4.8068814575e-10 -3.9034621827e-09 -4.3841503284e-09
584 -2.1691177336e-20 -4.8132389181e-10 -3.9119255772e-09 -4.3932494690e-09
585 -2.1370282243e-20 -4.8195963787e-10 -3.9203889717e-09 -4.4023486096e-09
586 -2.1054330843e-20 -4.8259538393e-10 -3.9288523662e-09 -4.4114477502e-09
587 -2.0743143835e-20 -4.8323112999e-10 -3.9373157607e-09 -4.4205468907e-09
588 -2.0436799751e-20 -4.8386687605e-10 -3.9457791553e-09 -4.4296460313e-09
589 -2.0136423904e-20 -4.8450262210e-10 -3.9542425498e-09 -4.4387451719e-09
590 -1.9839492324e-20 -4.8513836816e-10 -3.9627059443e-09 -4.4478443125e-09
591 -1.9548411743e-20 -4.8577411422e-10 -3.9711693388e-09 -4.4569434531e-09
592 -1.9261972651e-20 -4.8640986028e-10 -3.9796327333e-09 -4.4660425936e-09
593 -1.8980012164e-20 -4.8704560634e-10 -3.9880961278e-09 -4.4751417342e-09
594 -1.8703799899e-20 -4.8768135240e-10 -3.9965595224e-09 -4.4842408748e-09
595 -1.8430752990e-20 -4.8831709845e-10 -4.0050229169e-09 -4.4933400154e-09
596 -1.8163354493e-20 -4.8895284451e-10 -4.0134863114e-09 -4.5024391559e-09
597 -1.7899055930e-20 -4.8958859057e-10 -4.0219497059e-09 -4.5115382965e-09
598 -1.7640290479e-20 -4.9022433663e-10 -4.0304131004e-09 -4.5206374371e-09
599 -1.7385705538e-20 -4.9086008269e-10 -4.0388764950e-09 -4.5297365777e-09
600 -1.7135384334e-20 -4.9149582875e-10 -4.0473398895e-09 -4.5388357182e-09
601 -1.6890261272e-20 -4.9213157481e-10 -4.0558032840e-09 -4.5479348588e-09
602 -1.6648185482e-20 -4.9276732086e-10 -4.0642666785e-09 -4.5570339994e-09
603 -1.6411212239e-20 -4.9277247930e-10 -4.0717542822e-09 -4.5645267615e-09
604 -1.6178286100e-20 -4.9277763774e-10 -4.0792418859e-09 -4.5720195237e-09
605 -1.5949270272e-20 -4.9278279619e-10 -4.0867294896e-09 -4.5795122858e-09
606 -1.5724203658e-20 -4.9278795463e-10 -4.0942170933e-09 -4.5870050480e-09
607 -1.5502958342e-20 -4.9279311307e-10 -4.1017046970e-09 -4.5944978101e-09
608 -1.5285575099e-20 -4.9279827151e-10 -4.1091923007e-09 -4.6019905722e-09
609 -1.5072941968e-20 -4.9280342995e-10 -4.1166799044e-09 -4.6094833344e-09
610 -1.4863054213e-20 -4.9280858839e-10 -4.1241675081e-09 -4.6169760965e-09
611 -1.4657804328e-20 -4.9281374683e-10 -4.1316551118e-09 -4.6244688587e-09
612 -1.4456210994e-20 -4.9281890527e-10 -4.1391427155e-09 -4.6319616208e-09
613 -1.4258154295e-20 -4.9282406371e-10 -4.1466303192e-09 -4.6394543829e-09
614 -1.4063663007e-20 -4.9282922215e-10 -4.1541179229e-09 -4.6469471451e-09
615 -1.3873569995e-20 -4.9283438059e-10 -4.1616055266e-09 -4.6544399072e-09
616 -1.3686005329e-20 -4.9283953903e-10 -4.1690931303e-09 -4.6619326694e-09
617 -1.3502729347e-20 -4.9284469747e-10 -4.1765807340e-09 -4.6694254315e-09
618 -1.3321910926e-20 -4.9284985591e-10 -4.1840683377e-09 -4.6769181936e-09
619 -1.3145269367e-20 -4.9285501435e-10 -4.1915559414e-09 -4.6844109558e-09
620 -1.2971913541e-20 -4.9286017280e-10 -4.1990435451e-09 -4.6919037179e-09
621 -1.2801730024e-20 -4.9286533124e-10 -4.2065311488e-09 -4.6993964801e-09
622 -1.2635624478e-20 -4.9287048968e-10 -4.2140187525e-09 -4.7068892422e-09
623 -1.2471709853e-20 -4.9287564812e-10 -4.2193574749e-09 -4.7122331230e-09
624 -1.2311766868e-20 -4.9288080656e-10 -4.2246961972e-09 -4.7175770038e-09
625 -1.2153946779e-20 -4.9288596500e-10 -4.2300349195e-09 -4.7229208845e-09
626 -1.1999999601e-20 -4.9289112344e-10 -4.2353736419e-09 -4.7282647653e-09
627 -1.1848931057e-20 -4.9289628188e-10 -4.2407123642e-09 -4.7336086461e-09
628 -1.1700777388e-20 -4.9290144032e-10 -4.2460510865e-09 -4.7389525269e-09
629 -1.1555387936e-20 -4.9290659876e-10 -4.2513898089e-09 -4.7442964077e-09
630 -1.1413604722e-20 -4.9291175720e-10 -4.2567285312e-09 -4.7496402884e-09
631 -1.1273680617e-20 -4.9291691564e-10 -4.2620672536e-09 -4.7549841692e-09
632 -1.1137245370e-20 -4.9292207408e-10 -4.2674059759e-09 -4.7603280500e-09
633 -1.1002591787e-20 -4.9292723252e-10 -4.2727446982e-09 -4.7656719308e-09
634 -1.0871313315e-20 -4.9293239096e-10 -4.2780834206e-09 -4.7710158115e-09
635 -1.0742520825e-20 -4.9293754941e-10 -4.2834221429e-09 -4.7763596923e-09
636 -1.0616219447e-20 -4.9294270785e-10 -4.2887608652e-09 -4.7817035731e-09
637 -1.0492311843e-20 -4.9294786629e-10 -4.2940995876e-09 -4.7870474539e-09
638 -1.0371560916e-20 -4.9295302473e-10 -4.2994383099e-09 -4.7923913346e-09
639 -1.0252363389e-20 -4.9295818317e-10 -4.3047770322e-09 -4.7977352154e-09
640 -1.0136216644e-20 -4.9296334161e-10 -4.3101157546e-09 -4.8030790962e-09
641 -1.0021568055e-20 -4.9296850005e-10 -4.3154544769e-09 -4.8084229770e-09
642 -9.9098775543e-21 -4.9297365849e-10 -4.3207931993e-09 -4.8137668578e-09
643 -9.8003235031e-21 -4.9297881693e-10 -4.3232323229e-09 -4.8162111398e-09
644 -9.6929137801e-21 -4.9298397537e-10 -4.3256714466e-09 -4.8186554219e-09
645 -9.5875580013e-21 -4.9298913381e-10 -4.3281105702e-09 -4.8210997040e-09
646 -9.4849641429e-21 -4.9299429225e-10 -4.3305496939e-09 -4.8235439861e-09
647 -9.3836434551e-21 -4.9299945069e-10 -4.3329888175e-09 -4.8259882682e-09
648 -9.2843196126e-21 -4.9300460913e-10 -4.3354279412e-09 -4.8284325503e-09
649 -9.1875707768e-21 -4.9300976757e-10 -4.3378670648e-09 -4.8308768324e-09
650 -9.0927314085e-21 -4.9301492602e-10 -4.3403061885e-09 -4.8333211145e-09
651 -8.9996957808e-21 -4.9302008446e-10 -4.3427453121e-09 -4.8357653966e-09
652 -8.9084790498e-21 -4.9302524290e-10 -4.3451844358e-09 -4.8382096787e-09
653 -8.8190146683e-21 -4.9303040134e-10 -4.3476235594e-09 -4.8406539608e-09
654 -8.7312976697e-21 -4.9303555978e-10 -4.3500626831e-09 -4.8430982428e-09
655 -8.6452650141e-21 -4.9304071822e-10 -4.3525018067e-09 -4.8455425249e-09
656 -8.5615587484e-21 -4.9304587666e-10 -4.3549409304e-09 -4.8479868070e-09
657 -8.4788168661e-21 -4.9305103510e-10 -4.3573800540e-09 -4.8504310891e-09
658 -8.3983241344e-21 -4.9305619354e-10 -4.3598191777e-09 -4.8528753712e-09
659 -8.3187334561e-21 -4.9306135198e-10 -4.3622583013e-09 -4.8553196533e-09
660 -8.2413077779e-21 -4.9306651042e-10 -4.3646974250e-09 -4.8577639354e-09
661 -8.1653544371e-21 -4.9307166886e-10 -4.3671365486e-09 -4.8602082175e-09
662 -8.0908699151e-21 -4.9307682730e-10 -4.3695756723e-09 -4.8626524996e-09
663 -8.0177824249e-21 -4.9308198574e-10 -4.3688512715e-09 -4.8619332573e-09
664 -7.9467031804e-21 -4.9308714418e-10 -4.3681268708e-09 -4.8612140150e-09
665 -7.8763486670e-21 -4.9309230263e-10 -4.3674024701e-09 -4.8604947728e-09
666 -7.8079350623e-21 -4.9309746107e-10 -4.3666780694e-09 -4.8597755305e-09
667 -7.7401930123e-21 -4.9310261951e-10 -4.3659536687e-09 -4.8590562882e-09
668 -7.6743151282e-21 -4.9310777795e-10 -4.3652292680e-09 -4.8583370460e-09
669 -7.6096495275e-21 -4.9311293639e-10 -4.3645048673e-09 -4.8576178037e-09
670 -7.5461982635e-21 -4.9311809483e-10 -4.3637804666e-09 -4.8568985614e-09
671 -7.4838972842e-21 -4.9312325327e-10 -4.3630560659e-09 -4.8561793192e-09
672 -7.4227486378e-21 -4.9312841171e-10 -4.3623316652e-09 -4.8554600769e-09
673 -7.3626976284e-21 -4.9313357015e-10 -4.3616072645e-09 -4.8547408346e-09
674 -7.3037564421e-21 -4.9313872859e-10 -4.3608828638e-09 -4.8540215924e-09
675 -7.2464243239e-21 -4.9314388703e-10 -4.3601584631e-09 -4.8533023501e-09
676 -7.1895731242e-21 -4.9314904547e-10 -4.3594340624e-09 -4.8525831078e-09
677 -7.1342660387e-21 -4.9315420391e-10 -4.3587096616e-09 -4.8518638656e-09
678 -7.0799528631e-21 -4.9315936235e-10 -4.3579852609e-09 -4.8511446233e-09
679 -7.0260052435e-21 -4.9316452079e-10 -4.3572608602e-09 -4.8504253810e-09
680 -6.9735554610e-21 -4.9316967923e-10 -4.3565364595e-09 -4.8497061388e-09
681 -6.9219913580e-21 -4.9317483768e-10 -4.3558120588e-09 -4.8489868965e-09
682 -6.8718663970e-21 -4.9317999612e-10 -4.3550876581e-09 -4.8482676542e-09
683 -6.8220280907e-21 -4.9318515456e-10 -4.3514948377e-09 -4.8446799923e-09
684 -6.7730376023e-21 -4.9319031300e-10 -4.3479020174e-09 -4.8410923304e-09
685 -6.7253764966e-21 -4.9319547144e-10 -4.3443091970e-09 -4.8375046685e-09
686 -6.6779735530e-21 -4.9320062988e-10 -4.3407163767e-09 -4.8339170066e-09
687 -6.6318525268e-21 -4.9320578832e-10 -4.3371235563e-09 -4.8303293447e-09
688 -6.5859534097e-21 -4.9321094676e-10 -4.3335307360e-09 -4.8267416827e-09
689 -6.5412853431e-21 -4.9321610520e-10 -4.3299379156e-09 -4.8231540208e-09
690 -6.4973269416e-21 -4.9322126364e-10 -4.3263450953e-09 -4.8195663589e-09
691 -6.4540257692e-21 -4.9322642208e-10 -4.3227522749e-09 -4.8159786970e-09
692 -6.4113937372e-21 -4.9323158052e-10 -4.3191594545e-09 -4.8123910351e-09
693 -6.3699048959e-21 -4.9323673896e-10 -4.3155666342e-09 -4.8088033732e-09
694 -6.3285293638e-21 -4.9324189740e-10 -4.3119738138e-09 -4.8052157112e-09
695 -6.2877312397e-21 -4.9324705584e-10 -4.3083809935e-09 -4.8016280493e-09
696 -6.2480365849e-21 -4.9325221429e-10 -4.3047881731e-09 -4.7980403874e-09
697 -6.2083744518e-21 -4.9325737273e-10 -4.3011953528e-09 -4.7944527255e-09
698 -6.1697747038e-21 -4.9326253117e-10 -4.2976025324e-09 -4.7908650636e-09
699 -6.1316828629e-21 -4.9326768961e-10 -4.2940097120e-09 -4.7872774017e-09
700 -6.0941053457e-21 -4.9327284805e-10 -4.2904168917e-09 -4.7836897397e-09
701 -6.0569902341e-21 -4.9327800649e-10 -4.2868240713e-09 -4.7801020778e-09
702 -6.0203521812e-21 -4.9328316493e-10 -4.2832312510e-09 -4.7765144159e-09
703 -5.9841388906e-21 -4.9142257677e-10 -4.2773605876e-09 -4.7687831644e-09
704 -5.9483684690e-21 -4.8956198861e-10 -4.2714899242e-09 -4.7610519128e-09
705 -5.9134852423e-21 -4.8770140044e-10 -4.2656192608e-09 -4.7533206613e-09
706 -5.8785100058e-21 -4.8584081228e-10 -4.2597485974e-09 -4.7455894097e-09
707 -5.8438959834e-21 -4.8398022412e-10 -4.2538779341e-09 -4.7378581582e-09
708 -5.8101443479e-21 -4.8211963596e-10 -4.2480072707e-09 -4.7301269066e-09
709 -5.7767179961e-21 -4.8025904780e-10 -4.2421366073e-09 -4.7223956551e-09
710 -5.7436388830e-21 -4.7839845964e-10 -4.2362659439e-09 -4.7146644036e-09
711 -5.7103815842e-21 -4.7653787147e-10 -4.2303952805e-09 -4.7069331520e-09
712 -5.6779198837e-21 -4.7467728331e-10 -4.2245246171e-09 -4.6992019005e-09
713 -5.6457285786e-21 -4.7281669515e-10 -4.2186539538e-09 -4.6914706489e-09
714 -5.6143013324e-21 -4.7095610699e-10 -4.2127832904e-09 -4.6837393974e-09
715 -5.5826389791e-21 -4.6909551883e-10 -4.2069126270e-09 -4.6760081458e-09
716 -5.5512262848e-21 -4.6723493067e-10 -4.2010419636e-09 -4.6682768943e-09
717 -5.5200367164e-21 -4.6537434250e-10 -4.1951713002e-09 -4.6605456427e-09
718 -5.4895454030e-21 -4.6351375434e-10 -4.1893006368e-09 -4.6528143912e-09
719 -5.4592469472e-21 -4.6165316618e-10 -4.1834299735e-09 -4.6450831397e-09
720 -5.4286809291e-21 -4.5979257802e-10 -4.1775593101e-09 -4.6373518881e-09
721 -5.3987617015e-21 -4.5793198986e-10 -4.1716886467e-09 -4.6296206366e-09
722 -5.3690212595e-21 -4.5607140170e-10 -4.1658179833e-09 -4.6218893850e-09
723 -5.3394395545e-21 -4.5421081353e-10 -4.1586441361e-09 -4.6128549496e-09
724 -5.3100176415e-21 -4.5235022537e-10 -4.1514702888e-09 -4.6038205142e-09
725 -5.2807346377e-21 -4.5048963721e-10 -4.1442964416e-09 -4.5947860788e-09
726 -5.2515971180e-21 -4.4862904905e-10 -4.1371225944e-09 -4.5857516434e-09
727 -5.2225757992e-21 -4.4676846089e-10 -4.1299487471e-09 -4.5767172080e-09
728 -5.1937269331e-21 -4.4490787273e-10 -4.1227748999e-09 -4.5676827726e-09
729 -5.1655220629e-21 -4.4304728456e-10 -4.1156010527e-09 -4.5586483372e-09
730 -5.1370816173e-21 -4.4118669640e-10 -4.1084272054e-09 -4.5496139019e-09
731 -5.1093093205e-21 -4.3932610824e-10 -4.1012533582e-09 -4.5405794665e-09
732 -5.0813181538e-21 -4.3746552008e-10 -4.0940795110e-09 -4.5315450311e-09
733 -5.0539961476e-21 -4.3560493192e-10 -4.0869056637e-09 -4.5225105957e-09
734 -5.0269096764e-21 -4.3374434376e-10 -4.0797318165e-09 -4.5134761603e-09
735 -4.9996044779e-21 -4.3188375559e-10 -4.0725579693e-09 -4.5044417249e-09
736 -4.9729794263e-21 -4.3002316743e-10 -4.0653841220e-09 -4.4954072895e-09
737 -4.9465723507e-21 -4.2816257927e-10 -4.0582102748e-09 -4.4863728541e-09
738 -4.9203955005e-21 -4.2630199111e-10 -4.0510364276e-09 -4.4773384187e-09
739 -4.8948698822e-21 -4.2444140295e-10 -4.0438625803e-09 -4.4683039833e-09
740 -4.8691305716e-21 -4.2258081479e-10 -4.0366887331e-09 -4.4592695479e-09
741 -4.8435993112e-21 -4.2072022662e-10 -4.0295148859e-09 -4.4502351125e-09
742 -4.8182834146e-21 -4.1885963846e-10 -4.0223410386e-09 -4.4412006771e-09
743 -4.7936026113e-21 -4.1699905030e-10 -4.0148982729e-09 -4.4318973232e-09
744 -4.7686927485e-21 -4.1513846214e-10 -4.0074555072e-09 -4.4225939693e-09
745 -4.7444045012e-21 -4.1327787398e-10 -4.0000127414e-09 -4.4132906154e-09
746 -4.7203097394e-21 -4.1141728582e-10 -3.9925699757e-09 -4.4039872615e-09
747 -4.6959663557e-21 -4.0955669765e-10 -3.9851272100e-09 -4.3946839076e-09
748 -4.6722349507e-21 -4.0769610949e-10 -3.9776844442e-09 -4.3853805537e-09
749 -4.6486716702e-21 -4.0583552133e-10 -3.9702416785e-09 -4.3760771998e-09
750 -4.6252767529e-21 -4.0397493317e-10 -3.9627989128e-09 -4.3667738460e-09
751 -4.6020350230e-21 -4.0211434501e-10 -3.9553561470e-09 -4.3574704921e-09
752 -4.5789490167e-21 -4.0025375685e-10 -3.9479133813e-09 -4.3481671382e-09
753 -4.5560035008e-21 -3.9839316868e-10 -3.9404706156e-09 -4.3388637843e-09
754 -4.5331992275e-21 -3.9653258052e-10 -3.9330278498e-09 -4.3295604304e-09
755 -4.5109427405e-21 -3.9467199236e-10 -3.9255850841e-09 -4.3202570765e-09
756 -4.4883964255e-21 -3.9281140420e-10 -3.9181423184e-09 -4.3109537226e-09
757 -4.4659682814e-21 -3.9095081604e-10 -3.9106995527e-09 -4.3016503687e-09
758 -4.4440718634e-21 -3.8909022787e-10 -3.9032567869e-09 -4.2923470148e-09
759 -4.4218722657e-21 -3.8722963971e-10 -3.8958140212e-09 -4.2830436609e-09
760 -4.4001932621e-21 -3.8536905155e-10 -3.8883712555e-09 -4.2737403070e-09
761 -4.3786067831e-21 -3.8350846339e-10 -3.8809284897e-09 -4.2644369531e-09
762 -4.3567027749e-21 -3.8164787523e-10 -3.8734857240e-09 -4.2551335992e-09
763 -4.3352931071e-21 -3.7978728707e-10 -3.8669385245e-09 -4.2467258115e-09
764 -4.3139639561e-21 -3.7792669890e-10 -3.8603913249e-09 -4.2383180239e-09
765 -4.2927085091e-21 -3.7606611074e-10 -3.8538441254e-09 -4.2299102362e-09
766 -4.2715254997e-21 -3.7420552258e-10 -3.8472969259e-09 -4.2215024485e-09
767 -4.2504064352e-21 -3.7234493442e-10 -3.8407497264e-09 -4.2130946608e-09
768 -4.2293509958e-21 -3.7048434626e-10 -3.8342025269e-09 -4.2046868731e-09
769 -4.2083505026e-21 -3.6862375810e-10 -3.8276553273e-09 -4.1962790854e-09
770 -4.1878019361e-21 -3.6676316993e-10 -3.8211081278e-09 -4.1878712977e-09
771 -4.1668998075e-21 -3.6490258177e-10 -3.8145609283e-09 -4.1794635101e-09
772 -4.1460418655e-21 -3.6304199361e-10 -3.8080137288e-09 -4.1710557224e-09
773 -4.1256172861e-21 -3.6118140545e-10 -3.8014665292e-09 -4.1626479347e-09
774 -4.1048317691e-21 -3.5932081729e-10 -3.7949193297e-09 -4.1542401470e-09
775 -4.0844697421e-21 -3.5746022913e-10 -3.7883721302e-09 -4.1458323593e-09
776 -4.0641331637e-21 -3.5559964096e-10 -3.7818249307e-09 -4.1374245716e-09
777 -4.0434256301e-21 -3.5373905280e-10 -3.7752777312e-09 -4.1290167840e-09
778 -4.0231281429e-21 -3.5187846464e-10 -3.7687305316e-09 -4.1206089963e-09
779 -4.0028447366e-21 -3.5001787648e-10 -3.7621833321e-09 -4.1122012086e-09
780 -3.9825733423e-21 -3.4815728832e-10 -3.7556361326e-09 -4.1037934209e-09
781 -3.9623086688e-21 -3.4629670016e-10 -3.7490889331e-09 -4.0953856332e-09
782 -3.9420484049e-21 -3.4443611199e-10 -3.7425417335e-09 -4.0869778455e-09
783 -3.9217924657e-21 -3.4257552383e-10 -3.7370441723e-09 -4.0796196961e-09
784 -3.9015348466e-21 -3.4071493567e-10 -3.7315466110e-09 -4.0722615467e-09
785 -3.8812762961e-21 -3.3885434751e-10 -3.7260490498e-09 -4.0649033973e-09
786 -3.8610107330e-21 -3.3699375935e-10 -3.7205514885e-09 -4.0575452479e-09
787 -3.8411154111e-21 -3.3513317119e-10 -3.7150539273e-09 -4.0501870984e-09
788 -3.8208276945e-21 -3.3327258302e-10 -3.7095563660e-09 -4.0428289490e-09
789 -3.8009042869e-21 -3.3141199486e-10 -3.7040588047e-09 -4.0354707996e-09
790 -3.7805863128e-21 -3.2955140670e-10 -3.6985612435e-09 -4.0281126502e-09
791 -3.7606248478e-21 -3.2769081854e-10 -3.6930636822e-09 -4.0207545008e-09
792 -3.7402690264e-21 -3.2583023038e-10 -3.6875661210e-09 -4.0133963514e-09
793 -3.7202632644e-21 -3.2396964222e-10 -3.6820685597e-09 -4.0060382019e-09
794 -3.7002322205e-21 -3.2210905405e-10 -3.6765709985e-09 -3.9986800525e-09
795 -3.6798053849e-21 -3.2024846589e-10 -3.6710734372e-09 -3.9913219031e-09
796 -3.6598284122e-21 -3.1838787773e-10 -3.6655758759e-09 -3.9839637537e-09
797 -3.6396764948e-21 -3.1652728957e-10 -3.6600783147e-09 -3.9766056043e-09
798 -3.6194911179e-21 -3.1466670141e-10 -3.6545807534e-09 -3.9692474548e-09
799 -3.5993492385e-21 -3.1280611325e-10 -3.6490831922e-09 -3.9618893054e-09
800 -3.5791331082e-21 -3.1094552508e-10 -3.6435856309e-09 -3.9545311560e-09
801 -3.5589178314e-21 -3.0908493692e-10 -3.6380880696e-09 -3.9471730066e-09
802 -3.5386985482e-21 -3.0722434876e-10 -3.6325905084e-09 -3.9398148572e-09
803 -3.5184748307e-21 -3.0686574236e-10 -3.6291156723e-09 -3.9359814147e-09
804 -3.4981721432e-21 -3.0650713595e-10 -3.6256408363e-09 -3.9321479722e-09
805 -3.4778989608e-21 -3.0614852955e-10 -3.6221660002e-09 -3.9283145298e-09
806 -3.4575818580e-21 -3.0578992315e-10 -3.6186911641e-09 -3.9244810873e-09
807 -3.4372201854e-21 -3.0543131675e-10 -3.6152163281e-09 -3.9206476448e-09
808 -3.4168490961e-21 -3.0507271034e-10 -3.6117414920e-09 -3.9168142024e-09
809 -3.3964667088e-21 -3.0471410394e-10 -3.6082666560e-09 -3.9129807599e-09
810 -3.3760391460e-21 -3.0435549754e-10 -3.6047918199e-09 -3.9091473174e-09
811 -3.3555989142e-21 -3.0399689113e-10 -3.6013169838e-09 -3.9053138750e-09
812 -3.3351147911e-21 -3.0363828473e-10 -3.5978421478e-09 -3.9014804325e-09
813 -3.3146183542e-21 -3.0327967833e-10 -3.5943673117e-09 -3.8976469900e-09
814 -3.2940753758e-21 -3.0292107192e-10 -3.5908924757e-09 -3.8938135476e-09
815 -3.2735205917e-21 -3.0256246552e-10 -3.5874176396e-09 -3.8899801051e-09
816 -3.2529193882e-21 -3.0220385912e-10 -3.5839428035e-09 -3.8861466627e-09
817 -3.2323052518e-21 -3.0184525271e-10 -3.5804679675e-09 -3.8823132202e-09
818 -3.2116447264e-21 -3.0148664631e-10 -3.5769931314e-09 -3.8784797777e-09
819 -3.1909708973e-21 -3.0112803991e-10 -3.5735182954e-09 -3.8746463353e-09
820 -3.1702510081e-21 -3.0076943351e-10 -3.5700434593e-09 -3.8708128928e-09
821 -3.1495191775e-21 -3.0041082710e-10 -3.5665686232e-09 -3.8669794503e-09
822 -3.1287747096e-21 -3.0005222070e-10 -3.5630937872e-09 -3.8631460079e-09
823 -3.1079532918e-21 -2.9969361430e-10 -3.5618342812e-09 -3.8615278955e-09
824 -3.0871524933e-21 -2.9933500789e-10 -3.5605747752e-09 -3.8599097831e-09
825 -3.0663111941e-21 -2.9897640149e-10 -3.5593152692e-09 -3.8582916707e-09
826 -3.0454270277e-21 -2.9861779509e-10 -3.5580557632e-09 -3.8566735583e-09
827 -3.0245343443e-21 -2.9825918868e-10 -3.5567962572e-09 -3.8550554459e-09
828 -3.0036173734e-21 -2.9790058228e-10 -3.5555367512e-09 -3.8534373335e-09
829 -2.9827257756e-21 -2.9754197588e-10 -3.5542772452e-09 -3.8518192211e-09
830 -2.9618666426e-21 -2.9718336948e-10 -3.5530177393e-09 -3.8502011087e-09
831 -2.9410163824e-21 -2.9682476307e-10 -3.5517582333e-09 -3.8485829963e-09
832 -2.9201803038e-21 -2.9646615667e-10 -3.5504987273e-09 -3.8469648840e-09
833 -2.8993975777e-21 -2.9610755027e-10 -3.5492392213e-09 -3.8453467716e-09
834 -2.8786385924e-21 -2.9574894386e-10 -3.5479797153e-09 -3.8437286592e-09
835 -2.8579406038e-21 -2.9539033746e-10 -3.5467202093e-09 -3.8421105468e-09
836 -2.8372760026e-21 -2.9503173106e-10 -3.5454607033e-09 -3.8404924344e-09
837 -2.8166798052e-21 -2.9467312465e-10 -3.5442011973e-09 -3.8388743220e-09
838 -2.7961227372e-21 -2.9431451825e-10 -3.5429416913e-09 -3.8372562096e-09
839 -2.7756407178e-21 -2.9395591185e-10 -3.5416821854e-09 -3.8356380972e-09
840 -2.7552038475e-21 -2.9359730544e-10 -3.5404226794e-09 -3.8340199848e-09
841 -2.7348465247e-21 -2.9323869904e-10 -3.5391631734e-09 -3.8324018724e-09
842 -2.7145393103e-21 -2.9288009264e-10 -3.5379036674e-09 -3.8307837600e-09
843 -2.6943149078e-21 -2.9252148624e-10 -3.5387902018e-09 -3.8313116880e-09
844 -2.6741455393e-21 -2.9216287983e-10 -3.5396767361e-09 -3.8318396160e-09
845 -2.6540347815e-21 -2.9180427343e-10 -3.5405632705e-09 -3.8323675440e-09
846 -2.6340119143e-21 -2.9144566703e-10 -3.5414498049e-09 -3.8328954719e-09
847 -2.6140810802e-21 -2.9108706062e-10 -3.5423363393e-09 -3.8334233999e-09
848 -2.5942127044e-21 -2.9072845422e-10 -3.5432228737e-09 -3.8339513279e-09
849 -2.5744097282e-21 -2.9036984782e-10 -3.5441094080e-09 -3.8344792559e-09
850 -2.5547012171e-21 -2.9001124141e-10 -3.5449959424e-09 -3.8350071838e-09
851 -2.5350612901e-21 -2.8965263501e-10 -3.5458824768e-09 -3.8355351118e-09
852 -2.5155185909e-21 -2.8929402861e-10 -3.5467690112e-09 -3.8360630398e-09
853 -2.4960477378e-21 -2.8893542220e-10 -3.5476555456e-09 -3.8365909678e-09
854 -2.4766487069e-21 -2.8857681580e-10 -3.5485420800e-09 -3.8371188958e-09
855 -2.4573512203e-21 -2.8821820940e-10 -3.5494286143e-09 -3.8376468237e-09
856 -2.4381540427e-21 -2.8785960300e-10 -3.5503151487e-09 -3.8381747517e-09
857 -2.4190330372e-21 -2.8750099659e-10 -3.5512016831e-09 -3.8387026797e-09
858 -2.3999869535e-21 -2.8714239019e-10 -3.5520882175e-09 -3.8392306077e-09
859 -2.3810456283e-21 -2.8678378379e-10 -3.5529747519e-09 -3.8397585356e-09
860 -2.3621813557e-21 -2.8642517738e-10 -3.5538612862e-09 -3.8402864636e-09
861 -2.3434253486e-21 -2.8606657098e-10 -3.5547478206e-09 -3.8408143916e-09
862 -2.3247494097e-21 -2.8570796458e-10 -3.5556343550e-09 -3.8413423196e-09
863 -2.3061571363e-21 -2.8534935817e-10 -3.5583643186e-09 -3.8437136768e-09
864 -2.2876736783e-21 -2.8499075177e-10 -3.5610942822e-09 -3.8460850340e-09
865 -2.2692759751e-21 -2.8463214537e-10 -3.5638242459e-09 -3.8484563912e-09
866 -2.2509890167e-21 -2.8427353896e-10 -3.5665542095e-09 -3.8508277485e-09
867 -2.2327898144e-21 -2.8391493256e-10 -3.5692841731e-09 -3.8531991057e-09
868 -2.2147032087e-21 -2.8355632616e-10 -3.5720141367e-09 -3.8555704629e-09
869 -2.1967053486e-21 -2.8319771976e-10 -3.5747441004e-09 -3.8579418201e-09
870 -2.1787967008e-21 -2.8283911335e-10 -3.5774740640e-09 -3.8603131773e-09
871 -2.1610050010e-21 -2.8248050695e-10 -3.5802040276e-09 -3.8626845346e-09
872 -2.1433289780e-21 -2.8212190055e-10 -3.5829339912e-09 -3.8650558918e-09
873 -2.1257205451e-21 -2.8176329414e-10 -3.5856639549e-09 -3.8674272490e-09
874 -2.1082310878e-21 -2.8140468774e-10 -3.5883939185e-09 -3.8697986062e-09
875 -2.0908600167e-21 -2.8104608134e-10 -3.5911238821e-09 -3.8721699634e-09
876 -2.0735854172e-21 -2.8068747493e-10 -3.5938538457e-09 -3.8745413207e-09
877 -2.0564062893e-21 -2.8032886853e-10 -3.5965838093e-09 -3.8769126779e-09
878 -2.0393495177e-21 -2.7997026213e-10 -3.5993137730e-09 -3.8792840351e-09
879 -2.0223909972e-21 -2.7961165573e-10 -3.6020437366e-09 -3.8816553923e-09
880 -2.0055559732e-21 -2.7925304932e-10 -3.6047737002e-09 -3.8840267495e-09
881 -1.9887972816e-21 -2.7889444292e-10 -3.6075036638e-09 -3.8863981068e-09
882 -1.9721858313e-21 -2.7853583652e-10 -3.6102336275e-09 -3.8887694640e-09
883 -1.9556764893e-21 -2.7817723011e-10 -3.6140493796e-09 -3.8922266097e-09
884 -1.9392693002e-21 -2.7781862371e-10 -3.6178651318e-09 -3.8956837555e-09
885 -1.9229651912e-21 -2.7746001731e-10 -3.6216808840e-09 -3.8991409013e-09
886 -1.9067886021e-21 -2.7710141090e-10 -3.6254966361e-09 -3.9025980470e-09
887 -1.8907165262e-21 -2.7674280450e-10 -3.6293123883e-09 -3.9060551928e-09
888 -1.8747730325e-21 -2.7638419810e-10 -3.6331281405e-09 -3.9095123386e-09
889 -1.8589356691e-21 -2.7602559169e-10 -3.6369438926e-09 -3.9129694843e-09
890 -1.8432283238e-21 -2.7566698529e-10 -3.6407596448e-09 -3.9164266301e-09
891 -1.8276287835e-21 -2.7530837889e-10 -3.6445753970e-09 -3.9198837759e-09
892 -1.8121383545e-21 -2.7494977249e-10 -3.6483911491e-09 -3.9233409216e-09
893 -1.7967584959e-21 -2.7459116608e-10 -3.6522069013e-09 -3.9267980674e-09
894 -1.7815097638e-21 -2.7423255968e-10 -3.6560226535e-09 -3.9302552131e-09
895 -1.7663935886e-21 -2.7387395328e-10 -3.6598384056e-09 -3.9337123589e-09
896 -1.7513884167e-21 -2.7351534687e-10 -3.6636541578e-09 -3.9371695047e-09
897 -1.7364951276e-21 -2.7315674047e-10 -3.6674699100e-09 -3.9406266504e-09
898 -1.7217152038e-21 -2.7279813407e-10 -3.6712856621e-09 -3.9440837962e-09
899 -1.7070697674e-21 -2.7243952766e-10 -3.6751014143e-09 -3.9475409420e-09
900 -1.6925385227e-21 -2.7208092126e-10 -3.6789171665e-09 -3.9509980877e-09
901 -1.6781419749e-21 -2.7172231486e-10 -3.6827329186e-09 -3.9544552335e-09
902 -1.6638613841e-21 -2.7136370845e-10 -3.6865486708e-09 -3.9579123793e-09
903 -1.6496966481e-21 -2.7048736639e-10 -3.6907027932e-09 -3.9611901596e-09
904 -1.6356687888e-21 -2.6961102432e-10 -3.6948569156e-09 -3.9644679399e-09
905 -1.6217579708e-21 -2.6873468225e-10 -3.6990110380e-09 -3.9677457203e-09
906 -1.6079853479e-21 -2.6785834018e-10 -3.7031651604e-09 -3.9710235006e-09
907 -1.5943307306e-21 -2.6698199811e-10 -3.7073192828e-09 -3.9743012809e-09
908 -1.5807954898e-21 -2.6610565604e-10 -3.7114734052e-09 -3.9775790613e-09
909 -1.5673783886e-21 -2.6522931398e-10 -3.7156275276e-09 -3.9808568416e-09
910 -1.5541008213e-21 -2.6435297191e-10 -3.7197816500e-09 -3.9841346219e-09
911 -1.5409619301e-21 -2.6347662984e-10 -3.7239357724e-09 -3.9874124023e-09
912 -1.5279241883e-21 -2.6260028777e-10 -3.7280898948e-09 -3.9906901826e-09
913 -1.5150265061e-21 -2.6172394570e-10 -3.7322440172e-09 -3.9939679629e-09
914 -1.5022678337e-21 -2.6084760363e-10 -3.7363981396e-09 -3.9972457433e-09
915 -1.4896118670e-21 -2.5997126157e-10 -3.7405522620e-09 -4.0005235236e-09
916 -1.4770962376e-21 -2.5909491950e-10 -3.7447063844e-09 -4.0038013039e-09
917 -1.4647211502e-21 -2.5821857743e-10 -3.7488605068e-09 -4.0070790843e-09
918 -1.4524677136e-21 -2.5734223536e-10 -3.7530146292e-09 -4.0103568646e-09
919 -1.4403369755e-21 -2.5646589329e-10 -3.7571687516e-09 -4.0136346449e-09
920 -1.4283287115e-21 -2.5558955122e-10 -3.7613228740e-09 -4.0169124253e-09
921 -1.4164614417e-21 -2.5471320915e-10 -3.7654769964e-09 -4.0201902056e-09
922 -1.4047176421e-21 -2.5383686709e-10 -3.7696311188e-09 -4.0234679859e-09
923 -1.3931141352e-21 -2.5296052502e-10 -3.7734312206e-09 -4.0263917456e-09
924 -1.3816170675e-21 -2.5208418295e-10 -3.7772313224e-09 -4.0293155053e-09
925 -1.3702785131e-21 -2.5120784088e-10 -3.7810314242e-09 -4.0322392650e-09
926 -1.3590467285e-21 -2.5033149881e-10 -3.7848315259e-09 -4.0351630248e-09
927 -1.3479559651e-21 -2.4945515674e-10 -3.7886316277e-09 -4.0380867845e-09
928 -1.3369841588e-21 -2.4857881468e-10 -3.7924317295e-09 -4.0410105442e-09
929 -1.3261417811e-21 -2.4770247261e-10 -3.7962318313e-09 -4.0439343039e-09
930 -1.3154103230e-21 -2.4682613054e-10 -3.8000319330e-09 -4.0468580636e-09
931 -1.3047867088e-21 -2.4594978847e-10 -3.8038320348e-09 -4.0497818233e-09
932 -1.2942699509e-21 -2.4507344640e-10 -3.8076321366e-09 -4.0527055830e-09
933 -1.2838747377e-21 -2.4419710433e-10 -3.8114322384e-09 -4.0556293427e-09
934 -1.2735831295e-21 -2.4332076227e-10 -3.8152323401e-09 -4.0585531024e-09
935 -1.2634098518e-21 -2.4244442020e-10 -3.8190324419e-09 -4.0614768621e-09
936 -1.2533393559e-21 -2.4156807813e-10 -3.8228325437e-09 -4.0644006218e-09
937 -1.2433690527e-21 -2.4069173606e-10 -3.8266326455e-09 -4.0673243815e-09
938 -1.2335151789e-21 -2.3981539399e-10 -3.8304327473e-09 -4.0702481412e-09
939 -1.2237443982e-21 -2.3893905192e-10 -3.8342328490e-09 -4.0731719010e-09
940 -1.2141043851e-21 -2.3806270986e-10 -3.8380329508e-09 -4.0760956607e-09
941 -1.2045467126e-21 -2.3718636779e-10 -3.8418330526e-09 -4.0790194204e-09
942 -1.1951023976e-21 -2.3631002572e-10 -3.8456331544e-09 -4.0819431801e-09
943 -1.1857550659e-21 -2.3543368365e-10 -3.8482198143e-09 -4.0836534980e-09
944 -1.1765200018e-21 -2.3455734158e-10 -3.8508064743e-09 -4.0853638159e-09
945 -1.1673658575e-21 -2.3368099951e-10 -3.8533931343e-09 -4.0870741338e-09
946 -1.1583380039e-21 -2.3280465744e-10 -3.8559797942e-09 -4.0887844517e-09
947 -1.1493896828e-21 -2.3192831538e-10 -3.8585664542e-09 -4.0904947696e-09
948 -1.1405516532e-21 -2.3105197331e-10 -3.8611531141e-09 -4.0922050875e-09
949 -1.1318072243e-21 -2.3017563124e-10 -3.8637397741e-09 -4.0939154054e-09
950 -1.1231577995e-21 -2.2929928917e-10 -3.8663264341e-09 -4.0956257232e-09
951 -1.1146158221e-21 -2.2842294710e-10 -3.8689130940e-09 -4.0973360411e-09
952 -1.1061681542e-21 -2.2754660503e-10 -3.8714997540e-09 -4.0990463590e-09
953 -1.0978129750e-21 -2.2667026297e-10 -3.8740864140e-09 -4.1007566769e-09
954 -1.0895658164e-21 -2.2579392090e-10 -3.8766730739e-09 -4.1024669948e-09
955 -1.0814102906e-21 -2.2491757883e-10 -3.8792597339e-09 -4.1041773127e-09
956 -1.0733477932e-21 -2.2404123676e-10 -3.8818463939e-09 -4.1058876306e-09
957 -1.0653902251e-21 -2.2316489469e-10 -3.8844330538e-09 -4.1075979485e-09
958 -1.0575110938e-21 -2.2228855262e-10 -3.8870197138e-09 -4.1093082664e-09
959 -1.0497497556e-21 -2.2141221056e-10 -3.8896063738e-09 -4.1110185843e-09
960 -1.0420657416e-21 -2.2053586849e-10 -3.8921930337e-09 -4.1127289022e-09
961 -1.0344846978e-21 -2.1965952642e-10 -3.8947796937e-09 -4.1144392201e-09
962 -1.0269947513e-21 -2.1878318435e-10 -3.8973663537e-09 -4.1161495380e-09
963 -1.0195930085e-21 -2.1790684228e-10 -3.8983122107e-09 -4.1162190529e-09
964 -1.0122949250e-21 -2.1703050021e-10 -3.8992580676e-09 -4.1162885679e-09
965 -1.0050844696e-21 -2.1615415815e-10 -3.9002039246e-09 -4.1163580828e-09
966 -9.9796323553e-22 -2.1527781608e-10 -3.9011497816e-09 -4.1164275977e-09
967 -9.9094185830e-22 -2.1440147401e-10 -3.9020956386e-09 -4.1164971126e-09
968 -9.8400908805e-22 -2.1352513194e-10 -3.9030414956e-09 -4.1165666276e-09
969 -9.7716142341e-22 -2.1264878987e-10 -3.9039873526e-09 -4.1166361425e-09
970 -9.7040156450e-22 -2.1177244780e-10 -3.9049332096e-09 -4.1167056574e-09
971 -9.6373916707e-22 -2.1089610573e-10 -3.9058790666e-09 -4.1167751724e-09
972 -9.5716309827e-22 -2.1001976367e-10 -3.9068249236e-09 -4.1168446873e-09
973 -9.5067055120e-22 -2.0914342160e-10 -3.9077707806e-09 -4.1169142022e-09
974 -9.4427565384e-22 -2.0826707953e-10 -3.9087166376e-09 -4.1169837171e-09
975 -9.3796382195e-22 -2.0739073746e-10 -3.9096624946e-09 -4.1170532321e-09
976 -9.3173658154e-22 -2.0651439539e-10 -3.9106083516e-09 -4.1171227470e-09
977 -9.2560367474e-22 -2.0563805332e-10 -3.9115542086e-09 -4.1171922619e-09
978 -9.1955461341e-22 -2.0476171126e-10 -3.9125000656e-09 -4.1172617768e-09
979 -9.1358612423e-22 -2.0388536919e-10 -3.9134459226e-09 -4.1173312918e-09
980 -9.0770030076e-22 -2.0300902712e-10 -3.9143917796e-09 -4.1174008067e-09
981 -9.0190652628e-22 -2.0213268505e-10 -3.9153376366e-09 -4.1174703216e-09
982 -8.9619455688e-22 -2.0125634298e-10 -3.9162834936e-09 -4.1175398366e-09
983 -8.9056086809e-22 -2.0038000091e-10 -3.9151689436e-09 -4.1155489445e-09
984 -8.8501996403e-22 -1.9950365885e-10 -3.9140543937e-09 -4.1135580525e-09
985 -8.7954346429e-22 -1.9862731678e-10 -3.9129398437e-09 -4.1115671605e-09
986 -8.7415878478e-22 -1.9775097471e-10 -3.9118252938e-09 -4.1095762685e-09
987 -8.6886192217e-22 -1.9687463264e-10 -3.9107107438e-09 -4.1075853765e-09
988 -8.6363136883e-22 -1.9599829057e-10 -3.9095961939e-09 -4.1055944844e-09
989 -8.5848762168e-22 -1.9512194850e-10 -3.9084816439e-09 -4.1036035924e-09
990 -8.5343381884e-22 -1.9424560644e-10 -3.9073670940e-09 -4.1016127004e-09
991 -8.4844188198e-22 -1.9336926437e-10 -3.9062525440e-09 -4.0996218084e-09
992 -8.4353830690e-22 -1.9249292230e-10 -3.9051379941e-09 -4.0976309164e-09
993 -8.3870762355e-22 -1.9161658023e-10 -3.9040234441e-09 -4.0956400243e-09
994 -8.3395243893e-22 -1.9074023816e-10 -3.9029088942e-09 -4.0936491323e-09
995 -8.2928022084e-22 -1.8986389609e-10 -3.9017943442e-09 -4.0916582403e-09
996 -8.2468243878e-22 -1.8898755402e-10 -3.9006797943e-09 -4.0896673483e-09
997 -8.2015402898e-22 -1.8811121196e-10 -3.8995652443e-09 -4.0876764563e-09
998 -8.1569863799e-22 -1.8723486989e-10 -3.8984506944e-09 -4.0856855642e-09
999 -8.1132308034e-22 -1.8635852782e-10 -3.8973361444e-09 -4.0836946722e-09
1000 -8.0701878755e-22 -1.8548218575e-10 -3.8962215945e-09 -4.0817037802e-09
1001 -8.0278114775e-22 -1.8460584368e-10 -3.8951070445e-09 -4.0797128882e-09
1002 -7.9861336486e-22 -1.8372950161e-10 -3.8939924946e-09 -4.0777219962e-09
1003 -7.9451834058e-22 -1.8341816568e-10 -3.8908269368e-09 -4.0742451025e-09
1004 -7.9048433671e-22 -1.8310682974e-10 -3.8876613791e-09 -4.0707682089e-09
1005 -7.8651587956e-22 -1.8279549381e-10 -3.8844958214e-09 -4.0672913152e-09
1006 -7.8259189060e-22 -1.8248415787e-10 -3.8813302637e-09 -4.0638144215e-09
1007 -7.7872920103e-22 -1.8217282193e-10 -3.8781647059e-09 -4.0603375279e-09
1008 -7.7491863398e-22 -1.8186148600e-10 -3.8749991482e-09 -4.0568606342e-09
1009 -7.7115450643e-22 -1.8155015006e-10 -3.8718335905e-09 -4.0533837406e-09
1010 -7.6745013026e-22 -1.8123881413e-10 -3.8686680328e-09 -4.0499068469e-09
1011 -7.6378838960e-22 -1.8092747819e-10 -3.8655024751e-09 -4.0464299532e-09
1012 -7.6017277505e-22 -1.8061614225e-10 -3.8623369173e-09 -4.0429530596e-09
1013 -7.5659703780e-22 -1.8030480632e-10 -3.8591713596e-09 -4.0394761659e-09
1014 -7.5307571325e-22 -1.7999347038e-10 -3.8560058019e-09 -4.0359992723e-09
1015 -7.4959235885e-22 -1.7968213444e-10 -3.8528402442e-09 -4.0325223786e-09
1016 -7.4615010311e-22 -1.7937079851e-10 -3.8496746865e-09 -4.0290454850e-09
1017 -7.4274410952e-22 -1.7905946257e-10 -3.8465091287e-09 -4.0255685913e-09
1018 -7.3938830593e-22 -1.7874812664e-10 -3.8433435710e-09 -4.0220916976e-09
1019 -7.3606661749e-22 -1.7843679070e-10 -3.8401780133e-09 -4.0186148040e-09
1020 -7.3278205796e-22 -1.7812545476e-10 -3.8370124556e-09 -4.0151379103e-09
1021 -7.2953997128e-22 -1.7781411883e-10 -3.8338468978e-09 -4.0116610167e-09
1022 -7.2632262044e-22 -1.7750278289e-10 -3.8306813401e-09 -4.0081841230e-09
1023 -7.2314592707e-22 -1.7719144696e-10 -3.8260680997e-09 -4.0032595467e-09
1024 -7.2001327542e-22 -1.7688011102e-10 -3.8214548593e-09 -3.9983349704e-09
1025 -7.1689779459e-22 -1.7656877508e-10 -3.8168416189e-09 -3.9934103940e-09
1026 -7.1382451722e-22 -1.7625743915e-10 -3.8122283785e-09 -3.9884858177e-09
1027 -7.1077705752e-22 -1.7594610321e-10 -3.8076151382e-09 -3.9835612414e-09
1028 -7.0775965172e-22 -1.7563476727e-10 -3.8030018978e-09 -3.9786366650e-09
1029 -7.0476650136e-22 -1.7532343134e-10 -3.7983886574e-09 -3.9737120887e-09
1030 -7.0181218412e-22 -1.7501209540e-10 -3.7937754170e-09 -3.9687875124e-09
1031 -6.9888081798e-22 -1.7470075947e-10 -3.7891621766e-09 -3.9638629360e-09
1032 -6.9597598443e-22 -1.7438942353e-10 -3.7845489362e-09 -3.9589383597e-09
1033 -6.9310295529e-22 -1.7407808759e-10 -3.7799356958e-09 -3.9540137834e-09
1034 -6.9024399763e-22 -1.7376675166e-10 -3.7753224554e-09 -3.9490892071e-09
1035 -6.8741519661e-22 -1.7345541572e-10 -3.7707092150e-09 -3.9441646307e-09
1036 -6.8461990170e-22 -1.7314407979e-10 -3.7660959746e-09 -3.9392400544e-09
1037 -6.8183201599e-22 -1.7283274385e-10 -3.7614827342e-09 -3.9343154781e-09
1038 -6.7907603774e-22 -1.7252140791e-10 -3.7568694938e-09 -3.9293909017e-09
1039 -6.7633602269e-22 -1.7221007198e-10 -3.7522562534e-09 -3.9244663254e-09
1040 -6.7361572314e-22 -1.7189873604e-10 -3.7476430130e-09 -3.9195417491e-09
1041 -6.7090960550e-22 -1.7158740010e-10 -3.7430297726e-09 -3.9146171728e-09
1042 -6.6823175284e-22 -1.7127606417e-10 -3.7384165323e-09 -3.9096925964e-09
1043 -6.6556665741e-22 -1.7096472823e-10 -3.7326975758e-09 -3.9036623041e-09
1044 -6.6291769260e-22 -1.7065339230e-10 -3.7269786194e-09 -3.8976320117e-09
1045 -6.6028042911e-22 -1.7034205636e-10 -3.7212596630e-09 -3.8916017194e-09
1046 -6.5766793742e-22 -1.7003072042e-10 -3.7155407066e-09 -3.8855714270e-09
1047 -6.5505483043e-22 -1.6971938449e-10 -3.7098217502e-09 -3.8795411347e-09
1048 -6.5246515727e-22 -1.6940804855e-10 -3.7041027938e-09 -3.8735108423e-09
1049 -6.4989323507e-22 -1.6909671261e-10 -3.6983838374e-09 -3.8674805500e-09
1050 -6.4732281879e-22 -1.6878537668e-10 -3.6926648810e-09 -3.8614502576e-09
1051 -6.4476813644e-22 -1.6847404074e-10 -3.6869459246e-09 -3.8554199653e-09
1052 -6.4222305812e-22 -1.6816270481e-10 -3.6812269681e-09 -3.8493896729e-09
1053 -6.3968512064e-22 -1.6785136887e-10 -3.6755080117e-09 -3.8433593806e-09
1054 -6.3717175611e-22 -1.6754003293e-10 -3.6697890553e-09 -3.8373290883e-09
1055 -6.3465872405e-22 -1.6722869700e-10 -3.6640700989e-09 -3.8312987959e-09
1056 -6.3217188293e-22 -1.6691736106e-10 -3.6583511425e-09 -3.8252685036e-09
1057 -6.2969620446e-22 -1.6660602513e-10 -3.6526321861e-09 -3.8192382112e-09
1058 -6.2724709850e-22 -1.6629468919e-10 -3.6469132297e-09 -3.8132079189e-09
1059 -6.2479986009e-22 -1.6598335325e-10 -3.6411942733e-09 -3.8071776265e-09
1060 -6.2237891108e-22 -1.6567201732e-10 -3.6354753168e-09 -3.8011473342e-09
1061 -6.1996951479e-22 -1.6536068138e-10 -3.6297563604e-09 -3.7951170418e-09
1062 -6.1758606178e-22 -1.6504934544e-10 -3.6240374040e-09 -3.7890867495e-09
1063 -6.1520396948e-22 -1.6473800951e-10 -3.6182268198e-09 -3.7829648293e-09
1064 -6.1284720586e-22 -1.6442667357e-10 -3.6124162356e-09 -3.7768429092e-09
1065 -6.1050063662e-22 -1.6411533764e-10 -3.6066056514e-09 -3.7707209890e-09
1066 -6.0816911049e-22 -1.6380400170e-10 -3.6007950671e-09 -3.7645990688e-09
1067 -6.0584687175e-22 -1.6349266576e-10 -3.5949844829e-09 -3.7584771487e-09
1068 -6.0354838359e-22 -1.6318132983e-10 -3.5891738987e-09 -3.7523552285e-09
1069 -6.0125806633e-22 -1.6286999389e-10 -3.5833633145e-09 -3.7462333084e-09
1070 -5.9898072044e-22 -1.6255865796e-10 -3.5775527303e-09 -3.7401113882e-09
1071 -5.9671078640e-22 -1.6224732202e-10 -3.5717421460e-09 -3.7339894681e-09
1072 -5.9446217823e-22 -1.6193598608e-10 -3.5659315618e-09 -3.7278675479e-09
1073 -5.9221938887e-22 -1.6162465015e-10 -3.5601209776e-09 -3.7217456278e-09
1074 -5.8997806716e-22 -1.6131331421e-10 -3.5543103934e-09 -3.7156237076e-09
1075 -5.8775998252e-22 -1.6100197827e-10 -3.5484998092e-09 -3.7095017874e-09
1076 -5.8554197538e-22 -1.6069064234e-10 -3.5426892250e-09 -3.7033798673e-09
1077 -5.8333679135e-22 -1.6037930640e-10 -3.5368786407e-09 -3.6972579471e-09
1078 -5.8113966227e-22 -1.6006797047e-10 -3.5310680565e-09 -3.6911360270e-09
1079 -5.7894443121e-22 -1.5975663453e-10 -3.5252574723e-09 -3.6850141068e-09
1080 -5.7675610590e-22 -1.5944529859e-10 -3.5194468881e-09 -3.6788921867e-09
1081 -5.7456831966e-22 -1.5913396266e-10 -3.5136363039e-09 -3.6727702665e-09
1082 -5.7239558644e-22 -1.5882262672e-10 -3.5078257196e-09 -3.6666483464e-09
1083 -5.7022211434e-22 -1.5851129079e-10 -3.5021551363e-09 -3.6606664271e-09
1084 -5.6805302941e-22 -1.5819995485e-10 -3.4964845530e-09 -3.6546845078e-09
1085 -5.6588197231e-22 -1.5788861891e-10 -3.4908139697e-09 -3.6487025886e-09
1086 -5.6372309670e-22 -1.5757728298e-10 -3.4851433863e-09 -3.6427206693e-09
1087 -5.6156102595e-22 -1.5726594704e-10 -3.4794728030e-09 -3.6367387501e-09
1088 -5.5940059656e-22 -1.5695461110e-10 -3.4738022197e-09 -3.6307568308e-09
1089 -5.5723578907e-22 -1.5664327517e-10 -3.4681316364e-09 -3.6247749115e-09
1090 -5.5507139967e-22 -1.5633193923e-10 -3.4624610530e-09 -3.6187929923e-09
1091 -5.5291042865e-22 -1.5602060330e-10 -3.4567904697e-09 -3.6128110730e-09
1092 -5.5074850727e-22 -1.5570926736e-10 -3.4511198864e-09 -3.6068291538e-09
1093 -5.4857948984e-22 -1.5539793142e-10 -3.4454493031e-09 -3.6008472345e-09
1094 -5.4640828245e-22 -1.5508659549e-10 -3.4397787198e-09 -3.5948653152e-09
1095 -5.4422886243e-22 -1.5477525955e-10 -3.4341081364e-09 -3.5888833960e-09
1096 -5.4205484916e-22 -1.5446392362e-10 -3.4284375531e-09 -3.5829014767e-09
1097 -5.3987114353e-22 -1.5415258768e-10 -3.4227669698e-09 -3.5769195575e-09
1098 -5.3768292338e-22 -1.5384125174e-10 -3.4170963865e-09 -3.5709376382e-09
1099 -5.3548377821e-22 -1.5352991581e-10 -3.4114258031e-09 -3.5649557189e-09
1100 -5.3327882722e-22 -1.5321857987e-10 -3.4057552198e-09 -3.5589737997e-09
1101 -5.3107041407e-22 -1.5290724393e-10 -3.4000846365e-09 -3.5529918804e-09
1102 -5.2885459114e-22 -1.5259590800e-10 -3.3944140532e-09 -3.5470099612e-09
1103 -5.2662961810e-22 -1.5307182500e-10 -3.3897888733e-09 -3.5428606983e-09
1104 -5.2440470439e-22 -1.5354774200e-10 -3.3851636935e-09 -3.5387114355e-09
1105 -5.2218459306e-22 -1.5402365901e-10 -3.3805385137e-09 -3.5345621727e-09
1106 -5.1995854807e-22 -1.5449957601e-10 -3.3759133339e-09 -3.5304129099e-09
1107 -5.1773921582e-22 -1.5497549301e-10 -3.3712881540e-09 -3.5262636471e-09
1108 -5.1552441777e-22 -1.5545141002e-10 -3.3666629742e-09 -3.5221143842e-09
1109 -5.1331740978e-22 -1.5592732702e-10 -3.3620377944e-09 -3.5179651214e-09
1110 -5.1110699910e-22 -1.5640324402e-10 -3.3574126146e-09 -3.5138158586e-09
1111 -5.0890521846e-22 -1.5687916103e-10 -3.3527874348e-09 -3.5096665958e-09
1112 -5.0670936338e-22 -1.5735507803e-10 -3.3481622549e-09 -3.5055173330e-09
1113 -5.0451367764e-22 -1.5783099503e-10 -3.3435370751e-09 -3.5013680701e-09
1114 -5.0232427981e-22 -1.5830691204e-10 -3.3389118953e-09 -3.4972188073e-09
1115 -5.0013533522e-22 -1.5878282904e-10 -3.3342867155e-09 -3.4930695445e-09
1116 -4.9796107561e-22 -1.5925874604e-10 -3.3296615356e-09 -3.4889202817e-09
1117 -4.9578730184e-22 -1.5973466305e-10 -3.3250363558e-09 -3.4847710189e-09
1118 -4.9361970244e-22 -1.6021058005e-10 -3.3204111760e-09 -3.4806217560e-09
1119 -4.9145268544e-22 -1.6068649705e-10 -3.3157859962e-09 -3.4764724932e-09
1120 -4.8930000617e-22 -1.6116241406e-10 -3.3111608164e-09 -3.4723232304e-09
1121 -4.8713925985e-22 -1.6163833106e-10 -3.3065356365e-09 -3.4681739676e-09
1122 -4.8499229515e-22 -1.6211424806e-10 -3.3019104567e-09 -3.4640247048e-09
1123 -4.8284517423e-22 -1.6259016507e-10 -3.2987445132e-09 -3.4613346782e-09
1124 -4.8070298668e-22 -1.6306608207e-10 -3.2955785696e-09 -3.4586446517e-09
1125 -4.7856024700e-22 -1.6354199907e-10 -3.2924126261e-09 -3.4559546252e-09
1126 -4.7643023855e-22 -1.6401791608e-10 -3.2892466826e-09 -3.4532645986e-09
1127 -4.7429920498e-22 -1.6449383308e-10 -3.2860807390e-09 -3.4505745721e-09
1128 -4.7217224641e-22 -1.6496975008e-10 -3.2829147955e-09 -3.4478845456e-09
1129 -4.7004383215e-22 -1.6544566709e-10 -3.2797488520e-09 -3.4451945191e-09
1130 -4.6791906057e-22 -1.6592158409e-10 -3.2765829084e-09 -3.4425044925e-09
1131 -4.6580050999e-22 -1.6639750109e-10 -3.2734169649e-09 -3.4398144660e-09
1132 -4.6367699255e-22 -1.6687341809e-10 -3.2702510214e-09 -3.4371244395e-09
1133 -4.6155930781e-22 -1.6734933510e-10 -3.2670850778e-09 -3.4344344129e-09
1134 -4.5944426432e-22 -1.6782525210e-10 -3.2639191343e-09 -3.4317443864e-09
1135 -4.5733433775e-22 -1.6830116910e-10 -3.2607531908e-09 -3.4290543599e-09
1136 -4.5521863204e-22 -1.6877708611e-10 -3.2575872472e-09 -3.4263643333e-09
1137 -4.5310753189e-22 -1.6925300311e-10 -3.2544213037e-09 -3.4236743068e-09
1138 -4.5099025396e-22 -1.6972892011e-10 -3.2512553602e-09 -3.4209842803e-09
1139 -4.4887690851e-22 -1.7020483712e-10 -3.2480894166e-09 -3.4182942537e-09
1140 -4.4677286064e-22 -1.7068075412e-10 -3.2449234731e-09 -3.4156042272e-09
1141 -4.4465664780e-22 -1.7115667112e-10 -3.2417575296e-09 -3.4129142007e-09
1142 -4.4254911162e-22 -1.7163258813e-10 -3.2385915860e-09 -3.4102241742e-09
1143 -4.4042910290e-22 -1.7210850513e-10 -3.2369249339e-09 -3.4090334391e-09
1144 -4.3831731656e-22 -1.7258442213e-10 -3.2352582819e-09 -3.4078427040e-09
1145 -4.3620048972e-22 -1.7306033914e-10 -3.2335916298e-09 -3.4066519689e-09
1146 -4.3408381850e-22 -1.7353625614e-10 -3.2319249777e-09 -3.4054612338e-09
1147 -4.3196952021e-22 -1.7401217314e-10 -3.2302583256e-09 -3.4042704987e-09
1148 -4.2984725918e-22 -1.7448809015e-10 -3.2285916735e-09 -3.4030797637e-09
1149 -4.2772694471e-22 -1.7496400715e-10 -3.2269250214e-09 -3.4018890286e-09
1150 -4.2560605092e-22 -1.7543992415e-10 -3.2252583693e-09 -3.4006982935e-09
1151 -4.2347885992e-22 -1.7591584116e-10 -3.2235917172e-09 -3.3995075584e-09
1152 -4.2135838169e-22 -1.7639175816e-10 -3.2219250652e-09 -3.3983168233e-09
1153 -4.1922601495e-22 -1.7686767516e-10 -3.2202584131e-09 -3.3971260882e-09
1154 -4.1710417282e-22 -1.7734359217e-10 -3.2185917610e-09 -3.3959353532e-09
1155 -4.1498098711e-22 -1.7781950917e-10 -3.2169251089e-09 -3.3947446181e-09
1156 -4.1286238964e-22 -1.7829542617e-10 -3.2152584568e-09 -3.3935538830e-09
1157 -4.1074416413e-22 -1.7877134318e-10 -3.2135918047e-09 -3.3923631479e-09
1158 -4.0863168179e-22 -1.7924726018e-10 -3.2119251526e-09 -3.3911724128e-09
1159 -4.0652786389e-22 -1.7972317718e-10 -3.2102585006e-09 -3.3899816777e-09
1160 -4.0443063465e-22 -1.8019909418e-10 -3.2085918485e-09 -3.3887909427e-09
1161 -4.0232814435e-22 -1.8067501119e-10 -3.2069251964e-09 -3.3876002076e-09
1162 -4.0024008638e-22 -1.8115092819e-10 -3.2052585443e-09 -3.3864094725e-09
1163 -3.9816172831e-22 -1.8162684519e-10 -3.2050399630e-09 -3.3866668082e-09
1164 -3.9608351259e-22 -1.8210276220e-10 -3.2048213818e-09 -3.3869241440e-09
1165 -3.9401549043e-22 -1.8257867920e-10 -3.2046028005e-09 -3.3871814797e-09
1166 -3.9194793055e-22 -1.8305459620e-10 -3.2043842193e-09 -3.3874388155e-09
1167 -3.8989088183e-22 -1.8353051321e-10 -3.2041656380e-09 -3.3876961512e-09
1168 -3.8784175374e-22 -1.8400643021e-10 -3.2039470568e-09 -3.3879534870e-09
1169 -3.8580350910e-22 -1.8448234721e-10 -3.2037284755e-09 -3.3882108227e-09
1170 -3.8376630360e-22 -1.8495826422e-10 -3.2035098943e-09 -3.3884681585e-09
1171 -3.8174024392e-22 -1.8543418122e-10 -3.2032913130e-09 -3.3887254942e-09
1172 -3.7971551172e-22 -1.8591009822e-10 -3.2030727318e-09 -3.3889828300e-09
1173 -3.7770230115e-22 -1.8638601523e-10 -3.2028541505e-09 -3.3892401657e-09
1174 -3.7569763166e-22 -1.8686193223e-10 -3.2026355693e-09 -3.3894975015e-09
1175 -3.7370473247e-22 -1.8733784923e-10 -3.2024169880e-09 -3.3897548372e-09
1176 -3.7171365594e-22 -1.8781376624e-10 -3.2021984068e-09 -3.3900121730e-09
1177 -3.6973470568e-22 -1.8828968324e-10 -3.2019798255e-09 -3.3902695087e-09
1178 -3.6775778978e-22 -1.8876560024e-10 -3.2017612442e-09 -3.3905268445e-09
1179 -3.6579347102e-22 -1.8924151725e-10 -3.2015426630e-09 -3.3907841802e-09
1180 -3.6383825920e-22 -1.8971743425e-10 -3.2013240817e-09 -3.3910415160e-09
1181 -3.6188905888e-22 -1.9019335125e-10 -3.2011055005e-09 -3.3912988517e-09
1182 -3.5995594578e-22 -1.9066926826e-10 -3.2008869192e-09 -3.3915561875e-09
1183 -3.5802218049e-22 -1.9114518526e-10 -3.2019904097e-09 -3.3931355950e-09
1184 -3.5610458412e-22 -1.9162110226e-10 -3.2030939002e-09 -3.3947150025e-09
1185 -3.5419353233e-22 -1.9209701926e-10 -3.2041973907e-09 -3.3962944100e-09
1186 -3.5229216789e-22 -1.9257293627e-10 -3.2053008813e-09 -3.3978738175e-09
1187 -3.5039786629e-22 -1.9304885327e-10 -3.2064043718e-09 -3.3994532250e-09
1188 -3.4851995651e-22 -1.9352477027e-10 -3.2075078623e-09 -3.4010326325e-09
1189 -3.4664272422e-22 -1.9400068728e-10 -3.2086113528e-09 -3.4026120400e-09
1190 -3.4478191078e-22 -1.9447660428e-10 -3.2097148433e-09 -3.4041914476e-09
1191 -3.4292868535e-22 -1.9495252128e-10 -3.2108183338e-09 -3.4057708551e-09
1192 -3.4107888841e-22 -1.9542843829e-10 -3.2119218243e-09 -3.4073502626e-09
1193 -3.3925012758e-22 -1.9590435529e-10 -3.2130253148e-09 -3.4089296701e-09
1194 -3.3742493579e-22 -1.9638027229e-10 -3.2141288053e-09 -3.4105090776e-09
1195 -3.3560827590e-22 -1.9685618930e-10 -3.2152322958e-09 -3.4120884851e-09
1196 -3.3380808804e-22 -1.9733210630e-10 -3.2163357863e-09 -3.4136678926e-09
1197 -3.3201697771e-22 -1.9780802330e-10 -3.2174392768e-09 -3.4152473001e-09
1198 -3.3023571874e-22 -1.9828394031e-10 -3.2185427673e-09 -3.4168267076e-09
1199 -3.2846429810e-22 -1.9875985731e-10 -3.2196462578e-09 -3.4184061151e-09
1200 -3.2670215351e-22 -1.9923577431e-10 -3.2207497483e-09 -3.4199855226e-09
1201 -3.2495115296e-22 -1.9971169132e-10 -3.2218532388e-09 -3.4215649301e-09
1202 -3.2321745834e-22 -2.0018760832e-10 -3.2229567293e-09 -3.4231443376e-09
1203 -3.2149412506e-22 -2.0035378354e-10 -3.2248488580e-09 -3.4252026415e-09
1204 -3.1977416740e-22 -2.0051995877e-10 -3.2267409866e-09 -3.4272609454e-09
1205 -3.1806999346e-22 -2.0068613399e-10 -3.2286331153e-09 -3.4293192492e-09
1206 -3.1637466075e-22 -2.0085230922e-10 -3.2305252439e-09 -3.4313775531e-09
1207 -3.1469461791e-22 -2.0101848444e-10 -3.2324173725e-09 -3.4334358570e-09
1208 -3.1301714407e-22 -2.0118465966e-10 -3.2343095012e-09 -3.4354941608e-09
1209 -3.1135454536e-22 -2.0135083489e-10 -3.2362016298e-09 -3.4375524647e-09
1210 -3.0969451584e-22 -2.0151701011e-10 -3.2380937585e-09 -3.4396107686e-09
1211 -3.0804919479e-22 -2.0168318534e-10 -3.2399858871e-09 -3.4416690724e-09
1212 -3.0641235821e-22 -2.0184936056e-10 -3.2418780158e-09 -3.4437273763e-09
1213 -3.0479015526e-22 -2.0201553579e-10 -3.2437701444e-09 -3.4457856802e-09
1214 -3.0317051156e-22 -2.0218171101e-10 -3.2456622730e-09 -3.4478439841e-09
1215 -3.0155956674e-22 -2.0234788623e-10 -3.2475544017e-09 -3.4499022879e-09
1216 -2.9996312102e-22 -2.0251406146e-10 -3.2494465303e-09 -3.4519605918e-09
1217 -2.9837545995e-22 -2.0268023668e-10 -3.2513386590e-09 -3.4540188957e-09
1218 -2.9679650692e-22 -2.0284641191e-10 -3.2532307876e-09 -3.4560771995e-09
1219 -2.9522644367e-22 -2.0301258713e-10 -3.2551229163e-09 -3.4581355034e-09
1220 -2.9366514740e-22 -2.0317876235e-10 -3.2570150449e-09 -3.4601938073e-09
1221 -2.9211293569e-22 -2.0334493758e-10 -3.2589071735e-09 -3.4622521111e-09
1222 -2.9057549217e-22 -2.0351111280e-10 -3.2607993022e-09 -3.4643104150e-09
1223 -2.8904152762e-22 -2.0367728803e-10 -3.2627472991e-09 -3.4664245871e-09
1224 -2.8752254048e-22 -2.0384346325e-10 -3.2646952959e-09 -3.4685387592e-09
1225 -2.8601291876e-22 -2.0400963847e-10 -3.2666432928e-09 -3.4706529313e-09
1226 -2.8451279908e-22 -2.0417581370e-10 -3.2685912897e-09 -3.4727671034e-09
1227 -2.8302235212e-22 -2.0434198892e-10 -3.2705392866e-09 -3.4748812755e-09
1228 -2.8154733499e-22 -2.0450816415e-10 -3.2724872834e-09 -3.4769954476e-09
1229 -2.8007645260e-22 -2.0467433937e-10 -3.2744352803e-09 -3.4791096197e-09
1230 -2.7862122715e-22 -2.0484051460e-10 -3.2763832772e-09 -3.4812237918e-09
1231 -2.7717609766e-22 -2.0500668982e-10 -3.2783312741e-09 -3.4833379639e-09
1232 -2.7574123493e-22 -2.0517286504e-10 -3.2802792709e-09 -3.4854521360e-09
1233 -2.7431678688e-22 -2.0533904027e-10 -3.2822272678e-09 -3.4875663081e-09
1234 -2.7290281680e-22 -2.0550521549e-10 -3.2841752647e-09 -3.4896804802e-09
1235 -2.7149956137e-22 -2.0567139072e-10 -3.2861232616e-09 -3.4917946523e-09
1236 -2.7011255170e-22 -2.0583756594e-10 -3.2880712584e-09 -3.4939088244e-09
1237 -2.6873101554e-22 -2.0600374116e-10 -3.2900192553e-09 -3.4960229965e-09
1238 -2.6736604023e-22 -2.0616991639e-10 -3.2919672522e-09 -3.4981371686e-09
1239 -2.6601224364e-22 -2.0633609161e-10 -3.2939152491e-09 -3.5002513407e-09
1240 -2.6466982825e-22 -2.0650226684e-10 -3.2958632459e-09 -3.5023655128e-09
1241 -2.6333888760e-22 -2.0666844206e-10 -3.2978112428e-09 -3.5044796849e-09
1242 -2.6201964072e-22 -2.0683461728e-10 -3.2997592397e-09 -3.5065938570e-09
1243 -2.6071757127e-22 -2.0700079251e-10 -3.3014977933e-09 -3.5084985858e-09
1244 -2.5942220015e-22 -2.0716696773e-10 -3.3032363469e-09 -3.5104033146e-09
1245 -2.5814424727e-22 -2.0733314296e-10 -3.3049749005e-09 -3.5123080434e-09
1246 -2.5687873198e-22 -2.0749931818e-10 -3.3067134541e-09 -3.5142127723e-09
1247 -2.5562564231e-22 -2.0766549341e-10 -3.3084520077e-09 -3.5161175011e-09
1248 -2.5438531588e-22 -2.0783166863e-10 -3.3101905613e-09 -3.5180222299e-09
1249 -2.5315781203e-22 -2.0799784385e-10 -3.3119291149e-09 -3.5199269587e-09
1250 -2.5194343280e-22 -2.0816401908e-10 -3.3136676685e-09 -3.5218316875e-09
1251 -2.5074731193e-22 -2.0833019430e-10 -3.3154062220e-09 -3.5237364164e-09
1252 -2.4956457032e-22 -2.0849636953e-10 -3.3171447756e-09 -3.5256411452e-09
1253 -2.4838779362e-22 -2.0866254475e-10 -3.3188833292e-09 -3.5275458740e-09
1254 -2.4722543874e-22 -2.0882871997e-10 -3.3206218828e-09 -3.5294506028e-09
1255 -2.4607133670e-22 -2.0899489520e-10 -3.3223604364e-09 -3.5313553316e-09
1256 -2.4492489496e-22 -2.0916107042e-10 -3.3240989900e-09 -3.5332600604e-09
1257 -2.4379047662e-22 -2.0932724565e-10 -3.3258375436e-09 -3.5351647893e-09
1258 -2.4265762081e-22 -2.0949342087e-10 -3.3275760972e-09 -3.5370695181e-09
1259 -2.4153589872e-22 -2.0965959610e-10 -3.3293146508e-09 -3.5389742469e-09
1260 -2.4041502154e-22 -2.0982577132e-10 -3.3310532044e-09 -3.5408789757e-09
1261 -2.3930476596e-22 -2.0999194654e-10 -3.3327917580e-09 -3.5427837045e-09
1262 -2.3819977108e-22 -2.1015812177e-10 -3.3345303116e-09 -3.5446884334e-09
1263 -2.3709996441e-22 -2.1032429699e-10 -3.3352096596e-09 -3.5455339566e-09
1264 -2.3600506846e-22 -2.1049047222e-10 -3.3358890076e-09 -3.5463794798e-09
1265 -2.3491501784e-22 -2.1065664744e-10 -3.3365683555e-09 -3.5472250030e-09
1266 -2.3383455616e-22 -2.1082282266e-10 -3.3372477035e-09 -3.5480705262e-09
1267 -2.3275383133e-22 -2.1098899789e-10 -3.3379270515e-09 -3.5489160494e-09
1268 -2.3168252658e-22 -2.1115517311e-10 -3.3386063995e-09 -3.5497615726e-09
1269 -2.3061576239e-22 -2.1132134834e-10 -3.3392857475e-09 -3.5506070958e-09
1270 -2.2955355455e-22 -2.1148752356e-10 -3.3399650955e-09 -3.5514526190e-09
1271 -2.2849592745e-22 -2.1165369878e-10 -3.3406444434e-09 -3.5522981422e-09
1272 -2.2744286761e-22 -2.1181987401e-10 -3.3413237914e-09 -3.5531436654e-09
1273 -2.2639447944e-22 -2.1198604923e-10 -3.3420031394e-09 -3.5539891886e-09
1274 -2.2535554289e-22 -2.1215222446e-10 -3.3426824874e-09 -3.5548347119e-09
1275 -2.2431661006e-22 -2.1231839968e-10 -3.3433618354e-09 -3.5556802351e-09
1276 -2.2328719143e-22 -2.1248457491e-10 -3.3440411834e-09 -3.5565257583e-09
1277 -2.2226265282e-22 -2.1265075013e-10 -3.3447205313e-09 -3.5573712815e-09
1278 -2.2124295425e-22 -2.1281692535e-10 -3.3453998793e-09 -3.5582168047e-09
1279 -2.2022825655e-22 -2.1298310058e-10 -3.3460792273e-09 -3.5590623279e-09
1280 -2.1921863401e-22 -2.1314927580e-10 -3.3467585753e-09 -3.5599078511e-09
1281 -2.1821417284e-22 -2.1331545103e-10 -3.3474379233e-09 -3.5607533743e-09
1282 -2.1721969195e-22 -2.1348162625e-10 -3.3481172713e-09 -3.5615988975e-09
1283 -2.1622598693e-22 -2.1364780147e-10 -3.3473456232e-09 -3.5609934247e-09
1284 -2.1524246637e-22 -2.1381397670e-10 -3.3465739752e-09 -3.5603879519e-09
1285 -2.1426459368e-22 -2.1398015192e-10 -3.3458023271e-09 -3.5597824791e-09
1286 -2.1329254005e-22 -2.1414632715e-10 -3.3450306791e-09 -3.5591770062e-09
1287 -2.1232637326e-22 -2.1431250237e-10 -3.3442590310e-09 -3.5585715334e-09
1288 -2.1136622360e-22 -2.1447867760e-10 -3.3434873830e-09 -3.5579660606e-09
1289 -2.1041219649e-22 -2.1464485282e-10 -3.3427157349e-09 -3.5573605878e-09
1290 -2.0946440749e-22 -2.1481102804e-10 -3.3419440869e-09 -3.5567551149e-09
1291 -2.0852748263e-22 -2.1497720327e-10 -3.3411724388e-09 -3.5561496421e-09
1292 -2.0759243883e-22 -2.1514337849e-10 -3.3404007908e-09 -3.5555441693e-09
1293 -2.0666845190e-22 -2.1530955372e-10 -3.3396291428e-09 -3.5549386965e-09
1294 -2.0575104864e-22 -2.1547572894e-10 -3.3388574947e-09 -3.5543332236e-09
1295 -2.0484037527e-22 -2.1564190416e-10 -3.3380858467e-09 -3.5537277508e-09
1296 -2.0393654481e-22 -2.1580807939e-10 -3.3373141986e-09 -3.5531222780e-09
1297 -2.0303970639e-22 -2.1597425461e-10 -3.3365425506e-09 -3.5525168052e-09
1298 -2.0214996524e-22 -2.1614042984e-10 -3.3357709025e-09 -3.5519113324e-09
1299 -2.0127183266e-22 -2.1630660506e-10 -3.3349992545e-09 -3.5513058595e-09
1300 -2.0039659054e-22 -2.1647278028e-10 -3.3342276064e-09 -3.5507003867e-09
1301 -1.9953302154e-22 -2.1663895551e-10 -3.3334559584e-09 -3.5500949139e-09
1302 -1.9867684964e-22 -2.1680513073e-10 -3.3326843103e-09 -3.5494894411e-09
1303 -1.9782763499e-22 -2.1758365811e-10 -3.3302117222e-09 -3.5477953804e-09
1304 -1.9698500575e-22 -2.1836218549e-10 -3.3277391342e-09 -3.5461013196e-09
1305 -1.9614876233e-22 -2.1914071287e-10 -3.3252665461e-09 -3.5444072589e-09
1306 -1.9531880232e-22 -2.1991924025e-10 -3.3227939580e-09 -3.5427131982e-09
1307 -1.9449498527e-22 -2.2069776763e-10 -3.3203213699e-09 -3.5410191375e-09
1308 -1.9368154523e-22 -2.2147629501e-10 -3.3178487818e-09 -3.5393250768e-09
1309 -1.9286983595e-22 -2.2225482239e-10 -3.3153761937e-09 -3.5376310161e-09
1310 -1.9206847022e-22 -2.2303334977e-10 -3.3129036056e-09 -3.5359369554e-09
1311 -1.9127307370e-22 -2.2381187716e-10 -3.3104310175e-09 -3.5342428947e-09
1312 -1.9047941777e-22 -2.2459040454e-10 -3.3079584294e-09 -3.5325488340e-09
1313 -1.8969592078e-22 -2.2536893192e-10 -3.3054858414e-09 -3.5308547733e-09
1314 -1.8891839908e-22 -2.2614745930e-10 -3.3030132533e-09 -3.5291607126e-09
1315 -1.8815094547e-22 -2.2692598668e-10 -3.3005406652e-09 -3.5274666519e-09
1316 -1.8738518241e-22 -2.2770451406e-10 -3.2980680771e-09 -3.5257725912e-09
1317 -1.8662526024e-22 -2.2848304144e-10 -3.2955954890e-09 -3.5240785304e-09
1318 -1.8587535877e-22 -2.2926156882e-10 -3.2931229009e-09 -3.5223844697e-09
1319 -1.8513119626e-22 -2.3004009620e-10 -3.2906503128e-09 -3.5206904090e-09
1320 -1.8438861430e-22 -2.3081862358e-10 -3.2881777247e-09 -3.5189963483e-09
1321 -1.8365586978e-22 -2.3159715096e-10 -3.2857051367e-09 -3.5173022876e-09
1322 -1.8292883447e-22 -2.3237567834e-10 -3.2832325486e-09 -3.5156082269e-09
1323 -1.8220752223e-22 -2.3315420572e-10 -3.2793086280e-09 -3.5124628337e-09
1324 -1.8149187267e-22 -2.3393273310e-10 -3.2753847074e-09 -3.5093174405e-09
1325 -1.8078600545e-22 -2.3471126048e-10 -3.2714607869e-09 -3.5061720474e-09
1326 -1.8008168572e-22 -2.3548978786e-10 -3.2675368663e-09 -3.5030266542e-09
1327 -1.7938294210e-22 -2.3626831524e-10 -3.2636129458e-09 -3.4998812610e-09
1328 -1.7869384559e-22 -2.3704684262e-10 -3.2596890252e-09 -3.4967358678e-09
1329 -1.7801021445e-22 -2.3782537000e-10 -3.2557651046e-09 -3.4935904746e-09
1330 -1.7733204886e-22 -2.3860389738e-10 -3.2518411841e-09 -3.4904450815e-09
1331 -1.7665526810e-22 -2.3938242476e-10 -3.2479172635e-09 -3.4872996883e-09
1332 -1.7598780984e-22 -2.4016095214e-10 -3.2439933430e-09 -3.4841542951e-09
1333 -1.7532959876e-22 -2.4093947952e-10 -3.2400694224e-09 -3.4810089019e-09
1334 -1.7467257828e-22 -2.4171800690e-10 -3.2361455019e-09 -3.4778635088e-09
1335 -1.7402060477e-22 -2.4249653428e-10 -3.2322215813e-09 -3.4747181156e-09
1336 -1.7337777988e-22 -2.4327506166e-10 -3.2282976607e-09 -3.4715727224e-09
1337 -1.7273602834e-22 -2.4405358904e-10 -3.2243737402e-09 -3.4684273292e-09
1338 -1.7210326088e-22 -2.4483211642e-10 -3.2204498196e-09 -3.4652819360e-09
1339 -1.7147144537e-22 -2.4561064380e-10 -3.2165258991e-09 -3.4621365429e-09
1340 -1.7084840674e-22 -2.4638917118e-10 -3.2126019785e-09 -3.4589911497e-09
1341 -1.7023010445e-22 -2.4716769856e-10 -3.2086780579e-09 -3.4558457565e-09
1342 -1.6961643189e-22 -2.4794622594e-10 -3.2047541374e-09 -3.4527003633e-09
1343 -1.6900727553e-22 -2.4872475332e-10 -3.1994339019e-09 -3.4481586552e-09
1344 -1.6840643761e-22 -2.4950328070e-10 -3.1941136664e-09 -3.4436169471e-09
1345 -1.6780588632e-22 -2.5028180808e-10 -3.1887934310e-09 -3.4390752391e-09
1346 -1.6720947119e-22 -2.5106033546e-10 -3.1834731955e-09 -3.4345335310e-09
1347 -1.6662087169e-22 -2.5183886284e-10 -3.1781529600e-09 -3.4299918229e-09
1348 -1.6603609532e-22 -2.5261739022e-10 -3.1728327246e-09 -3.4254501148e-09
1349 -1.6545107587e-22 -2.5339591760e-10 -3.1675124891e-09 -3.4209084067e-09
1350 -1.6487336789e-22 -2.5417444498e-10 -3.1621922536e-09 -3.4163666986e-09
1351 -1.6429890386e-22 -2.5495297236e-10 -3.1568720181e-09 -3.4118249905e-09
1352 -1.6372747557e-22 -2.5573149974e-10 -3.1515517827e-09 -3.4072832824e-09
1353 -1.6316006569e-22 -2.5651002712e-10 -3.1462315472e-09 -3.4027415743e-09
1354 -1.6259762603e-22 -2.5728855450e-10 -3.1409113117e-09 -3.3981998662e-09
1355 -1.6204428899e-22 -2.5806708188e-10 -3.1355910763e-09 -3.3936581581e-09
1356 -1.6149278876e-22 -2.5884560926e-10 -3.1302708408e-09 -3.3891164501e-09
1357 -1.6095084249e-22 -2.5962413665e-10 -3.1249506053e-09 -3.3845747420e-09
1358 -1.6041107018e-22 -2.6040266403e-10 -3.1196303698e-09 -3.3800330339e-09
1359 -1.5988107807e-22 -2.6118119141e-10 -3.1143101344e-09 -3.3754913258e-09
1360 -1.5935720917e-22 -2.6195971879e-10 -3.1089898989e-09 -3.3709496177e-09
1361 -1.5883943601e-22 -2.6273824617e-10 -3.1036696634e-09 -3.3664079096e-09
1362 -1.5832776676e-22 -2.6351677355e-10 -3.0983494280e-09 -3.3618662015e-09
1363 -1.5782229812e-22 -2.6429530093e-10 -3.0920864879e-09 -3.3563817889e-09
1364 -1.5732292546e-22 -2.6507382831e-10 -3.0858235479e-09 -3.3508973762e-09
1365 -1.5682967641e-22 -2.6585235569e-10 -3.0795606078e-09 -3.3454129635e-09
1366 -1.5634614167e-22 -2.6663088307e-10 -3.0732976678e-09 -3.3399285509e-09
1367 -1.5586485639e-22 -2.6740941045e-10 -3.0670347278e-09 -3.3344441382e-09
1368 -1.5539312464e-22 -2.6818793783e-10 -3.0607717877e-09 -3.3289597255e-09
1369 -1.5492344167e-22 -2.6896646521e-10 -3.0545088477e-09 -3.3234753129e-09
1370 -1.5446304383e-22 -2.6974499259e-10 -3.0482459076e-09 -3.3179909002e-09
1371 -1.5400806251e-22 -2.7052351997e-10 -3.0419829676e-09 -3.3125064876e-09
1372 -1.5355840869e-22 -2.7130204735e-10 -3.0357200275e-09 -3.3070220749e-09
1373 -1.5311386262e-22 -2.7208057473e-10 -3.0294570875e-09 -3.3015376622e-09
1374 -1.5267426397e-22 -2.7285910211e-10 -3.0231941475e-09 -3.2960532496e-09
1375 -1.5223937322e-22 -2.7363762949e-10 -3.0169312074e-09 -3.2905688369e-09
1376 -1.5180903555e-22 -2.7441615687e-10 -3.0106682674e-09 -3.2850844242e-09
1377 -1.5138669621e-22 -2.7519468425e-10 -3.0044053273e-09 -3.2796000116e-09
1378 -1.5096487089e-22 -2.7597321163e-10 -2.9981423873e-09 -3.2741155989e-09
1379 -1.5055058585e-22 -2.7675173901e-10 -2.9918794472e-09 -3.2686311863e-09
1380 -1.5014001293e-22 -2.7753026639e-10 -2.9856165072e-09 -3.2631467736e-09
1381 -1.4972927621e-22 -2.7830879377e-10 -2.9793535672e-09 -3.2576623609e-09
1382 -1.4932543543e-22 -2.7908732115e-10 -2.9730906271e-09 -3.2521779483e-09
1383 -1.4892455284e-22 -2.7986584853e-10 -2.9665452088e-09 -3.2464110573e-09
1384 -1.4852643893e-22 -2.8064437591e-10 -2.9599997905e-09 -3.2406441664e-09
1385 -1.4813081376e-22 -2.8142290329e-10 -2.9534543722e-09 -3.2348772755e-09
1386 -1.4774105421e-22 -2.8220143067e-10 -2.9469089539e-09 -3.2291103846e-09
1387 -1.4734967027e-22 -2.8297995805e-10 -2.9403635356e-09 -3.2233434936e-09
1388 -1.4696005947e-22 -2.8375848543e-10 -2.9338181173e-09 -3.2175766027e-09
1389 -1.4657540108e-22 -2.8453701281e-10 -2.9272726990e-09 -3.2118097118e-09
1390 -1.4618836301e-22 -2.8531554019e-10 -2.9207272807e-09 -3.2060428208e-09
1391 -1.4580569962e-22 -2.8609406757e-10 -2.9141818623e-09 -3.2002759299e-09
1392 -1.4542364656e-22 -2.8687259495e-10 -2.9076364440e-09 -3.1945090390e-09
1393 -1.4503828652e-22 -2.8765112233e-10 -2.9010910257e-09 -3.1887421481e-09
1394 -1.4465650768e-22 -2.8842964971e-10 -2.8945456074e-09 -3.1829752571e-09
1395 -1.4427439694e-22 -2.8920817709e-10 -2.8880001891e-09 -3.1772083662e-09
1396 -1.4389172262e-22 -2.8998670447e-10 -2.8814547708e-09 -3.1714414753e-09
1397 -1.4351167420e-22 -2.9076523185e-10 -2.8749093525e-09 -3.1656745844e-09
1398 -1.4312691134e-22 -2.9154375923e-10 -2.8683639342e-09 -3.1599076934e-09
1399 -1.4274067813e-22 -2.9232228661e-10 -2.8618185159e-09 -3.1541408025e-09
1400 -1.4235613241e-22 -2.9310081399e-10 -2.8552730976e-09 -3.1483739116e-09
1401 -1.4196595142e-22 -2.9387934137e-10 -2.8487276793e-09 -3.1426070206e-09
1402 -1.4157690090e-22 -2.9465786875e-10 -2.8421822610e-09 -3.1368401297e-09
1403 -1.4118336328e-22 -2.9537376753e-10 -2.8357417919e-09 -3.1311155594e-09
1404 -1.4079380794e-22 -2.9608966631e-10 -2.8293013229e-09 -3.1253909892e-09
1405 -1.4040518614e-22 -2.9680556509e-10 -2.8228608538e-09 -3.1196664189e-09
1406 -1.4001804695e-22 -2.9752146386e-10 -2.8164203848e-09 -3.1139418486e-09
1407 -1.3963259824e-22 -2.9823736264e-10 -2.8099799157e-09 -3.1082172783e-09
1408 -1.3924911249e-22 -2.9895326142e-10 -2.8035394466e-09 -3.1024927081e-09
1409 -1.3886771326e-22 -2.9966916020e-10 -2.7970989776e-09 -3.0967681378e-09
1410 -1.3849200349e-22 -3.0038505897e-10 -2.7906585085e-09 -3.0910435675e-09
1411 -1.3811511473e-22 -3.0110095775e-10 -2.7842180395e-09 -3.0853189972e-09
1412 -1.3774057384e-22 -3.0181685653e-10 -2.7777775704e-09 -3.0795944270e-09
1413 -1.3737181774e-22 -3.0253275531e-10 -2.7713371014e-09 -3.0738698567e-09
1414 -1.3700538511e-22 -3.0324865408e-10 -2.7648966323e-09 -3.0681452864e-09
1415 -1.3663775898e-22 -3.0396455286e-10 -2.7584561633e-09 -3.0624207161e-09
1416 -1.3627574504e-22 -3.0468045164e-10 -2.7520156942e-09 -3.0566961459e-09
1417 -1.3591574888e-22 -3.0539635041e-10 -2.7455752252e-09 -3.0509715756e-09
1418 -1.3555772785e-22 -3.0611224919e-10 -2.7391347561e-09 -3.0452470053e-09
1419 -1.3520150430e-22 -3.0682814797e-10 -2.7326942871e-09 -3.0395224351e-09
1420 -1.3484701954e-22 -3.0754404675e-10 -2.7262538180e-09 -3.0337978648e-09
1421 -1.3449407634e-22 -3.0825994552e-10 -2.7198133490e-09 -3.0280732945e-09
1422 -1.3414257884e-22 -3.0897584430e-10 -2.7133728799e-09 -3.0223487242e-09
1423 -1.3379575359e-22 -3.0969174308e-10 -2.7075737527e-09 -3.0172654958e-09
1424 -1.3344665979e-22 -3.1040764186e-10 -2.7017746255e-09 -3.0121822674e-09
1425 -1.3310194210e-22 -3.1112354063e-10 -2.6959754983e-09 -3.0070990389e-09
1426 -1.3275466999e-22 -3.1183943941e-10 -2.6901763711e-09 -3.0020158105e-09
1427 -1.3241139945e-22 -3.1255533819e-10 -2.6843772439e-09 -2.9969325820e-09
1428 -1.3206862913e-22 -3.1327123697e-10 -2.6785781166e-09 -2.9918493536e-09
1429 -1.3172268509e-22 -3.1398713574e-10 -2.6727789894e-09 -2.9867661252e-09
1430 -1.3138013584e-22 -3.1470303452e-10 -2.6669798622e-09 -2.9816828967e-09
1431 -1.3103737005e-22 -3.1541893330e-10 -2.6611807350e-09 -2.9765996683e-09
1432 -1.3069421609e-22 -3.1613483208e-10 -2.6553816078e-09 -2.9715164399e-09
1433 -1.3035377999e-22 -3.1685073085e-10 -2.6495824806e-09 -2.9664332114e-09
1434 -1.3000918379e-22 -3.1756662963e-10 -2.6437833533e-09 -2.9613499830e-09
1435 -1.2966353968e-22 -3.1828252841e-10 -2.6379842261e-09 -2.9562667545e-09
1436 -1.2931669579e-22 -3.1899842718e-10 -2.6321850989e-09 -2.9511835261e-09
1437 -1.2897178553e-22 -3.1971432596e-10 -2.6263859717e-09 -2.9461002977e-09
1438 -1.2862196351e-22 -3.2043022474e-10 -2.6205868445e-09 -2.9410170692e-09
1439 -1.2827369176e-22 -3.2114612352e-10 -2.6147877173e-09 -2.9359338408e-09
1440 -1.2792343463e-22 -3.2186202229e-10 -2.6089885901e-09 -2.9308506124e-09
1441 -1.2756768607e-22 -3.2257792107e-10 -2.6031894628e-09 -2.9257673839e-09
1442 -1.2721292959e-22 -3.2329381985e-10 -2.5973903356e-09 -2.9206841555e-09
1443 -1.2685564783e-22 -3.2400971863e-10 -2.5927072721e-09 -2.9167169907e-09
1444 -1.2649565680e-22 -3.2472561740e-10 -2.5880242085e-09 -2.9127498259e-09
1445 -1.2613278588e-22 -3.2544151618e-10 -2.5833411449e-09 -2.9087826611e-09
1446 -1.2576685511e-22 -3.2615741496e-10 -2.5786580814e-09 -2.9048154963e-09
1447 -1.2540096531e-22 -3.2687331374e-10 -2.5739750178e-09 -2.9008483315e-09
1448 -1.2502839798e-22 -3.2758921251e-10 -2.5692919542e-09 -2.8968811668e-09
1449 -1.2465225106e-22 -3.2830511129e-10 -2.5646088907e-09 -2.8929140020e-09
1450 -1.2427563436e-22 -3.2902101007e-10 -2.5599258271e-09 -2.8889468372e-09
1451 -1.2389184759e-22 -3.2973690884e-10 -2.5552427635e-09 -2.8849796724e-09
1452 -1.2350732225e-22 -3.3045280762e-10 -2.5505597000e-09 -2.8810125076e-09
1453 -1.2311639885e-22 -3.3116870640e-10 -2.5458766364e-09 -2.8770453428e-09
1454 -1.2272643268e-22 -3.3188460518e-10 -2.5411935729e-09 -2.8730781780e-09
1455 -1.2233447619e-22 -3.3260050395e-10 -2.5365105093e-09 -2.8691110132e-09
1456 -1.2194084373e-22 -3.3331640273e-10 -2.5318274457e-09 -2.8651438485e-09
1457 -1.2154570885e-22 -3.3403230151e-10 -2.5271443822e-09 -2.8611766837e-09
1458 -1.2114923919e-22 -3.3474820029e-10 -2.5224613186e-09 -2.8572095189e-09
1459 -1.2075154233e-22 -3.3546409906e-10 -2.5177782550e-09 -2.8532423541e-09
1460 -1.2035274470e-22 -3.3617999784e-10 -2.5130951915e-09 -2.8492751893e-09
1461 -1.1995294038e-22 -3.3689589662e-10 -2.5084121279e-09 -2.8453080245e-09
1462 -1.1955537558e-22 -3.3761179540e-10 -2.5037290643e-09 -2.8413408597e-09
1463 -1.1915369467e-22 -3.3832769417e-10 -2.5004879663e-09 -2.8388156605e-09
1464 -1.1875437748e-22 -3.3904359295e-10 -2.4972468683e-09 -2.8362904612e-09
1465 -1.1835110742e-22 -3.3975949173e-10 -2.4940057702e-09 -2.8337652619e-09
1466 -1.1795024340e-22 -3.4047539050e-10 -2.4907646722e-09 -2.8312400627e-09
1467 -1.1754864197e-22 -3.4119128928e-10 -2.4875235741e-09 -2.8287148634e-09
1468 -1.1714320651e-22 -3.4190718806e-10 -2.4842824761e-09 -2.8261896641e-09
1469 -1.1674021004e-22 -3.4262308684e-10 -2.4810413780e-09 -2.8236644649e-09
1470 -1.1633652272e-22 -3.4333898561e-10 -2.4778002800e-09 -2.8211392656e-09
1471 -1.1593213175e-22 -3.4405488439e-10 -2.4745591820e-09 -2.8186140664e-09
1472 -1.1552706340e-22 -3.4477078317e-10 -2.4713180839e-09 -2.8160888671e-09
1473 -1.1512129520e-22 -3.4548668195e-10 -2.4680769859e-09 -2.8135636678e-09
1474 -1.1471484082e-22 -3.4620258072e-10 -2.4648358878e-09 -2.8110384686e-09
1475 -1.1431076625e-22 -3.4691847950e-10 -2.4615947898e-09 -2.8085132693e-09
1476 -1.1390294083e-22 -3.4763437828e-10 -2.4583536917e-09 -2.8059880700e-09
1477 -1.1349440895e-22 -3.4835027706e-10 -2.4551125937e-09 -2.8034628708e-09
1478 -1.1308827857e-22 -3.4906617583e-10 -2.4518714957e-09 -2.8009376715e-09
1479 -1.1267840074e-22 -3.4978207461e-10 -2.4486303976e-09 -2.7984124722e-09
1480 -1.1227090119e-22 -3.5049797339e-10 -2.4453892996e-09 -2.7958872730e-09
1481 -1.1186271842e-22 -3.5121387217e-10 -2.4421482015e-09 -2.7933620737e-09
1482 -1.1145390526e-22 -3.5192977094e-10 -2.4389071035e-09 -2.7908368744e-09
1483 -1.1104140711e-22 -3.5264566972e-10 -2.4369170897e-09 -2.7895627594e-09
1484 -1.1063130146e-22 -3.5336156850e-10 -2.4349270759e-09 -2.7882886444e-09
1485 -1.1022054967e-22 -3.5407746727e-10 -2.4329370621e-09 -2.7870145293e-09
1486 -1.0980917794e-22 -3.5479336605e-10 -2.4309470483e-09 -2.7857404143e-09
1487 -1.0939720385e-22 -3.5550926483e-10 -2.4289570345e-09 -2.7844662993e-09
1488 -1.0898763083e-22 -3.5622516361e-10 -2.4269670206e-09 -2.7831921842e-09
1489 -1.0857446663e-22 -3.5694106238e-10 -2.4249770068e-09 -2.7819180692e-09
1490 -1.0816075424e-22 -3.5765696116e-10 -2.4229869930e-09 -2.7806439542e-09
1491 -1.0774647536e-22 -3.5837285994e-10 -2.4209969792e-09 -2.7793698392e-09
1492 -1.0733464726e-22 -3.5908875872e-10 -2.4190069654e-09 -2.7780957241e-09
1493 -1.0691935855e-22 -3.5980465749e-10 -2.4170169516e-09 -2.7768216091e-09
1494 -1.0650655597e-22 -3.6052055627e-10 -2.4150269378e-09 -2.7755474941e-09
1495 -1.0609328836e-22 -3.6123645505e-10 -2.4130369240e-09 -2.7742733790e-09
1496 -1.0567669179e-22 -3.6195235383e-10 -2.4110469102e-09 -2.7729992640e-09
1497 -1.0526257992e-22 -3.6266825260e-10 -2.4090568964e-09 -2.7717251490e-09
1498 -1.0484810399e-22 -3.6338415138e-10 -2.4070668826e-09 -2.7704510339e-09
1499 -1.0443324879e-22 -3.6410005016e-10 -2.4050768687e-09 -2.7691769189e-09
1500 -1.0401806749e-22 -3.6481594893e-10 -2.4030868549e-09 -2.7679028039e-09
1501 -1.0360257232e-22 -3.6553184771e-10 -2.4010968411e-09 -2.7666286888e-09
1502 -1.0318680506e-22 -3.6624774649e-10 -2.3991068273e-09 -2.7653545738e-09
1503 -1.0277089002e-22 -3.6728255909e-10 -2.3982227726e-09 -2.7655053317e-09
1504 -1.0235505522e-22 -3.6831737169e-10 -2.3973387179e-09 -2.7656560896e-09
1505 -1.0194219231e-22 -3.6935218429e-10 -2.3964546632e-09 -2.7658068475e-09
1506 -1.0152676340e-22 -3.7038699689e-10 -2.3955706085e-09 -2.7659576053e-09
1507 -1.0111453415e-22 -3.7142180949e-10 -2.3946865537e-09 -2.7661083632e-09
1508 -1.0069995160e-22 -3.7245662209e-10 -2.3938024990e-09 -2.7662591211e-09
1509 -1.0028875769e-22 -3.7349143469e-10 -2.3929184443e-09 -2.7664098790e-09
1510 -9.9875417106e-23 -3.7452624729e-10 -2.3920343896e-09 -2.7665606369e-09
1511 -9.9465616684e-23 -3.7556105988e-10 -2.3911503349e-09 -2.7667113948e-09
1512 -9.9056644833e-23 -3.7659587248e-10 -2.3902662802e-09 -2.7668621527e-09
1513 -9.8648575170e-23 -3.7763068508e-10 -2.3893822255e-09 -2.7670129105e-09
1514 -9.8241547631e-23 -3.7866549768e-10 -2.3884981707e-09 -2.7671636684e-09
1515 -9.7835615399e-23 -3.7970031028e-10 -2.3876141160e-09 -2.7673144263e-09
1516 -9.7430891384e-23 -3.8073512288e-10 -2.3867300613e-09 -2.7674651842e-09
1517 -9.7027463610e-23 -3.8176993548e-10 -2.3858460066e-09 -2.7676159421e-09
1518 -9.6625476432e-23 -3.8280474808e-10 -2.3849619519e-09 -2.7677667000e-09
1519 -9.6224971172e-23 -3.8383956068e-10 -2.3840778972e-09 -2.7679174579e-09
1520 -9.5826111236e-23 -3.8487437328e-10 -2.3831938425e-09 -2.7680682157e-09
1521 -9.5431597526e-23 -3.8590918588e-10 -2.3823097877e-09 -2.7682189736e-09
1522 -9.5036207245e-23 -3.8694399848e-10 -2.3814257330e-09 -2.7683697315e-09
1523 -9.4645407811e-23 -3.8797881108e-10 -2.3816446017e-09 -2.7696234128e-09
1524 -9.4253915735e-23 -3.8901362368e-10 -2.3818634704e-09 -2.7708770941e-09
1525 -9.3867204917e-23 -3.9004843628e-10 -2.3820823391e-09 -2.7721307754e-09
1526 -9.3479981362e-23 -3.9108324888e-10 -2.3823012078e-09 -2.7733844567e-09
1527 -9.3097719511e-23 -3.9211806148e-10 -2.3825200765e-09 -2.7746381380e-09
1528 -9.2717681043e-23 -3.9315287408e-10 -2.3827389452e-09 -2.7758918193e-09
1529 -9.2340116693e-23 -3.9418768667e-10 -2.3829578139e-09 -2.7771455006e-09
1530 -9.1965095364e-23 -3.9522249927e-10 -2.3831766826e-09 -2.7783991819e-09
1531 -9.1592818748e-23 -3.9625731187e-10 -2.3833955513e-09 -2.7796528632e-09
1532 -9.1223096217e-23 -3.9729212447e-10 -2.3836144200e-09 -2.7809065445e-09
1533 -9.0856326432e-23 -3.9832693707e-10 -2.3838332887e-09 -2.7821602258e-09
1534 -9.0492390315e-23 -3.9936174967e-10 -2.3840521574e-09 -2.7834139071e-09
1535 -9.0131498080e-23 -4.0039656227e-10 -2.3842710261e-09 -2.7846675884e-09
1536 -8.9776303110e-23 -4.0143137487e-10 -2.3844898948e-09 -2.7859212696e-09
1537 -8.9421651405e-23 -4.0246618747e-10 -2.3847087635e-09 -2.7871749509e-09
1538 -8.9070306981e-23 -4.0350100007e-10 -2.3849276322e-09 -2.7884286322e-09
1539 -8.8724763652e-23 -4.0453581267e-10 -2.3851465009e-09 -2.7896823135e-09
1540 -8.8380114834e-23 -4.0557062527e-10 -2.3853653696e-09 -2.7909359948e-09
1541 -8.8041547884e-23 -4.0660543787e-10 -2.3855842383e-09 -2.7921896761e-09
1542 -8.7706573917e-23 -4.0764025047e-10 -2.3858031070e-09 -2.7934433574e-09
1543 -8.7372765140e-23 -4.0867506307e-10 -2.3862256904e-09 -2.7949007534e-09
1544 -8.7045310435e-23 -4.0970987567e-10 -2.3866482738e-09 -2.7963581494e-09
1545 -8.6721599397e-23 -4.1074468827e-10 -2.3870708572e-09 -2.7978155454e-09
1546 -8.6401857988e-23 -4.1177950087e-10 -2.3874934406e-09 -2.7992729414e-09
1547 -8.6086132990e-23 -4.1281431346e-10 -2.3879160240e-09 -2.8007303374e-09
1548 -8.5774606807e-23 -4.1384912606e-10 -2.3883386074e-09 -2.8021877334e-09
1549 -8.5467271179e-23 -4.1488393866e-10 -2.3887611908e-09 -2.8036451294e-09
1550 -8.5164244686e-23 -4.1591875126e-10 -2.3891837742e-09 -2.8051025254e-09
1551 -8.4865664755e-23 -4.1695356386e-10 -2.3896063576e-09 -2.8065599214e-09
1552 -8.4574062659e-23 -4.1798837646e-10 -2.3900289410e-09 -2.8080173174e-09
1553 -8.4283329196e-23 -4.1902318906e-10 -2.3904515243e-09 -2.8094747134e-09
1554 -8.3994822599e-23 -4.2005800166e-10 -2.3908741077e-09 -2.8109321094e-09
1555 -8.3710365679e-23 -4.2109281426e-10 -2.3912966911e-09 -2.8123895054e-09
1556 -8.3424761794e-23 -4.2212762686e-10 -2.3917192745e-09 -2.8138469014e-09
1557 -8.3142386574e-23 -4.2316243946e-10 -2.3921418579e-09 -2.8153042974e-09
1558 -8.2858261996e-23 -4.2419725206e-10 -2.3925644413e-09 -2.8167616934e-09
1559 -8.2576853274e-23 -4.2523206466e-10 -2.3929870247e-09 -2.8182190894e-09
1560 -8.2295680448e-23 -4.2626687726e-10 -2.3934096081e-09 -2.8196764854e-09
1561 -8.2014464285e-23 -4.2730168986e-10 -2.3938321915e-09 -2.8211338814e-09
1562 -8.1730799187e-23 -4.2833650246e-10 -2.3942547749e-09 -2.8225912774e-09
1563 -8.1449262097e-23 -4.2937131506e-10 -2.3948046455e-09 -2.8241759606e-09
1564 -8.1167501439e-23 -4.3040612766e-10 -2.3953545161e-09 -2.8257606438e-09
1565 -8.0885251966e-23 -4.3144094025e-10 -2.3959043867e-09 -2.8273453269e-09
1566 -8.0602701974e-23 -4.3247575285e-10 -2.3964542573e-09 -2.8289300101e-09
1567 -8.0321999356e-23 -4.3351056545e-10 -2.3970041279e-09 -2.8305146933e-09
1568 -8.0038502865e-23 -4.3454537805e-10 -2.3975539984e-09 -2.8320993765e-09
1569 -7.9754557562e-23 -4.3558019065e-10 -2.3981038690e-09 -2.8336840597e-09
1570 -7.9470152075e-23 -4.3661500325e-10 -2.3986537396e-09 -2.8352687429e-09
1571 -7.9187615875e-23 -4.3764981585e-10 -2.3992036102e-09 -2.8368534260e-09
1572 -7.8902301066e-23 -4.3868462845e-10 -2.3997534808e-09 -2.8384381092e-09
1573 -7.8618842286e-23 -4.3971944105e-10 -2.4003033514e-09 -2.8400227924e-09
1574 -7.8332652584e-23 -4.4075425365e-10 -2.4008532219e-09 -2.8416074756e-09
1575 -7.8048500372e-23 -4.4178906625e-10 -2.4014030925e-09 -2.8431921588e-09
1576 -7.7761691064e-23 -4.4282387885e-10 -2.4019529631e-09 -2.8447768420e-09
1577 -7.7477005746e-23 -4.4385869145e-10 -2.4025028337e-09 -2.8463615251e-09
1578 -7.7192288317e-23 -4.4489350405e-10 -2.4030527043e-09 -2.8479462083e-09
1579 -7.6907451797e-23 -4.4592831665e-10 -2.4036025749e-09 -2.8495308915e-09
1580 -7.6622778220e-23 -4.4696312925e-10 -2.4041524454e-09 -2.8511155747e-09
1581 -7.6338186520e-23 -4.4799794185e-10 -2.4047023160e-09 -2.8527002579e-09
1582 -7.6053940187e-23 -4.4903275445e-10 -2.4052521866e-09 -2.8542849411e-09
1583 -7.5769950300e-23 -4.5006756704e-10 -2.4057867622e-09 -2.8558543293e-09
1584 -7.5486485605e-23 -4.5110237964e-10 -2.4063213378e-09 -2.8574237175e-09
1585 -7.5203451564e-23 -4.5213719224e-10 -2.4068559134e-09 -2.8589931057e-09
1586 -7.4921191116e-23 -4.5317200484e-10 -2.4073904890e-09 -2.8605624939e-09
1587 -7.4639627755e-23 -4.5420681744e-10 -2.4079250646e-09 -2.8621318821e-09
1588 -7.4361331210e-23 -4.5524163004e-10 -2.4084596402e-09 -2.8637012703e-09
1589 -7.4081610915e-23 -4.5627644264e-10 -2.4089942158e-09 -2.8652706585e-09
1590 -7.3805389702e-23 -4.5731125524e-10 -2.4095287914e-09 -2.8668400467e-09
1591 -7.3528118663e-23 -4.5834606784e-10 -2.4100633670e-09 -2.8684094349e-09
1592 -7.3254656602e-23 -4.5938088044e-10 -2.4105979427e-09 -2.8699788231e-09
1593 -7.2980369445e-23 -4.6041569304e-10 -2.4111325183e-09 -2.8715482113e-09
1594 -7.2710230827e-23 -4.6145050564e-10 -2.4116670939e-09 -2.8731175995e-09
1595 -7.2441732956e-23 -4.6248531824e-10 -2.4122016695e-09 -2.8746869877e-09
1596 -7.2173083680e-23 -4.6352013084e-10 -2.4127362451e-09 -2.8762563759e-09
1597 -7.1908688766e-23 -4.6455494344e-10 -2.4132708207e-09 -2.8778257641e-09
1598 -7.1646574472e-23 -4.6558975604e-10 -2.4138053963e-09 -2.8793951523e-09
1599 -7.1386729728e-23 -4.6662456864e-10 -2.4143399719e-09 -2.8809645405e-09
1600 -7.1129474887e-23 -4.6765938124e-10 -2.4148745475e-09 -2.8825339287e-09
1601 -7.0874756966e-23 -4.6869419383e-10 -2.4154091231e-09 -2.8841033169e-09
1602 -7.0622909968e-23 -4.6972900643e-10 -2.4159436987e-09 -2.8856727051e-09
1603 -7.0373169487e-23 -4.7130513199e-10 -2.4158544960e-09 -2.8871596280e-09
1604 -7.0127268932e-23 -4.7288125756e-10 -2.4157652934e-09 -2.8886465509e-09
1605 -6.9880541316e-23 -4.7445738312e-10 -2.4156760907e-09 -2.8901334738e-09
1606 -6.9635151386e-23 -4.7603350868e-10 -2.4155868881e-09 -2.8916203967e-09
1607 -6.9392994054e-23 -4.7760963424e-10 -2.4154976854e-09 -2.8931073197e-09
1608 -6.9149796654e-23 -4.7918575980e-10 -2.4154084828e-09 -2.8945942426e-09
1609 -6.8907565460e-23 -4.8076188536e-10 -2.4153192801e-09 -2.8960811655e-09
1610 -6.8668514541e-23 -4.8233801092e-10 -2.4152300774e-09 -2.8975680884e-09
1611 -6.8430406449e-23 -4.8391413648e-10 -2.4151408748e-09 -2.8990550113e-09
1612 -6.8191117862e-23 -4.8549026204e-10 -2.4150516721e-09 -2.9005419342e-09
1613 -6.7954889731e-23 -4.8706638761e-10 -2.4149624695e-09 -2.9020288571e-09
1614 -6.7719777128e-23 -4.8864251317e-10 -2.4148732668e-09 -2.9035157800e-09
1615 -6.7483455894e-23 -4.9021863873e-10 -2.4147840642e-09 -2.9050027029e-09
1616 -6.7250384878e-23 -4.9179476429e-10 -2.4146948615e-09 -2.9064896258e-09
1617 -6.7018353359e-23 -4.9337088985e-10 -2.4146056588e-09 -2.9079765487e-09
1618 -6.6787539987e-23 -4.9494701541e-10 -2.4145164562e-09 -2.9094634716e-09
1619 -6.6557983693e-23 -4.9652314097e-10 -2.4144272535e-09 -2.9109503945e-09
1620 -6.6329713642e-23 -4.9809926653e-10 -2.4143380509e-09 -2.9124373174e-09
1621 -6.6102850421e-23 -4.9967539209e-10 -2.4142488482e-09 -2.9139242403e-09
1622 -6.5877474488e-23 -5.0125151766e-10 -2.4141596456e-09 -2.9154111632e-09
1623 -6.5655707692e-23 -5.0282764322e-10 -2.4132180619e-09 -2.9160457051e-09
1624 -6.5433550320e-23 -5.0440376878e-10 -2.4122764782e-09 -2.9166802470e-09
1625 -6.5213108188e-23 -5.0597989434e-10 -2.4113348945e-09 -2.9173147889e-09
1626 -6.4996565023e-23 -5.0755601990e-10 -2.4103933108e-09 -2.9179493307e-09
1627 -6.4779819012e-23 -5.0913214546e-10 -2.4094517272e-09 -2.9185838726e-09
1628 -6.4567102872e-23 -5.1070827102e-10 -2.4085101435e-09 -2.9192184145e-09
1629 -6.4354326209e-23 -5.1228439658e-10 -2.4075685598e-09 -2.9198529564e-09
1630 -6.4145723959e-23 -5.1386052214e-10 -2.4066269761e-09 -2.9204874983e-09
1631 -6.3937243436e-23 -5.1543664771e-10 -2.4056853924e-09 -2.9211220402e-09
1632 -6.3733085363e-23 -5.1701277327e-10 -2.4047438088e-09 -2.9217565820e-09
1633 -6.3531226214e-23 -5.1858889883e-10 -2.4038022251e-09 -2.9223911239e-09
1634 -6.3329829045e-23 -5.2016502439e-10 -2.4028606414e-09 -2.9230256658e-09
1635 -6.3132896137e-23 -5.2174114995e-10 -2.4019190577e-09 -2.9236602077e-09
1636 -6.2938557107e-23 -5.2331727551e-10 -2.4009774741e-09 -2.9242947496e-09
1637 -6.2746843839e-23 -5.2489340107e-10 -2.4000358904e-09 -2.9249292915e-09
1638 -6.2557823445e-23 -5.2646952663e-10 -2.3990943067e-09 -2.9255638333e-09
1639 -6.2371531184e-23 -5.2804565219e-10 -2.3981527230e-09 -2.9261983752e-09
1640 -6.2188038666e-23 -5.2962177775e-10 -2.3972111393e-09 -2.9268329171e-09
1641 -6.2007384649e-23 -5.3119790332e-10 -2.3962695557e-09 -2.9274674590e-09
1642 -6.1829627437e-23 -5.3277402888e-10 -2.3953279720e-09 -2.9281020009e-09
1643 -6.1656809170e-23 -5.3435015444e-10 -2.3937241223e-09 -2.9280742767e-09
1644 -6.1485025661e-23 -5.3592628000e-10 -2.3921202726e-09 -2.9280465526e-09
1645 -6.1316301697e-23 -5.3750240556e-10 -2.3905164229e-09 -2.9280188284e-09
1646 -6.1152699176e-23 -5.3907853112e-10 -2.3889125732e-09 -2.9279911043e-09
1647 -6.0990252470e-23 -5.4065465668e-10 -2.3873087235e-09 -2.9279633801e-09
1648 -6.0832974936e-23 -5.4223078224e-10 -2.3857048737e-09 -2.9279356560e-09
1649 -6.0676913581e-23 -5.4380690780e-10 -2.3841010240e-09 -2.9279079318e-09
1650 -6.0526054219e-23 -5.4538303337e-10 -2.3824971743e-09 -2.9278802077e-09
1651 -6.0376454362e-23 -5.4695915893e-10 -2.3808933246e-09 -2.9278524835e-09
1652 -6.0232074136e-23 -5.4853528449e-10 -2.3792894749e-09 -2.9278247594e-09
1653 -6.0090654960e-23 -5.5011141005e-10 -2.3776856252e-09 -2.9277970353e-09
1654 -5.9949984917e-23 -5.5168753561e-10 -2.3760817755e-09 -2.9277693111e-09
1655 -5.9813856494e-23 -5.5326366117e-10 -2.3744779258e-09 -2.9277415870e-09
1656 -5.9680206533e-23 -5.5483978673e-10 -2.3728740761e-09 -2.9277138628e-09
1657 -5.9548945793e-23 -5.5641591229e-10 -2.3712702264e-09 -2.9276861387e-09
1658 -5.9420033260e-23 -5.5799203785e-10 -2.3696663767e-09 -2.9276584145e-09
1659 -5.9293386761e-23 -5.5956816342e-10 -2.3680625270e-09 -2.9276306904e-09
1660 -5.9168971677e-23 -5.6114428898e-10 -2.3664586773e-09 -2.9276029662e-09
1661 -5.9046722050e-23 -5.6272041454e-10 -2.3648548276e-09 -2.9275752421e-09
1662 -5.8926611044e-23 -5.6429654010e-10 -2.3632509778e-09 -2.9275475179e-09
1663 -5.8810514769e-23 -5.6587266566e-10 -2.3603786999e-09 -2.9262513656e-09
1664 -5.8694526162e-23 -5.6744879122e-10 -2.3575064220e-09 -2.9249552132e-09
1665 -5.8580519201e-23 -5.6902491678e-10 -2.3546341441e-09 -2.9236590609e-09
1666 -5.8468477507e-23 -5.7060104234e-10 -2.3517618662e-09 -2.9223629085e-09
1667 -5.8360261863e-23 -5.7217716790e-10 -2.3488895883e-09 -2.9210667562e-09
1668 -5.8251983401e-23 -5.7375329346e-10 -2.3460173103e-09 -2.9197706038e-09
1669 -5.8147433445e-23 -5.7532941903e-10 -2.3431450324e-09 -2.9184744515e-09
1670 -5.8042739098e-23 -5.7690554459e-10 -2.3402727545e-09 -2.9171782991e-09
1671 -5.7941716924e-23 -5.7848167015e-10 -2.3374004766e-09 -2.9158821467e-09
1672 -5.7842404249e-23 -5.8005779571e-10 -2.3345281987e-09 -2.9145859944e-09
1673 -5.7742819696e-23 -5.8163392127e-10 -2.3316559208e-09 -2.9132898420e-09
1674 -5.7646784844e-23 -5.8321004683e-10 -2.3287836429e-09 -2.9119936897e-09
1675 -5.7552282556e-23 -5.8478617239e-10 -2.3259113649e-09 -2.9106975373e-09
1676 -5.7459291479e-23 -5.8636229795e-10 -2.3230390870e-09 -2.9094013850e-09
1677 -5.7365794530e-23 -5.8793842351e-10 -2.3201668091e-09 -2.9081052326e-09
1678 -5.7275594992e-23 -5.8951454908e-10 -2.3172945312e-09 -2.9068090803e-09
1679 -5.7186681825e-23 -5.9109067464e-10 -2.3144222533e-09 -2.9055129279e-09
1680 -5.7099014543e-23 -5.9266680020e-10 -2.3115499754e-09 -2.9042167756e-09
1681 -5.7012493043e-23 -5.9424292576e-10 -2.3086776974e-09 -2.9029206232e-09
1682 -5.6927065494e-23 -5.9581905132e-10 -2.3058054195e-09 -2.9016244708e-09
1683 -5.6844512357e-23 -5.9739517688e-10 -2.3023098629e-09 -2.8997050398e-09
1684 -5.6760976120e-23 -5.9897130244e-10 -2.2988143064e-09 -2.8977856088e-09
1685 -5.6678261342e-23 -6.0054742800e-10 -2.2953187498e-09 -2.8958661778e-09
1686 -5.6596309732e-23 -6.0212355356e-10 -2.2918231932e-09 -2.8939467468e-09
1687 -5.6516913878e-23 -6.0369967913e-10 -2.2883276366e-09 -2.8920273158e-09
1688 -5.6436194594e-23 -6.0527580469e-10 -2.2848320801e-09 -2.8901078847e-09
1689 -5.6355943002e-23 -6.0685193025e-10 -2.2813365235e-09 -2.8881884537e-09
1690 -5.6278003406e-23 -6.0842805581e-10 -2.2778409669e-09 -2.8862690227e-09
1691 -5.6198428818e-23 -6.1000418137e-10 -2.2743454103e-09 -2.8843495917e-09
1692 -5.6120963474e-23 -6.1158030693e-10 -2.2708498538e-09 -2.8824301607e-09
1693 -5.6043561988e-23 -6.1315643249e-10 -2.2673542972e-09 -2.8805107297e-09
1694 -5.5964254763e-23 -6.1473255805e-10 -2.2638587406e-09 -2.8785912987e-09
1695 -5.5886707689e-23 -6.1630868361e-10 -2.2603631840e-09 -2.8766718676e-09
1696 -5.5808917770e-23 -6.1788480917e-10 -2.2568676274e-09 -2.8747524366e-09
1697 -5.5730761342e-23 -6.1946093474e-10 -2.2533720709e-09 -2.8728330056e-09
1698 -5.5650245877e-23 -6.2103706030e-10 -2.2498765143e-09 -2.8709135746e-09
1699 -5.5571033360e-23 -6.2261318586e-10 -2.2463809577e-09 -2.8689941436e-09
1700 -5.5491119187e-23 -6.2418931142e-10 -2.2428854011e-09 -2.8670747126e-09
1701 -5.5410378180e-23 -6.2576543698e-10 -2.2393898446e-09 -2.8651552815e-09
1702 -5.5328701430e-23 -6.2734156254e-10 -2.2358942880e-09 -2.8632358505e-09
1703 -5.5246716621e-23 -6.2733131331e-10 -2.2320438301e-09 -2.8593751434e-09
1704 -5.5165066411e-23 -6.2732106408e-10 -2.2281933723e-09 -2.8555144364e-09
1705 -5.5083973385e-23 -6.2731081484e-10 -2.2243429144e-09 -2.8516537293e-09
1706 -5.5005568409e-23 -6.2730056561e-10 -2.2204924566e-09 -2.8477930222e-09
1707 -5.4926183191e-23 -6.2729031638e-10 -2.2166419987e-09 -2.8439323151e-09
1708 -5.4847847181e-23 -6.2728006715e-10 -2.2127915409e-09 -2.8400716080e-09
1709 -5.4770607323e-23 -6.2726981791e-10 -2.2089410830e-09 -2.8362109010e-09
1710 -5.4696428103e-23 -6.2725956868e-10 -2.2050906252e-09 -2.8323501939e-09
1711 -5.4621548215e-23 -6.2724931945e-10 -2.2012401674e-09 -2.8284894868e-09
1712 -5.4549784925e-23 -6.2723907022e-10 -2.1973897095e-09 -2.8246287797e-09
1713 -5.4477351775e-23 -6.2722882098e-10 -2.1935392517e-09 -2.8207680726e-09
1714 -5.4408037559e-23 -6.2721857175e-10 -2.1896887938e-09 -2.8169073656e-09
1715 -5.4338036503e-23 -6.2720832252e-10 -2.1858383360e-09 -2.8130466585e-09
1716 -5.4271116013e-23 -6.2719807329e-10 -2.1819878781e-09 -2.8091859514e-09
1717 -5.4205335535e-23 -6.2718782405e-10 -2.1781374203e-09 -2.8053252443e-09
1718 -5.4138795671e-23 -6.2717757482e-10 -2.1742869624e-09 -2.8014645372e-09
1719 -5.4075203801e-23 -6.2716732559e-10 -2.1704365046e-09 -2.7976038302e-09
1720 -5.4012643909e-23 -6.2715707636e-10 -2.1665860467e-09 -2.7937431231e-09
1721 -5.3951038945e-23 -6.2714682712e-10 -2.1627355889e-09 -2.7898824160e-09
1722 -5.3890344007e-23 -6.2713657789e-10 -2.1588851310e-09 -2.7860217089e-09
1723 -5.3828568734e-23 -6.2712632866e-10 -2.1548398524e-09 -2.7819661811e-09
1724 -5.3769415319e-23 -6.2711607943e-10 -2.1507945738e-09 -2.7779106532e-09
1725 -5.3710902885e-23 -6.2710583019e-10 -2.1467492952e-09 -2.7738551254e-09
1726 -5.3652951541e-23 -6.2709558096e-10 -2.1427040166e-09 -2.7697995975e-09
1727 -5.3597350816e-23 -6.2708533173e-10 -2.1386587380e-09 -2.7657440697e-09
1728 -5.3540262187e-23 -6.2707508249e-10 -2.1346134594e-09 -2.7616885418e-09
1729 -5.3483449167e-23 -6.2706483326e-10 -2.1305681807e-09 -2.7576330140e-09
1730 -5.3426847771e-23 -6.2705458403e-10 -2.1265229021e-09 -2.7535774862e-09
1731 -5.3370347765e-23 -6.2704433480e-10 -2.1224776235e-09 -2.7495219583e-09
1732 -5.3315750863e-23 -6.2703408556e-10 -2.1184323449e-09 -2.7454664305e-09
1733 -5.3259196021e-23 -6.2702383633e-10 -2.1143870663e-09 -2.7414109026e-09
1734 -5.3202468861e-23 -6.2701358710e-10 -2.1103417877e-09 -2.7373553748e-09
1735 -5.3147330261e-23 -6.2700333787e-10 -2.1062965090e-09 -2.7332998469e-09
1736 -5.3089910502e-23 -6.2699308863e-10 -2.1022512304e-09 -2.7292443191e-09
1737 -5.3033870494e-23 -6.2698283940e-10 -2.0982059518e-09 -2.7251887912e-09
1738 -5.2975292374e-23 -6.2697259017e-10 -2.0941606732e-09 -2.7211332634e-09
1739 -5.2917861114e-23 -6.2696234094e-10 -2.0901153946e-09 -2.7170777355e-09
1740 -5.2859561595e-23 -6.2695209170e-10 -2.0860701160e-09 -2.7130222077e-09
1741 -5.2798414454e-23 -6.2694184247e-10 -2.0820248374e-09 -2.7089666798e-09
1742 -5.2738048396e-23 -6.2693159324e-10 -2.0779795587e-09 -2.7049111520e-09
1743 -5.2676476881e-23 -6.2692134401e-10 -2.0747925152e-09 -2.7017138592e-09
1744 -5.2613569339e-23 -6.2691109477e-10 -2.0716054716e-09 -2.6985165664e-09
1745 -5.2547374391e-23 -6.2690084554e-10 -2.0684184280e-09 -2.6953192736e-09
1746 -5.2481563596e-23 -6.2689059631e-10 -2.0652313844e-09 -2.6921219807e-09
1747 -5.2414119584e-23 -6.2688034708e-10 -2.0620443409e-09 -2.6889246879e-09
1748 -5.2344926383e-23 -6.2687009784e-10 -2.0588572973e-09 -2.6857273951e-09
1749 -5.2273848875e-23 -6.2685984861e-10 -2.0556702537e-09 -2.6825301023e-09
1750 -5.2200845633e-23 -6.2684959938e-10 -2.0524832101e-09 -2.6793328095e-09
1751 -5.2125769251e-23 -6.2683935015e-10 -2.0492961665e-09 -2.6761355167e-09
1752 -5.2048575082e-23 -6.2682910091e-10 -2.0461091230e-09 -2.6729382239e-09
1753 -5.1971543759e-23 -6.2681885168e-10 -2.0429220794e-09 -2.6697409311e-09
1754 -5.1891379850e-23 -6.2680860245e-10 -2.0397350358e-09 -2.6665436383e-09
1755 -5.1810071095e-23 -6.2679835322e-10 -2.0365479922e-09 -2.6633463454e-09
1756 -5.1727806396e-23 -6.2678810398e-10 -2.0333609487e-09 -2.6601490526e-09
1757 -5.1646531300e-23 -6.2677785475e-10 -2.0301739051e-09 -2.6569517598e-09
1758 -5.1562599399e-23 -6.2676760552e-10 -2.0269868615e-09 -2.6537544670e-09
1759 -5.1477896067e-23 -6.2675735629e-10 -2.0237998179e-09 -2.6505571742e-09
1760 -5.1394329760e-23 -6.2674710705e-10 -2.0206127743e-09 -2.6473598814e-09
1761 -5.1308222201e-23 -6.2673685782e-10 -2.0174257308e-09 -2.6441625886e-09
1762 -5.1223277110e-23 -6.2672660859e-10 -2.0142386872e-09 -2.6409652958e-09
1763 -5.1137660522e-23 -6.2671635936e-10 -2.0115870483e-09 -2.6383034077e-09
1764 -5.1049490378e-23 -6.2670611012e-10 -2.0089354094e-09 -2.6356415196e-09
1765 -5.0962470852e-23 -6.2669586089e-10 -2.0062837706e-09 -2.6329796314e-09
1766 -5.0872885498e-23 -6.2668561166e-10 -2.0036321317e-09 -2.6303177433e-09
1767 -5.0784516265e-23 -6.2667536243e-10 -2.0009804928e-09 -2.6276558552e-09
1768 -5.0695368698e-23 -6.2666511319e-10 -1.9983288539e-09 -2.6249939671e-09
1769 -5.0605514711e-23 -6.2665486396e-10 -1.9956772151e-09 -2.6223320790e-09
1770 -5.0514817692e-23 -6.2664461473e-10 -1.9930255762e-09 -2.6196701909e-09
1771 -5.0421477689e-23 -6.2663436550e-10 -1.9903739373e-09 -2.6170083028e-09
1772 -5.0329042002e-23 -6.2662411626e-10 -1.9877222984e-09 -2.6143464147e-09
1773 -5.0235773200e-23 -6.2661386703e-10 -1.9850706596e-09 -2.6116845266e-09
1774 -5.0141536181e-23 -6.2660361780e-10 -1.9824190207e-09 -2.6090226385e-09
1775 -5.0046437078e-23 -6.2659336856e-10 -1.9797673818e-09 -2.6063607504e-09
1776 -4.9950339674e-23 -6.2658311933e-10 -1.9771157429e-09 -2.6036988623e-09
1777 -4.9855159080e-23 -6.2657287010e-10 -1.9744641041e-09 -2.6010369742e-09
1778 -4.9757084634e-23 -6.2656262087e-10 -1.9718124652e-09 -2.5983750861e-09
1779 -4.9658024125e-23 -6.2655237163e-10 -1.9691608263e-09 -2.5957131980e-09
1780 -4.9557877786e-23 -6.2654212240e-10 -1.9665091875e-09 -2.5930513099e-09
1781 -4.9456701697e-23 -6.2653187317e-10 -1.9638575486e-09 -2.5903894217e-09
1782 -4.9356235861e-23 -6.2652162394e-10 -1.9612059097e-09 -2.5877275336e-09
1783 -4.9252845147e-23 -6.2651137470e-10 -1.9592085888e-09 -2.5857199635e-09
1784 -4.9148311073e-23 -6.2650112547e-10 -1.9572112679e-09 -2.5837123934e-09
1785 -4.9044419826e-23 -6.2649087624e-10 -1.9552139470e-09 -2.5817048233e-09
1786 -4.8937545749e-23 -6.2648062701e-10 -1.9532166262e-09 -2.5796972532e-09
1787 -4.8831323149e-23 -6.2647037777e-10 -1.9512193053e-09 -2.5776896830e-09
1788 -4.8722097449e-23 -6.2646012854e-10 -1.9492219844e-09 -2.5756821129e-09
1789 -4.8613467004e-23 -6.2644987931e-10 -1.9472246635e-09 -2.5736745428e-09
1790 -4.8501834449e-23 -6.2643963008e-10 -1.9452273426e-09 -2.5716669727e-09
1791 -4.8390721658e-23 -6.2642938084e-10 -1.9432300217e-09 -2.5696594026e-09
1792 -4.8278404009e-23 -6.2641913161e-10 -1.9412327008e-09 -2.5676518324e-09
1793 -4.8162940494e-23 -6.2640888238e-10 -1.9392353799e-09 -2.5656442623e-09
1794 -4.8048062931e-23 -6.2639863315e-10 -1.9372380591e-09 -2.5636366922e-09
1795 -4.7931884116e-23 -6.2638838391e-10 -1.9352407382e-09 -2.5616291221e-09
1796 -4.7814424380e-23 -6.2637813468e-10 -1.9332434173e-09 -2.5596215520e-09
1797 -4.7695618994e-23 -6.2636788545e-10 -1.9312460964e-09 -2.5576139818e-09
1798 -4.7575533181e-23 -6.2635763622e-10 -1.9292487755e-09 -2.5556064117e-09
1799 -4.7452323991e-23 -6.2634738698e-10 -1.9272514546e-09 -2.5535988416e-09
1800 -4.7329560517e-23 -6.2633713775e-10 -1.9252541337e-09 -2.5515912715e-09
1801 -4.7205442690e-23 -6.2632688852e-10 -1.9232568128e-09 -2.5495837014e-09
1802 -4.7079972759e-23 -6.2631663929e-10 -1.9212594920e-09 -2.5475761312e-09
1803 -4.6955098299e-23 -6.2526581827e-10 -1.9203697915e-09 -2.5456356097e-09
1804 -4.6827421499e-23 -6.2421499725e-10 -1.9194800910e-09 -2.5436950882e-09
1805 -4.6698778349e-23 -6.2316417623e-10 -1.9185903905e-09 -2.5417545667e-09
1806 -4.6569203010e-23 -6.2211335521e-10 -1.9177006900e-09 -2.5398140452e-09
1807 -4.6438816911e-23 -6.2106253419e-10 -1.9168109895e-09 -2.5378735237e-09
1808 -4.6307652697e-23 -6.2001171317e-10 -1.9159212890e-09 -2.5359330021e-09
1809 -4.6177531752e-23 -6.1896089215e-10 -1.9150315885e-09 -2.5339924806e-09
1810 -4.6044969003e-23 -6.1791007113e-10 -1.9141418880e-09 -2.5320519591e-09
1811 -4.5911811466e-23 -6.1685925011e-10 -1.9132521875e-09 -2.5301114376e-09
1812 -4.5779824820e-23 -6.1580842909e-10 -1.9123624870e-09 -2.5281709161e-09
1813 -4.5645573886e-23 -6.1475760807e-10 -1.9114727865e-09 -2.5262303946e-09
1814 -4.5512601046e-23 -6.1370678705e-10 -1.9105830860e-09 -2.5242898730e-09
1815 -4.5377472516e-23 -6.1265596603e-10 -1.9096933855e-09 -2.5223493515e-09
1816 -4.5243691449e-23 -6.1160514501e-10 -1.9088036850e-09 -2.5204088300e-09
1817 -4.5107865220e-23 -6.1055432399e-10 -1.9079139845e-09 -2.5184683085e-09
1818 -4.4973475069e-23 -6.0950350297e-10 -1.9070242840e-09 -2.5165277870e-09
1819 -4.4838876096e-23 -6.0845268195e-10 -1.9061345835e-09 -2.5145872655e-09
1820 -4.4702369521e-23 -6.0740186093e-10 -1.9052448830e-09 -2.5126467440e-09
1821 -4.4567485125e-23 -6.0635103991e-10 -1.9043551825e-09 -2.5107062224e-09
1822 -4.4432476332e-23 -6.0530021889e-10 -1.9034654820e-09 -2.5087657009e-09
1823 -4.4297522569e-23 -6.0424939787e-10 -1.9030772939e-09 -2.5073266917e-09
1824 -4.4160829855e-23 -6.0319857685e-10 -1.9026891057e-09 -2.5058876825e-09
1825 -4.4025988871e-23 -6.0214775583e-10 -1.9023009175e-09 -2.5044486733e-09
1826 -4.3891202956e-23 -6.0109693481e-10 -1.9019127293e-09 -2.5030096641e-09
1827 -4.3756666670e-23 -6.0004611379e-10 -1.9015245412e-09 -2.5015706550e-09
1828 -4.3622316053e-23 -5.9899529277e-10 -1.9011363530e-09 -2.5001316458e-09
1829 -4.3488318125e-23 -5.9794447175e-10 -1.9007481648e-09 -2.4986926366e-09
1830 -4.3354613292e-23 -5.9689365073e-10 -1.9003599766e-09 -2.4972536274e-09
1831 -4.3221349982e-23 -5.9584282971e-10 -1.8999717885e-09 -2.4958146182e-09
1832 -4.3088469555e-23 -5.9479200869e-10 -1.8995836003e-09 -2.4943756090e-09
1833 -4.2956156677e-23 -5.9374118767e-10 -1.8991954121e-09 -2.4929365998e-09
1834 -4.2825978161e-23 -5.9269036665e-10 -1.8988072239e-09 -2.4914975906e-09
1835 -4.2694798617e-23 -5.9163954563e-10 -1.8984190358e-09 -2.4900585814e-09
1836 -4.2564167256e-23 -5.9058872461e-10 -1.8980308476e-09 -2.4886195722e-09
1837 -4.2434253709e-23 -5.8953790359e-10 -1.8976426594e-09 -2.4871805630e-09
1838 -4.2306684674e-23 -5.8848708257e-10 -1.8972544712e-09 -2.4857415538e-09
1839 -4.2178237594e-23 -5.8743626155e-10 -1.8968662831e-09 -2.4843025446e-09
1840 -4.2050545016e-23 -5.8638544053e-10 -1.8964780949e-09 -2.4828635354e-09
1841 -4.1925400074e-23 -5.8533461951e-10 -1.8960899067e-09 -2.4814245262e-09
1842 -4.1799431251e-23 -5.8428379849e-10 -1.8957017185e-09 -2.4799855170e-09
1843 -4.1676087609e-23 -5.8323297747e-10 -1.8961183436e-09 -2.4793513211e-09
1844 -4.1552024574e-23 -5.8218215645e-10 -1.8965349687e-09 -2.4787171251e-09
1845 -4.1430664039e-23 -5.8113133543e-10 -1.8969515938e-09 -2.4780829292e-09
1846 -4.1308670500e-23 -5.8008051441e-10 -1.8973682188e-09 -2.4774487332e-09
1847 -4.1189442076e-23 -5.7902969339e-10 -1.8977848439e-09 -2.4768145373e-09
1848 -4.1069689221e-23 -5.7797887237e-10 -1.8982014690e-09 -2.4761803413e-09
1849 -4.0952828224e-23 -5.7692805135e-10 -1.8986180940e-09 -2.4755461454e-09
1850 -4.0837136651e-23 -5.7587723033e-10 -1.8990347191e-09 -2.4749119494e-09
1851 -4.0721158169e-23 -5.7482640931e-10 -1.8994513442e-09 -2.4742777535e-09
1852 -4.0608057043e-23 -5.7377558829e-10 -1.8998679692e-09 -2.4736435575e-09
1853 -4.0495942383e-23 -5.7272476727e-10 -1.9002845943e-09 -2.4730093616e-09
1854 -4.0384331097e-23 -5.7167394625e-10 -1.9007012194e-09 -2.4723751656e-09
1855 -4.0273172833e-23 -5.7062312523e-10 -1.9011178444e-09 -2.4717409697e-09
1856 -4.0162235842e-23 -5.6957230421e-10 -1.9015344695e-09 -2.4711067737e-09
1857 -4.0051550303e-23 -5.6852148319e-10 -1.9019510946e-09 -2.4704725778e-09
1858 -3.9939252701e-23 -5.6747066217e-10 -1.9023677196e-09 -2.4698383818e-09
1859 -3.9828638503e-23 -5.6641984115e-10 -1.9027843447e-09 -2.4692041859e-09
1860 -3.9719487382e-23 -5.6536902013e-10 -1.9032009698e-09 -2.4685699899e-09
1861 -3.9608728222e-23 -5.6431819911e-10 -1.9036175948e-09 -2.4679357940e-09
1862 -3.9497760783e-23 -5.6326737809e-10 -1.9040342199e-09 -2.4673015980e-09
1863 -3.9386717815e-23 -5.6221655707e-10 -1.9044815632e-09 -2.4666981203e-09
1864 -3.9275464034e-23 -5.6116573605e-10 -1.9049289066e-09 -2.4660946426e-09
1865 -3.9164085473e-23 -5.6011491503e-10 -1.9053762499e-09 -2.4654911649e-09
1866 -3.9052476192e-23 -5.5906409401e-10 -1.9058235932e-09 -2.4648876872e-09
1867 -3.8942266293e-23 -5.5801327299e-10 -1.9062709365e-09 -2.4642842095e-09
1868 -3.8830280975e-23 -5.5696245197e-10 -1.9067182799e-09 -2.4636807318e-09
1869 -3.8718147635e-23 -5.5591163095e-10 -1.9071656232e-09 -2.4630772541e-09
1870 -3.8607368454e-23 -5.5486080993e-10 -1.9076129665e-09 -2.4624737764e-09
1871 -3.8494963497e-23 -5.5380998891e-10 -1.9080603098e-09 -2.4618702987e-09
1872 -3.8382351026e-23 -5.5275916789e-10 -1.9085076532e-09 -2.4612668211e-09
1873 -3.8271259629e-23 -5.5170834687e-10 -1.9089549965e-09 -2.4606633434e-09
1874 -3.8158495065e-23 -5.5065752585e-10 -1.9094023398e-09 -2.4600598657e-09
1875 -3.8047295289e-23 -5.4960670483e-10 -1.9098496831e-09 -2.4594563880e-09
1876 -3.7934517999e-23 -5.4855588381e-10 -1.9102970265e-09 -2.4588529103e-09
1877 -3.7823352456e-23 -5.4750506279e-10 -1.9107443698e-09 -2.4582494326e-09
1878 -3.7710722692e-23 -5.4645424177e-10 -1.9111917131e-09 -2.4576459549e-09
1879 -3.7599789606e-23 -5.4540342075e-10 -1.9116390564e-09 -2.4570424772e-09
1880 -3.7489007318e-23 -5.4435259973e-10 -1.9120863998e-09 -2.4564389995e-09
1881 -3.7376955015e-23 -5.4330177871e-10 -1.9125337431e-09 -2.4558355218e-09
1882 -3.7266666957e-23 -5.4225095769e-10 -1.9129810864e-09 -2.4552320441e-09
1883 -3.7156778816e-23 -5.4120013667e-10 -1.9133590056e-09 -2.4545591423e-09
1884 -3.7047281804e-23 -5.4014931565e-10 -1.9137369248e-09 -2.4538862404e-09
1885 -3.6936804328e-23 -5.3909849463e-10 -1.9141148439e-09 -2.4532133386e-09
1886 -3.6828367866e-23 -5.3804767361e-10 -1.9144927631e-09 -2.4525404367e-09
1887 -3.6720639311e-23 -5.3699685259e-10 -1.9148706823e-09 -2.4518675349e-09
1888 -3.6613573687e-23 -5.3594603157e-10 -1.9152486015e-09 -2.4511946330e-09
1889 -3.6507335566e-23 -5.3489521055e-10 -1.9156265206e-09 -2.4505217312e-09
1890 -3.6401952458e-23 -5.3384438953e-10 -1.9160044398e-09 -2.4498488293e-09
1891 -3.6297526576e-23 -5.3279356851e-10 -1.9163823590e-09 -2.4491759275e-09
1892 -3.6194116658e-23 -5.3174274749e-10 -1.9167602782e-09 -2.4485030256e-09
1893 -3.6091793805e-23 -5.3069192647e-10 -1.9171381973e-09 -2.4478301238e-09
1894 -3.5990640393e-23 -5.2964110545e-10 -1.9175161165e-09 -2.4471572220e-09
1895 -3.5890771196e-23 -5.2859028443e-10 -1.9178940357e-09 -2.4464843201e-09
1896 -3.5792225213e-23 -5.2753946341e-10 -1.9182719549e-09 -2.4458114183e-09
1897 -3.5695109108e-23 -5.2648864239e-10 -1.9186498740e-09 -2.4451385164e-09
1898 -3.5600946952e-23 -5.2543782137e-10 -1.9190277932e-09 -2.4444656146e-09
1899 -3.5506929684e-23 -5.2438700035e-10 -1.9194057124e-09 -2.4437927127e-09
1900 -3.5414619966e-23 -5.2333617933e-10 -1.9197836315e-09 -2.4431198109e-09
1901 -3.5324066616e-23 -5.2228535831e-10 -1.9201615507e-09 -2.4424469090e-09
1902 -3.5236838207e-23 -5.2123453729e-10 -1.9205394699e-09 -2.4417740072e-09
1903 -3.5149496357e-23 -5.2073961949e-10 -1.9209013953e-09 -2.4416410148e-09
1904 -3.5063014366e-23 -5.2024470169e-10 -1.9212633207e-09 -2.4415080224e-09
1905 -3.4978635692e-23 -5.1974978389e-10 -1.9216252462e-09 -2.4413750300e-09
1906 -3.4893252067e-23 -5.1925486609e-10 -1.9219871716e-09 -2.4412420377e-09
1907 -3.4809707247e-23 -5.1875994829e-10 -1.9223490970e-09 -2.4411090453e-09
1908 -3.4724909072e-23 -5.1826503048e-10 -1.9227110224e-09 -2.4409760529e-09
1909 -3.4641756874e-23 -5.1777011268e-10 -1.9230729478e-09 -2.4408430605e-09
1910 -3.4557269133e-23 -5.1727519488e-10 -1.9234348732e-09 -2.4407100681e-09
1911 -3.4474339672e-23 -5.1678027708e-10 -1.9237967987e-09 -2.4405770757e-09
1912 -3.4391498206e-23 -5.1628535928e-10 -1.9241587241e-09 -2.4404440834e-09
1913 -3.4307285653e-23 -5.1579044148e-10 -1.9245206495e-09 -2.4403110910e-09
1914 -3.4224566537e-23 -5.1529552367e-10 -1.9248825749e-09 -2.4401780986e-09
1915 -3.4141924634e-23 -5.1480060587e-10 -1.9252445003e-09 -2.4400451062e-09
1916 -3.4057934454e-23 -5.1430568807e-10 -1.9256064258e-09 -2.4399121138e-09
1917 -3.3975462165e-23 -5.1381077027e-10 -1.9259683512e-09 -2.4397791214e-09
1918 -3.3893106758e-23 -5.1331585247e-10 -1.9263302766e-09 -2.4396461291e-09
1919 -3.3810889659e-23 -5.1282093467e-10 -1.9266922020e-09 -2.4395131367e-09
1920 -3.3727375821e-23 -5.1232601686e-10 -1.9270541274e-09 -2.4393801443e-09
1921 -3.3645459419e-23 -5.1183109906e-10 -1.9274160529e-09 -2.4392471519e-09
1922 -3.3563751251e-23 -5.1133618126e-10 -1.9277779783e-09 -2.4391141595e-09
1923 -3.3482297568e-23 -5.1084126346e-10 -1.9271003940e-09 -2.4379416575e-09
1924 -3.3401087188e-23 -5.1034634566e-10 -1.9264228098e-09 -2.4367691554e-09
1925 -3.3320240226e-23 -5.0985142786e-10 -1.9257452255e-09 -2.4355966534e-09
1926 -3.3239725923e-23 -5.0935651005e-10 -1.9250676413e-09 -2.4344241513e-09
1927 -3.3159659859e-23 -5.0886159225e-10 -1.9243900570e-09 -2.4332516493e-09
1928 -3.3080004174e-23 -5.0836667445e-10 -1.9237124728e-09 -2.4320791472e-09
1929 -3.3000876401e-23 -5.0787175665e-10 -1.9230348886e-09 -2.4309066452e-09
1930 -3.2922257902e-23 -5.0737683885e-10 -1.9223573043e-09 -2.4297341432e-09
1931 -3.2845617737e-23 -5.0688192105e-10 -1.9216797201e-09 -2.4285616411e-09
1932 -3.2768183154e-23 -5.0638700324e-10 -1.9210021358e-09 -2.4273891391e-09
1933 -3.2691432446e-23 -5.0589208544e-10 -1.9203245516e-09 -2.4262166370e-09
1934 -3.2615366157e-23 -5.0539716764e-10 -1.9196469673e-09 -2.4250441350e-09
1935 -3.2540061130e-23 -5.0490224984e-10 -1.9189693831e-09 -2.4238716329e-09
1936 -3.2466882933e-23 -5.0440733204e-10 -1.9182917988e-09 -2.4226991309e-09
1937 -3.2393163214e-23 -5.0391241424e-10 -1.9176142146e-09 -2.4215266288e-09
1938 -3.2320302096e-23 -5.0341749643e-10 -1.9169366303e-09 -2.4203541268e-09
1939 -3.2249706669e-23 -5.0292257863e-10 -1.9162590461e-09 -2.4191816247e-09
1940 -3.2178678922e-23 -5.0242766083e-10 -1.9155814618e-09 -2.4180091227e-09
1941 -3.2109998138e-23 -5.0193274303e-10 -1.9149038776e-09 -2.4168366206e-09
1942 -3.2040946875e-23 -5.0143782523e-10 -1.9142262934e-09 -2.4156641186e-09
1943 -3.1972940426e-23 -5.0094290743e-10 -1.9127695561e-09 -2.4137124636e-09
1944 -3.1907402937e-23 -5.0044798962e-10 -1.9113128189e-09 -2.4117608086e-09
1945 -3.1842949509e-23 -4.9995307182e-10 -1.9098560817e-09 -2.4098091536e-09
1946 -3.1778250686e-23 -4.9945815402e-10 -1.9083993445e-09 -2.4078574986e-09
1947 -3.1716031737e-23 -4.9896323622e-10 -1.9069426073e-09 -2.4059058435e-09
1948 -3.1653591731e-23 -4.9846831842e-10 -1.9054858701e-09 -2.4039541885e-09
1949 -3.1593643528e-23 -4.9797340062e-10 -1.9040291329e-09 -2.4020025335e-09
1950 -3.1534869064e-23 -4.9747848281e-10 -1.9025723957e-09 -2.4000508785e-09
1951 -3.1475896739e-23 -4.9698356501e-10 -1.9011156585e-09 -2.3980992235e-09
1952 -3.1419490802e-23 -4.9648864721e-10 -1.8996589213e-09 -2.3961475685e-09
1953 -3.1364186912e-23 -4.9599372941e-10 -1.8982021841e-09 -2.3941959135e-09
1954 -3.1309952017e-23 -4.9549881161e-10 -1.8967454469e-09 -2.3922442585e-09
1955 -3.1255403988e-23 -4.9500389381e-10 -1.8952887097e-09 -2.3902926035e-09
1956 -3.1203235650e-23 -4.9450897600e-10 -1.8938319725e-09 -2.3883409485e-09
1957 -3.1152064356e-23 -4.9401405820e-10 -1.8923752353e-09 -2.3863892935e-09
1958 -3.1101896631e-23 -4.9351914040e-10 -1.8909184981e-09 -2.3844376385e-09
1959 -3.1052705754e-23 -4.9302422260e-10 -1.8894617608e-09 -2.3824859834e-09
1960 -3.1004509557e-23 -4.9252930480e-10 -1.8880050236e-09 -2.3805343284e-09
1961 -3.0957304200e-23 -4.9203438700e-10 -1.8865482864e-09 -2.3785826734e-09
1962 -3.0911041901e-23 -4.9153946919e-10 -1.8850915492e-09 -2.3766310184e-09
1963 -3.0865752766e-23 -4.9104455139e-10 -1.8820907451e-09 -2.3731352965e-09
1964 -3.0821428388e-23 -4.9054963359e-10 -1.8790899409e-09 -2.3696395745e-09
1965 -3.0778054574e-23 -4.9005471579e-10 -1.8760891368e-09 -2.3661438526e-09
1966 -3.0735610642e-23 -4.8955979799e-10 -1.8730883326e-09 -2.3626481306e-09
1967 -3.0694104246e-23 -4.8906488019e-10 -1.8700875285e-09 -2.3591524087e-09
1968 -3.0653532536e-23 -4.8856996238e-10 -1.8670867243e-09 -2.3556566867e-09
1969 -3.0613839826e-23 -4.8807504458e-10 -1.8640859202e-09 -2.3521609648e-09
1970 -3.0575053603e-23 -4.8758012678e-10 -1.8610851160e-09 -2.3486652428e-09
1971 -3.0538429428e-23 -4.8708520898e-10 -1.8580843119e-09 -2.3451695209e-09
1972 -3.0501323857e-23 -4.8659029118e-10 -1.8550835077e-09 -2.3416737989e-09
1973 -3.0465017206e-23 -4.8609537338e-10 -1.8520827036e-09 -2.3381780770e-09
1974 -3.0429493285e-23 -4.8560045557e-10 -1.8490818994e-09 -2.3346823550e-09
1975 -3.0396058257e-23 -4.8510553777e-10 -1.8460810953e-09 -2.3311866331e-09
1976 -3.0362077762e-23 -4.8461061997e-10 -1.8430802911e-09 -2.3276909111e-09
1977 -3.0330090113e-23 -4.8411570217e-10 -1.8400794870e-09 -2.3241951892e-09
1978 -3.0297469211e-23 -4.8362078437e-10 -1.8370786828e-09 -2.3206994672e-09
1979 -3.0265434689e-23 -4.8312586656e-10 -1.8340778787e-09 -2.3172037453e-09
1980 -3.0235344524e-23 -4.8263094876e-10 -1.8310770745e-09 -2.3137080233e-09
1981 -3.0204439683e-23 -4.8213603096e-10 -1.8280762704e-09 -2.3102123013e-09
1982 -3.0175378807e-23 -4.8164111316e-10 -1.8250754662e-09 -2.3067165794e-09
1983 -3.0145398838e-23 -4.8114619536e-10 -1.8207528616e-09 -2.3018990569e-09
1984 -3.0117157498e-23 -4.8065127756e-10 -1.8164302569e-09 -2.2970815345e-09
1985 -3.0087891789e-23 -4.8015635975e-10 -1.8121076523e-09 -2.2922640121e-09
1986 -3.0060252926e-23 -4.7966144195e-10 -1.8077850477e-09 -2.2874464896e-09
1987 -3.0032795061e-23 -4.7916652415e-10 -1.8034624430e-09 -2.2826289672e-09
1988 -3.0004166893e-23 -4.7867160635e-10 -1.7991398384e-09 -2.2778114447e-09
1989 -2.9976948895e-23 -4.7817668855e-10 -1.7948172337e-09 -2.2729939223e-09
1990 -2.9949742976e-23 -4.7768177075e-10 -1.7904946291e-09 -2.2681763998e-09
1991 -2.9921109781e-23 -4.7718685294e-10 -1.7861720244e-09 -2.2633588774e-09
1992 -2.9893677743e-23 -4.7669193514e-10 -1.7818494198e-09 -2.2585413549e-09
1993 -2.9866009470e-23 -4.7619701734e-10 -1.7775268151e-09 -2.2537238325e-09
1994 -2.9837988902e-23 -4.7570209954e-10 -1.7732042105e-09 -2.2489063100e-09
1995 -2.9809560543e-23 -4.7520718174e-10 -1.7688816058e-09 -2.2440887876e-09
1996 -2.9779298765e-23 -4.7471226394e-10 -1.7645590012e-09 -2.2392712651e-09
1997 -2.9749822310e-23 -4.7421734613e-10 -1.7602363965e-09 -2.2344537427e-09
1998 -2.9719688122e-23 -4.7372242833e-10 -1.7559137919e-09 -2.2296362202e-09
1999 -2.9688799060e-23 -4.7322751053e-10 -1.7515911873e-09 -2.2248186978e-09
2000 -2.9657040095e-23 -4.7273259273e-10 -1.7472685826e-09 -2.2200011753e-09
2001 -2.9624339686e-23 -4.7223767493e-10 -1.7429459780e-09 -2.2151836529e-09
2002 -2.9590573231e-23 -4.7174275713e-10 -1.7386233733e-09 -2.2103661304e-09
2003 -2.9556392402e-23 -4.7110565976e-10 -1.7334331112e-09 -2.2045387710e-09
2004 -2.9522450320e-23 -4.7046856239e-10 -1.7282428492e-09 -2.1987114115e-09
2005 -2.9488993057e-23 -4.6983146502e-10 -1.7230525871e-09 -2.1928840521e-09
2006 -2.9456256632e-23 -4.6919436765e-10 -1.7178623250e-09 -2.1870566926e-09
2007 -2.9424414502e-23 -4.6855727029e-10 -1.7126720629e-09 -2.1812293332e-09
2008 -2.9393592567e-23 -4.6792017292e-10 -1.7074818008e-09 -2.1754019737e-09
2009 -2.9365196655e-23 -4.6728307555e-10 -1.7022915387e-09 -2.1695746143e-09
2010 -2.9336666154e-23 -4.6664597818e-10 -1.6971012767e-09 -2.1637472548e-09
2011 -2.9309393091e-23 -4.6600888081e-10 -1.6919110146e-09 -2.1579198954e-09
2012 -2.9283427073e-23 -4.6537178344e-10 -1.6867207525e-09 -2.1520925359e-09
2013 -2.9258805863e-23 -4.6473468608e-10 -1.6815304904e-09 -2.1462651765e-09
2014 -2.9236900216e-23 -4.6409758871e-10 -1.6763402283e-09 -2.1404378170e-09
2015 -2.9215022968e-23 -4.6346049134e-10 -1.6711499662e-09 -2.1346104576e-09
2016 -2.9194528540e-23 -4.6282339397e-10 -1.6659597042e-09 -2.1287830981e-09
2017 -2.9176749422e-23 -4.6218629660e-10 -1.6607694421e-09 -2.1229557387e-09
2018 -2.9158968905e-23 -4.6154919923e-10 -1.6555791800e-09 -2.1171283792e-09
2019 -2.9142524425e-23 -4.6091210187e-10 -1.6503889179e-09 -2.1113010198e-09
2020 -2.9128700921e-23 -4.6027500450e-10 -1.6451986558e-09 -2.1054736603e-09
2021 -2.9114792270e-23 -4.5963790713e-10 -1.6400083937e-09 -2.0996463009e-09
2022 -2.9103427314e-23 -4.5900080976e-10 -1.6348181317e-09 -2.0938189414e-09
2023 -2.9091899045e-23 -4.5836371239e-10 -1.6291351420e-09 -2.0874988544e-09
2024 -2.9082797773e-23 -4.5772661502e-10 -1.6234521524e-09 -2.0811787674e-09
2025 -2.9073427649e-23 -4.5708951766e-10 -1.6177691628e-09 -2.0748586805e-09
2026 -2.9066377191e-23 -4.5645242029e-10 -1.6120861732e-09 -2.0685385935e-09
2027 -2.9060276210e-23 -4.5581532292e-10 -1.6064031836e-09 -2.0622185065e-09
2028 -2.9053686610e-23 -4.5517822555e-10 -1.6007201940e-09 -2.0558984195e-09
2029 -2.9049249825e-23 -4.5454112818e-10 -1.5950372044e-09 -2.0495783325e-09
2030 -2.9044177163e-23 -4.5390403081e-10 -1.5893542147e-09 -2.0432582456e-09
2031 -2.9041070185e-23 -4.5326693345e-10 -1.5836712251e-09 -2.0369381586e-09
2032 -2.9038520820e-23 -4.5262983608e-10 -1.5779882355e-09 -2.0306180716e-09
2033 -2.9036461249e-23 -4.5199273871e-10 -1.5723052459e-09 -2.0242979846e-09
2034 -2.9033430904e-23 -4.5135564134e-10 -1.5666222563e-09 -2.0179778976e-09
2035 -2.9032077140e-23 -4.5071854397e-10 -1.5609392667e-09 -2.0116578106e-09
2036 -2.9030939788e-23 -4.5008144660e-10 -1.5552562771e-09 -2.0053377237e-09
2037 -2.9029943827e-23 -4.4944434924e-10 -1.5495732874e-09 -1.9990176367e-09
2038 -2.9027655600e-23 -4.4880725187e-10 -1.5438902978e-09 -1.9926975497e-09
2039 -2.9026691129e-23 -4.4817015450e-10 -1.5382073082e-09 -1.9863774627e-09
2040 -2.9025613304e-23 -4.4753305713e-10 -1.5325243186e-09 -1.9800573757e-09
2041 -2.9024327121e-23 -4.4689595976e-10 -1.5268413290e-09 -1.9737372887e-09
2042 -2.9022745004e-23 -4.4625886239e-10 -1.5211583394e-09 -1.9674172018e-09
2043 -2.9020782393e-23 -4.4562176503e-10 -1.5159221270e-09 -1.9615438920e-09
2044 -2.9018324295e-23 -4.4498466766e-10 -1.5106859146e-09 -1.9556705822e-09
2045 -2.9015297235e-23 -4.4434757029e-10 -1.5054497022e-09 -1.9497972725e-09
2046 -2.9011565979e-23 -4.4371047292e-10 -1.5002134898e-09 -1.9439239627e-09
2047 -2.9007055770e-23 -4.4307337555e-10 -1.4949772774e-09 -1.9380506530e-09
2048 -2.9001672179e-23 -4.4243627818e-10 -1.4897410650e-09 -1.9321773432e-09
2049 -2.8995321376e-23 -4.4179918082e-10 -1.4845048526e-09 -1.9263040335e-09
2050 -2.8987906708e-23 -4.4116208345e-10 -1.4792686402e-09 -1.9204307237e-09
2051 -2.8979345804e-23 -4.4052498608e-10 -1.4740324279e-09 -1.9145574139e-09
2052 -2.8970892739e-23 -4.3988788871e-10 -1.4687962155e-09 -1.9086841042e-09
2053 -2.8960204589e-23 -4.3925079134e-10 -1.4635600031e-09 -1.9028107944e-09
2054 -2.8948946191e-23 -4.3861369397e-10 -1.4583237907e-09 -1.8969374847e-09
2055 -2.8937270642e-23 -4.3797659661e-10 -1.4530875783e-09 -1.8910641749e-09
2056 -2.8925262015e-23 -4.3733949924e-10 -1.4478513659e-09 -1.8851908651e-09
2057 -2.8914363504e-23 -4.3670240187e-10 -1.4426151535e-09 -1.8793175554e-09
2058 -2.8901861241e-23 -4.3606530450e-10 -1.4373789411e-09 -1.8734442456e-09
2059 -2.8889179434e-23 -4.3542820713e-10 -1.4321427287e-09 -1.8675709359e-09
2060 -2.8877650987e-23 -4.3479110977e-10 -1.4269065163e-09 -1.8616976261e-09
2061 -2.8864582136e-23 -4.3415401240e-10 -1.4216703040e-09 -1.8558243163e-09
2062 -2.8851290025e-23 -4.3351691503e-10 -1.4164340916e-09 -1.8499510066e-09
2063 -2.8839184280e-23 -4.3287981766e-10 -1.4108942876e-09 -1.8437741052e-09
2064 -2.8825472898e-23 -4.3224272029e-10 -1.4053544835e-09 -1.8375972038e-09
2065 -2.8812915425e-23 -4.3160562292e-10 -1.3998146795e-09 -1.8314203025e-09
2066 -2.8798714171e-23 -4.3096852556e-10 -1.3942748755e-09 -1.8252434011e-09
2067 -2.8785619990e-23 -4.3033142819e-10 -1.3887350715e-09 -1.8190664997e-09
2068 -2.8770830581e-23 -4.2969433082e-10 -1.3831952675e-09 -1.8128895983e-09
2069 -2.8757105171e-23 -4.2905723345e-10 -1.3776554635e-09 -1.8067126969e-09
2070 -2.8741635957e-23 -4.2842013608e-10 -1.3721156595e-09 -1.8005357956e-09
2071 -2.8727141512e-23 -4.2778303871e-10 -1.3665758555e-09 -1.7943588942e-09
2072 -2.8710841377e-23 -4.2714594135e-10 -1.3610360515e-09 -1.7881819928e-09
2073 -2.8695446008e-23 -4.2650884398e-10 -1.3554962475e-09 -1.7820050914e-09
2074 -2.8679549232e-23 -4.2587174661e-10 -1.3499564435e-09 -1.7758281901e-09
2075 -2.8661740036e-23 -4.2523464924e-10 -1.3444166394e-09 -1.7696512887e-09
2076 -2.8644728393e-23 -4.2459755187e-10 -1.3388768354e-09 -1.7634743873e-09
2077 -2.8627136589e-23 -4.2396045450e-10 -1.3333370314e-09 -1.7572974859e-09
2078 -2.8607521541e-23 -4.2332335714e-10 -1.3277972274e-09 -1.7511205846e-09
2079 -2.8588637157e-23 -4.2268625977e-10 -1.3222574234e-09 -1.7449436832e-09
2080 -2.8569029908e-23 -4.2204916240e-10 -1.3167176194e-09 -1.7387667818e-09
2081 -2.8548735040e-23 -4.2141206503e-10 -1.3111778154e-09 -1.7325898804e-09
2082 -2.8526289574e-23 -4.2077496766e-10 -1.3056380114e-09 -1.7264129790e-09
2083 -2.8504471449e-23 -4.2013787029e-10 -1.3021477411e-09 -1.7222856114e-09
2084 -2.8481840729e-23 -4.1950077293e-10 -1.2986574709e-09 -1.7181582438e-09
2085 -2.8458405588e-23 -4.1886367556e-10 -1.2951672006e-09 -1.7140308761e-09
2086 -2.8434117723e-23 -4.1822657819e-10 -1.2916769303e-09 -1.7099035085e-09
2087 -2.8408976335e-23 -4.1758948082e-10 -1.2881866601e-09 -1.7057761409e-09
2088 -2.8382974695e-23 -4.1695238345e-10 -1.2846963898e-09 -1.7016487732e-09
2089 -2.8356041615e-23 -4.1631528608e-10 -1.2812061195e-09 -1.6975214056e-09
2090 -2.8328209663e-23 -4.1567818872e-10 -1.2777158493e-09 -1.6933940380e-09
2091 -2.8298075282e-23 -4.1504109135e-10 -1.2742255790e-09 -1.6892666703e-09
2092 -2.8269765385e-23 -4.1440399398e-10 -1.2707353087e-09 -1.6851393027e-09
2093 -2.8239150539e-23 -4.1376689661e-10 -1.2672450385e-09 -1.6810119351e-09
2094 -2.8207622291e-23 -4.1312979924e-10 -1.2637547682e-09 -1.6768845674e-09
2095 -2.8175151033e-23 -4.1249270187e-10 -1.2602644979e-09 -1.6727571998e-09
2096 -2.8141742019e-23 -4.1185560451e-10 -1.2567742277e-09 -1.6686298322e-09
2097 -2.8107384553e-23 -4.1121850714e-10 -1.2532839574e-09 -1.6645024645e-09
2098 -2.8072110846e-23 -4.1058140977e-10 -1.2497936871e-09 -1.6603750969e-09
2099 -2.8035864492e-23 -4.0994431240e-10 -1.2463034169e-09 -1.6562477293e-09
2100 -2.7998693770e-23 -4.0930721503e-10 -1.2428131466e-09 -1.6521203616e-09
2101 -2.7961944317e-23 -4.0867011766e-10 -1.2393228763e-09 -1.6479929940e-09
2102 -2.7922899029e-23 -4.0803302030e-10 -1.2358326061e-09 -1.6438656264e-09
2103 -2.7882928436e-23 -4.0721613337e-10 -1.2327463279e-09 -1.6399624612e-09
2104 -2.7842101150e-23 -4.0639924644e-10 -1.2296600496e-09 -1.6360592961e-09
2105 -2.7801747475e-23 -4.0558235951e-10 -1.2265737714e-09 -1.6321561310e-09
2106 -2.7759183844e-23 -4.0476547259e-10 -1.2234874932e-09 -1.6282529658e-09
2107 -2.7715758362e-23 -4.0394858566e-10 -1.2204012150e-09 -1.6243498007e-09
2108 -2.7671526016e-23 -4.0313169873e-10 -1.2173149368e-09 -1.6204466356e-09
2109 -2.7627834910e-23 -4.0231481180e-10 -1.2142286586e-09 -1.6165434704e-09
2110 -2.7582010432e-23 -4.0149792488e-10 -1.2111423804e-09 -1.6126403053e-09
2111 -2.7536784434e-23 -4.0068103795e-10 -1.2080561022e-09 -1.6087371402e-09
2112 -2.7489463183e-23 -3.9986415102e-10 -1.2049698240e-09 -1.6048339750e-09
2113 -2.7441393156e-23 -3.9904726409e-10 -1.2018835458e-09 -1.6009308099e-09
2114 -2.7394012555e-23 -3.9823037717e-10 -1.1987972676e-09 -1.5970276448e-09
2115 -2.7344577096e-23 -3.9741349024e-10 -1.1957109894e-09 -1.5931244796e-09
2116 -2.7295872246e-23 -3.9659660331e-10 -1.1926247112e-09 -1.5892213145e-09
2117 -2.7245184296e-23 -3.9577971638e-10 -1.1895384330e-09 -1.5853181494e-09
2118 -2.7195278367e-23 -3.9496282945e-10 -1.1864521548e-09 -1.5814149842e-09
2119 -2.7144824523e-23 -3.9414594253e-10 -1.1833658766e-09 -1.5775118191e-09
2120 -2.7092517981e-23 -3.9332905560e-10 -1.1802795984e-09 -1.5736086540e-09
2121 -2.7041088369e-23 -3.9251216867e-10 -1.1771933201e-09 -1.5697054888e-09
2122 -2.6987907753e-23 -3.9169528174e-10 -1.1741070419e-09 -1.5658023237e-09
2123 -2.6935688722e-23 -3.9087839482e-10 -1.1721738727e-09 -1.5630522675e-09
2124 -2.6883135691e-23 -3.9006150789e-10 -1.1702407034e-09 -1.5603022113e-09
2125 -2.6828944682e-23 -3.8924462096e-10 -1.1683075341e-09 -1.5575521551e-09
2126 -2.6775845985e-23 -3.8842773403e-10 -1.1663743648e-09 -1.5548020989e-09
2127 -2.6722544871e-23 -3.8761084711e-10 -1.1644411956e-09 -1.5520520427e-09
2128 -2.6667754435e-23 -3.8679396018e-10 -1.1625080263e-09 -1.5493019865e-09
2129 -2.6614180514e-23 -3.8597707325e-10 -1.1605748570e-09 -1.5465519302e-09
2130 -2.6560550683e-23 -3.8516018632e-10 -1.1586416877e-09 -1.5438018740e-09
2131 -2.6506896980e-23 -3.8434329940e-10 -1.1567085184e-09 -1.5410518178e-09
2132 -2.6453278218e-23 -3.8352641247e-10 -1.1547753492e-09 -1.5383017616e-09
2133 -2.6398410749e-23 -3.8270952554e-10 -1.1528421799e-09 -1.5355517054e-09
2134 -2.6345011269e-23 -3.8189263861e-10 -1.1509090106e-09 -1.5328016492e-09
2135 -2.6291770253e-23 -3.8107575169e-10 -1.1489758413e-09 -1.5300515930e-09
2136 -2.6238782137e-23 -3.8025886476e-10 -1.1470426720e-09 -1.5273015368e-09
2137 -2.6186027869e-23 -3.7944197783e-10 -1.1451095028e-09 -1.5245514806e-09
2138 -2.6133604173e-23 -3.7862509090e-10 -1.1431763335e-09 -1.5218014244e-09
2139 -2.6081508630e-23 -3.7780820397e-10 -1.1412431642e-09 -1.5190513682e-09
2140 -2.6029811707e-23 -3.7699131705e-10 -1.1393099949e-09 -1.5163013120e-09
2141 -2.5978527941e-23 -3.7617443012e-10 -1.1373768257e-09 -1.5135512558e-09
2142 -2.5927729818e-23 -3.7535754319e-10 -1.1354436564e-09 -1.5108011996e-09
2143 -2.5877421820e-23 -3.7454065626e-10 -1.1346080860e-09 -1.5091487423e-09
2144 -2.5827659163e-23 -3.7372376934e-10 -1.1337725157e-09 -1.5074962850e-09
2145 -2.5778439769e-23 -3.7290688241e-10 -1.1329369453e-09 -1.5058438277e-09
2146 -2.5729849834e-23 -3.7208999548e-10 -1.1321013750e-09 -1.5041913705e-09
2147 -2.5681852621e-23 -3.7127310855e-10 -1.1312658046e-09 -1.5025389132e-09
2148 -2.5634516412e-23 -3.7045622163e-10 -1.1304302343e-09 -1.5008864559e-09
2149 -2.5587841025e-23 -3.6963933470e-10 -1.1295946640e-09 -1.4992339987e-09
2150 -2.5543177095e-23 -3.6882244777e-10 -1.1287590936e-09 -1.4975815414e-09
2151 -2.5497894287e-23 -3.6800556084e-10 -1.1279235233e-09 -1.4959290841e-09
2152 -2.5453363491e-23 -3.6718867392e-10 -1.1270879529e-09 -1.4942766268e-09
2153 -2.5409185325e-23 -3.6637178699e-10 -1.1262523826e-09 -1.4926241696e-09
2154 -2.5365093828e-23 -3.6555490006e-10 -1.1254168122e-09 -1.4909717123e-09
2155 -2.5322218365e-23 -3.6473801313e-10 -1.1245812419e-09 -1.4893192550e-09
2156 -2.5277881272e-23 -3.6392112621e-10 -1.1237456715e-09 -1.4876667977e-09
2157 -2.5233263876e-23 -3.6310423928e-10 -1.1229101012e-09 -1.4860143405e-09
2158 -2.5189605956e-23 -3.6228735235e-10 -1.1220745308e-09 -1.4843618832e-09
2159 -2.5144267349e-23 -3.6147046542e-10 -1.1212389605e-09 -1.4827094259e-09
2160 -2.5098515037e-23 -3.6065357849e-10 -1.1204033901e-09 -1.4810569686e-09
2161 -2.5053588439e-23 -3.5983669157e-10 -1.1195678198e-09 -1.4794045114e-09
2162 -2.5006930636e-23 -3.5901980464e-10 -1.1187322494e-09 -1.4777520541e-09
2163 -2.4959762018e-23 -3.5820291771e-10 -1.1186927550e-09 -1.4768956728e-09
2164 -2.4913425642e-23 -3.5738603078e-10 -1.1186532607e-09 -1.4760392914e-09
2165 -2.4865306802e-23 -3.5656914386e-10 -1.1186137663e-09 -1.4751829101e-09
2166 -2.4818000197e-23 -3.5575225693e-10 -1.1185742719e-09 -1.4743265288e-09
2167 -2.4768939852e-23 -3.5493537000e-10 -1.1185347775e-09 -1.4734701475e-09
2168 -2.4720717814e-23 -3.5411848307e-10 -1.1184952831e-09 -1.4726137661e-09
2169 -2.4670771345e-23 -3.5330159615e-10 -1.1184557887e-09 -1.4717573848e-09
2170 -2.4621700111e-23 -3.5248470922e-10 -1.1184162943e-09 -1.4709010035e-09
2171 -2.4570951846e-23 -3.5166782229e-10 -1.1183767999e-09 -1.4700446222e-09
2172 -2.4521126860e-23 -3.5085093536e-10 -1.1183373055e-09 -1.4691882409e-09
2173 -2.4469683624e-23 -3.5003404844e-10 -1.1182978111e-09 -1.4683318595e-09
2174 -2.4419219288e-23 -3.4921716151e-10 -1.1182583167e-09 -1.4674754782e-09
2175 -2.4368461250e-23 -3.4840027458e-10 -1.1182188223e-09 -1.4666190969e-09
2176 -2.4316195582e-23 -3.4758338765e-10 -1.1181793279e-09 -1.4657627156e-09
2177 -2.4264988452e-23 -3.4676650073e-10 -1.1181398335e-09 -1.4649063343e-09
2178 -2.4213618833e-23 -3.4594961380e-10 -1.1181003391e-09 -1.4640499529e-09
2179 -2.4160873251e-23 -3.4513272687e-10 -1.1180608447e-09 -1.4631935716e-09
2180 -2.4109324772e-23 -3.4431583994e-10 -1.1180213503e-09 -1.4623371903e-09
2181 -2.4057763538e-23 -3.4349895301e-10 -1.1179818559e-09 -1.4614808090e-09
2182 -2.4006231521e-23 -3.4268206609e-10 -1.1179423616e-09 -1.4606244276e-09
2183 -2.3953535101e-23 -3.4186517916e-10 -1.1190921117e-09 -1.4609572909e-09
2184 -2.3902243987e-23 -3.4104829223e-10 -1.1202418619e-09 -1.4612901541e-09
2185 -2.3851143988e-23 -3.4023140530e-10 -1.1213916121e-09 -1.4616230174e-09
2186 -2.3800282191e-23 -3.3941451838e-10 -1.1225413622e-09 -1.4619558806e-09
2187 -2.3749736328e-23 -3.3859763145e-10 -1.1236911124e-09 -1.4622887439e-09
2188 -2.3698315858e-23 -3.3778074452e-10 -1.1248408626e-09 -1.4626216071e-09
2189 -2.3648576221e-23 -3.3696385759e-10 -1.1259906128e-09 -1.4629544704e-09
2190 -2.3599321293e-23 -3.3614697067e-10 -1.1271403629e-09 -1.4632873336e-09
2191 -2.3550625876e-23 -3.3533008374e-10 -1.1282901131e-09 -1.4636201968e-09
2192 -2.3502543809e-23 -3.3451319681e-10 -1.1294398633e-09 -1.4639530601e-09
2193 -2.3455180742e-23 -3.3369630988e-10 -1.1305896134e-09 -1.4642859233e-09
2194 -2.3408574582e-23 -3.3287942296e-10 -1.1317393636e-09 -1.4646187866e-09
2195 -2.3362821810e-23 -3.3206253603e-10 -1.1328891138e-09 -1.4649516498e-09
2196 -2.3317982438e-23 -3.3124564910e-10 -1.1340388640e-09 -1.4652845131e-09
2197 -2.3274176315e-23 -3.3042876217e-10 -1.1351886141e-09 -1.4656173763e-09
2198 -2.3231446072e-23 -3.2961187525e-10 -1.1363383643e-09 -1.4659502396e-09
2199 -2.3189907140e-23 -3.2879498832e-10 -1.1374881145e-09 -1.4662831028e-09
2200 -2.3149599265e-23 -3.2797810139e-10 -1.1386378647e-09 -1.4666159660e-09
2201 -2.3110658306e-23 -3.2716121446e-10 -1.1397876148e-09 -1.4669488293e-09
2202 -2.3073143629e-23 -3.2634432753e-10 -1.1409373650e-09 -1.4672816925e-09
2203 -2.3036493972e-23 -3.2588010727e-10 -1.1426265898e-09 -1.4685066971e-09
2204 -2.3001338481e-23 -3.2541588701e-10 -1.1443158146e-09 -1.4697317016e-09
2205 -2.2964981182e-23 -3.2495166674e-10 -1.1460050394e-09 -1.4709567061e-09
2206 -2.2928408570e-23 -3.2448744648e-10 -1.1476942642e-09 -1.4721817107e-09
2207 -2.2891467173e-23 -3.2402322621e-10 -1.1493834890e-09 -1.4734067152e-09
2208 -2.2854003555e-23 -3.2355900595e-10 -1.1510727138e-09 -1.4746317198e-09
2209 -2.2815928468e-23 -3.2309478568e-10 -1.1527619386e-09 -1.4758567243e-09
2210 -2.2778361485e-23 -3.2263056542e-10 -1.1544511634e-09 -1.4770817288e-09
2211 -2.2738797773e-23 -3.2216634515e-10 -1.1561403882e-09 -1.4783067334e-09
2212 -2.2698398945e-23 -3.2170212489e-10 -1.1578296130e-09 -1.4795317379e-09
2213 -2.2658342653e-23 -3.2123790462e-10 -1.1595188378e-09 -1.4807567425e-09
2214 -2.2616146945e-23 -3.2077368436e-10 -1.1612080626e-09 -1.4819817470e-09
2215 -2.2573008543e-23 -3.2030946409e-10 -1.1628972875e-09 -1.4832067515e-09
2216 -2.2530122161e-23 -3.1984524383e-10 -1.1645865123e-09 -1.4844317561e-09
2217 -2.2485052940e-23 -3.1938102356e-10 -1.1662757371e-09 -1.4856567606e-09
2218 -2.2439040184e-23 -3.1891680330e-10 -1.1679649619e-09 -1.4868817652e-09
2219 -2.2393336648e-23 -3.1845258303e-10 -1.1696541867e-09 -1.4881067697e-09
2220 -2.2345558297e-23 -3.1798836277e-10 -1.1713434115e-09 -1.4893317742e-09
2221 -2.2298158362e-23 -3.1752414250e-10 -1.1730326363e-09 -1.4905567788e-09
2222 -2.2248753055e-23 -3.1705992224e-10 -1.1747218611e-09 -1.4917817833e-09
2223 -2.2198598986e-23 -3.1659570197e-10 -1.1786819586e-09 -1.4952776606e-09
2224 -2.2148954455e-23 -3.1613148171e-10 -1.1826420561e-09 -1.4987735378e-09
2225 -2.2097449626e-23 -3.1566726144e-10 -1.1866021537e-09 -1.5022694151e-09
2226 -2.2046538887e-23 -3.1520304118e-10 -1.1905622512e-09 -1.5057652924e-09
2227 -2.1993912318e-23 -3.1473882091e-10 -1.1945223487e-09 -1.5092611696e-09
2228 -2.1941995740e-23 -3.1427460065e-10 -1.1984824462e-09 -1.5127570469e-09
2229 -2.1889668215e-23 -3.1381038038e-10 -1.2024425438e-09 -1.5162529242e-09
2230 -2.1835794361e-23 -3.1334616012e-10 -1.2064026413e-09 -1.5197488014e-09
2231 -2.1782847097e-23 -3.1288193985e-10 -1.2103627388e-09 -1.5232446787e-09
2232 -2.1728517069e-23 -3.1241771959e-10 -1.2143228364e-09 -1.5267405559e-09
2233 -2.1675266311e-23 -3.1195349932e-10 -1.2182829339e-09 -1.5302364332e-09
2234 -2.1621959434e-23 -3.1148927906e-10 -1.2222430314e-09 -1.5337323105e-09
2235 -2.1567526513e-23 -3.1102505879e-10 -1.2262031289e-09 -1.5372281877e-09
2236 -2.1514399560e-23 -3.1056083853e-10 -1.2301632265e-09 -1.5407240650e-09
2237 -2.1461480128e-23 -3.1009661826e-10 -1.2341233240e-09 -1.5442199423e-09
2238 -2.1407682558e-23 -3.0963239800e-10 -1.2380834215e-09 -1.5477158195e-09
2239 -2.1355428339e-23 -3.0916817773e-10 -1.2420435190e-09 -1.5512116968e-09
2240 -2.1303664743e-23 -3.0870395747e-10 -1.2460036166e-09 -1.5547075740e-09
2241 -2.1252445157e-23 -3.0823973720e-10 -1.2499637141e-09 -1.5582034513e-09
2242 -2.1200703334e-23 -3.0777551694e-10 -1.2539238116e-09 -1.5616993286e-09
2243 -2.1150865877e-23 -3.0731129667e-10 -1.2577561914e-09 -1.5650674881e-09
2244 -2.1101852633e-23 -3.0684707641e-10 -1.2615885712e-09 -1.5684356476e-09
2245 -2.1053782119e-23 -3.0638285614e-10 -1.2654209510e-09 -1.5718038072e-09
2246 -2.1006757456e-23 -3.0591863588e-10 -1.2692533308e-09 -1.5751719667e-09
2247 -2.0960911118e-23 -3.0545441561e-10 -1.2730857106e-09 -1.5785401262e-09
2248 -2.0915152240e-23 -3.0499019535e-10 -1.2769180904e-09 -1.5819082858e-09
2249 -2.0871928850e-23 -3.0452597508e-10 -1.2807504702e-09 -1.5852764453e-09
2250 -2.0830155368e-23 -3.0406175482e-10 -1.2845828500e-09 -1.5886446048e-09
2251 -2.0789949264e-23 -3.0359753455e-10 -1.2884152298e-09 -1.5920127644e-09
2252 -2.0751386605e-23 -3.0313331429e-10 -1.2922476096e-09 -1.5953809239e-09
2253 -2.0714024533e-23 -3.0266909402e-10 -1.2960799894e-09 -1.5987490834e-09
2254 -2.0677383596e-23 -3.0220487376e-10 -1.2999123692e-09 -1.6021172430e-09
2255 -2.0641301029e-23 -3.0174065349e-10 -1.3037447490e-09 -1.6054854025e-09
2256 -2.0605599853e-23 -3.0127643323e-10 -1.3075771288e-09 -1.6088535620e-09
2257 -2.0570211807e-23 -3.0081221296e-10 -1.3114095086e-09 -1.6122217216e-09
2258 -2.0535034708e-23 -3.0034799270e-10 -1.3152418884e-09 -1.6155898811e-09
2259 -2.0500007431e-23 -2.9988377243e-10 -1.3190742682e-09 -1.6189580407e-09
2260 -2.0465065155e-23 -2.9941955217e-10 -1.3229066480e-09 -1.6223262002e-09
2261 -2.0430184903e-23 -2.9895533190e-10 -1.3267390278e-09 -1.6256943597e-09
2262 -2.0395331687e-23 -2.9849111164e-10 -1.3305714076e-09 -1.6290625193e-09
2263 -2.0361624061e-23 -2.9802689137e-10 -1.3358149978e-09 -1.6338418892e-09
2264 -2.0326760766e-23 -2.9756267111e-10 -1.3410585880e-09 -1.6386212591e-09
2265 -2.0291907412e-23 -2.9709845084e-10 -1.3463021782e-09 -1.6434006291e-09
2266 -2.0257024595e-23 -2.9663423058e-10 -1.3515457684e-09 -1.6481799990e-09
2267 -2.0222153740e-23 -2.9617001031e-10 -1.3567893586e-09 -1.6529593689e-09
2268 -2.0187263667e-23 -2.9570579005e-10 -1.3620329488e-09 -1.6577387389e-09
2269 -2.0153538032e-23 -2.9524156978e-10 -1.3672765390e-09 -1.6625181088e-09
2270 -2.0118681343e-23 -2.9477734952e-10 -1.3725201292e-09 -1.6672974787e-09
2271 -2.0083874018e-23 -2.9431312925e-10 -1.3777637194e-09 -1.6720768487e-09
2272 -2.0049095848e-23 -2.9384890899e-10 -1.3830073096e-09 -1.6768562186e-09
2273 -2.0015512954e-23 -2.9338468872e-10 -1.3882508998e-09 -1.6816355886e-09
2274 -1.9980865437e-23 -2.9292046846e-10 -1.3934944900e-09 -1.6864149585e-09
2275 -1.9946319848e-23 -2.9245624819e-10 -1.3987380802e-09 -1.6911943284e-09
2276 -1.9911876015e-23 -2.9199202793e-10 -1.4039816704e-09 -1.6959736984e-09
2277 -1.9878689630e-23 -2.9152780766e-10 -1.4092252606e-09 -1.7007530683e-09
2278 -1.9844514044e-23 -2.9106358740e-10 -1.4144688508e-09 -1.7055324382e-09
2279 -1.9811635953e-23 -2.9059936713e-10 -1.4197124410e-09 -1.7103118082e-09
2280 -1.9777793461e-23 -2.9013514687e-10 -1.4249560312e-09 -1.7150911781e-09
2281 -1.9744153430e-23 -2.8967092660e-10 -1.4301996214e-09 -1.7198705480e-09
2282 -1.9711817344e-23 -2.8920670634e-10 -1.4354432116e-09 -1.7246499180e-09
2283 -1.9678588704e-23 -2.8874248607e-10 -1.4406477576e-09 -1.7293902437e-09
2284 -1.9646692825e-23 -2.8827826581e-10 -1.4458523035e-09 -1.7341305693e-09
2285 -1.9613914027e-23 -2.8781404554e-10 -1.4510568495e-09 -1.7388708950e-09
2286 -1.9582489084e-23 -2.8734982528e-10 -1.4562613954e-09 -1.7436112207e-09
2287 -1.9550210771e-23 -2.8688560501e-10 -1.4614659413e-09 -1.7483515463e-09
2288 -1.9519279137e-23 -2.8642138475e-10 -1.4666704873e-09 -1.7530918720e-09
2289 -1.9487517995e-23 -2.8595716448e-10 -1.4718750332e-09 -1.7578321977e-09
2290 -1.9457112366e-23 -2.8549294422e-10 -1.4770795791e-09 -1.7625725234e-09
2291 -1.9425857684e-23 -2.8502872395e-10 -1.4822841251e-09 -1.7673128490e-09
2292 -1.9395958185e-23 -2.8456450369e-10 -1.4874886710e-09 -1.7720531747e-09
2293 -1.9365199316e-23 -2.8410028342e-10 -1.4926932169e-09 -1.7767935004e-09
2294 -1.9335782921e-23 -2.8363606316e-10 -1.4978977629e-09 -1.7815338260e-09
2295 -1.9305482563e-23 -2.8317184289e-10 -1.5031023088e-09 -1.7862741517e-09
2296 -1.9276492303e-23 -2.8270762263e-10 -1.5083068548e-09 -1.7910144774e-09
2297 -1.9247679648e-23 -2.8224340236e-10 -1.5135114007e-09 -1.7957548031e-09
2298 -1.9217928272e-23 -2.8177918210e-10 -1.5187159466e-09 -1.8004951287e-09
2299 -1.9189435071e-23 -2.8131496183e-10 -1.5239204926e-09 -1.8052354544e-09
2300 -1.9161068433e-23 -2.8085074157e-10 -1.5291250385e-09 -1.8099757801e-09
2301 -1.9131707645e-23 -2.8038652131e-10 -1.5343295844e-09 -1.8147161057e-09
2302 -1.9103514495e-23 -2.7992230104e-10 -1.5395341304e-09 -1.8194564314e-09
2303 -1.9075795396e-23 -2.8013302954e-10 -1.5449099066e-09 -1.8250429362e-09
2304 -1.9048930693e-23 -2.8034375804e-10 -1.5502856829e-09 -1.8306294409e-09
2305 -1.9022016083e-23 -2.8055448654e-10 -1.5556614591e-09 -1.8362159456e-09
2306 -1.8997409993e-23 -2.8076521504e-10 -1.5610372353e-09 -1.8418024504e-09
2307 -1.8974147669e-23 -2.8097594354e-10 -1.5664130116e-09 -1.8473889551e-09
2308 -1.8952317771e-23 -2.8118667204e-10 -1.5717887878e-09 -1.8529754598e-09
2309 -1.8932029553e-23 -2.8139740054e-10 -1.5771645641e-09 -1.8585619646e-09
2310 -1.8912246946e-23 -2.8160812904e-10 -1.5825403403e-09 -1.8641484693e-09
2311 -1.8895250460e-23 -2.8181885754e-10 -1.5879161165e-09 -1.8697349741e-09
2312 -1.8879986361e-23 -2.8202958604e-10 -1.5932918928e-09 -1.8753214788e-09
2313 -1.8866519113e-23 -2.8224031454e-10 -1.5986676690e-09 -1.8809079835e-09
2314 -1.8854874584e-23 -2.8245104304e-10 -1.6040434453e-09 -1.8864944883e-09
2315 -1.8845111098e-23 -2.8266177154e-10 -1.6094192215e-09 -1.8920809930e-09
2316 -1.8837226875e-23 -2.8287250004e-10 -1.6147949977e-09 -1.8976674978e-09
2317 -1.8831262471e-23 -2.8308322854e-10 -1.6201707740e-09 -1.9032540025e-09
2318 -1.8827222950e-23 -2.8329395704e-10 -1.6255465502e-09 -1.9088405072e-09
2319 -1.8825146755e-23 -2.8350468554e-10 -1.6309223264e-09 -1.9144270120e-09
2320 -1.8825011942e-23 -2.8371541404e-10 -1.6362981027e-09 -1.9200135167e-09
2321 -1.8826852125e-23 -2.8392614254e-10 -1.6416738789e-09 -1.9256000215e-09
2322 -1.8830653584e-23 -2.8413687104e-10 -1.6470496552e-09 -1.9311865262e-09
2323 -1.8836405879e-23 -2.8434759954e-10 -1.6526498294e-09 -1.9369974289e-09
2324 -1.8844093702e-23 -2.8455832804e-10 -1.6582500035e-09 -1.9428083316e-09
2325 -1.8853675264e-23 -2.8476905654e-10 -1.6638501777e-09 -1.9486192343e-09
2326 -1.8865138341e-23 -2.8497978504e-10 -1.6694503519e-09 -1.9544301370e-09
2327 -1.8878450161e-23 -2.8519051354e-10 -1.6750505261e-09 -1.9602410396e-09
2328 -1.8893580156e-23 -2.8540124203e-10 -1.6806507003e-09 -1.9660519423e-09
2329 -1.8910503997e-23 -2.8561197053e-10 -1.6862508745e-09 -1.9718628450e-09
2330 -1.8929169159e-23 -2.8582269903e-10 -1.6918510487e-09 -1.9776737477e-09
2331 -1.8949551969e-23 -2.8603342753e-10 -1.6974512229e-09 -1.9834846504e-09
2332 -1.8972703390e-23 -2.8624415603e-10 -1.7030513970e-09 -1.9892955531e-09
2333 -1.8996366113e-23 -2.8645488453e-10 -1.7086515712e-09 -1.9951064558e-09
2334 -1.9021577519e-23 -2.8666561303e-10 -1.7142517454e-09 -2.0009173584e-09
2335 -1.9048311245e-23 -2.8687634153e-10 -1.7198519196e-09 -2.0067282611e-09
2336 -1.9076490223e-23 -2.8708707003e-10 -1.7254520938e-09 -2.0125391638e-09
2337 -1.9107202417e-23 -2.8729779853e-10 -1.7310522680e-09 -2.0183500665e-09
2338 -1.9138100472e-23 -2.8750852703e-10 -1.7366524422e-09 -2.0241609692e-09
2339 -1.9170246469e-23 -2.8771925553e-10 -1.7422526164e-09 -2.0299718719e-09
2340 -1.9203521109e-23 -2.8792998403e-10 -1.7478527905e-09 -2.0357827746e-09
2341 -1.9239011333e-23 -2.8814071253e-10 -1.7534529647e-09 -2.0415936773e-09
2342 -1.9274330179e-23 -2.8835144103e-10 -1.7590531389e-09 -2.0474045799e-09
2343 -1.9310562894e-23 -2.8856216953e-10 -1.7655443244e-09 -2.0541064939e-09
2344 -1.9347577458e-23 -2.8877289803e-10 -1.7720355098e-09 -2.0608084078e-09
2345 -1.9386473059e-23 -2.8898362653e-10 -1.7785266952e-09 -2.0675103218e-09
2346 -1.9424835792e-23 -2.8919435503e-10 -1.7850178807e-09 -2.0742122357e-09
2347 -1.9464895836e-23 -2.8940508353e-10 -1.7915090661e-09 -2.0809141496e-09
2348 -1.9504232895e-23 -2.8961581203e-10 -1.7980002516e-09 -2.0876160636e-09
2349 -1.9543933278e-23 -2.8982654053e-10 -1.8044914370e-09 -2.0943179775e-09
2350 -1.9585039292e-23 -2.9003726903e-10 -1.8109826224e-09 -2.1010198915e-09
2351 -1.9625134998e-23 -2.9024799753e-10 -1.8174738079e-09 -2.1077218054e-09
2352 -1.9666453642e-23 -2.9045872603e-10 -1.8239649933e-09 -2.1144237193e-09
2353 -1.9706228206e-23 -2.9066945453e-10 -1.8304561788e-09 -2.1211256333e-09
2354 -1.9745120683e-23 -2.9088018303e-10 -1.8369473642e-09 -2.1278275472e-09
2355 -1.9784089675e-23 -2.9109091153e-10 -1.8434385496e-09 -2.1345294612e-09
2356 -1.9820430525e-23 -2.9130164003e-10 -1.8499297351e-09 -2.1412313751e-09
2357 -1.9856306772e-23 -2.9151236853e-10 -1.8564209205e-09 -2.1479332890e-09
2358 -1.9889072728e-23 -2.9172309703e-10 -1.8629121060e-09 -2.1546352030e-09
2359 -1.9920902122e-23 -2.9193382553e-10 -1.8694032914e-09 -2.1613371169e-09
2360 -1.9950346111e-23 -2.9214455403e-10 -1.8758944768e-09 -2.1680390309e-09
2361 -1.9976023456e-23 -2.9235528253e-10 -1.8823856623e-09 -2.1747409448e-09
2362 -2.0000088665e-23 -2.9256601103e-10 -1.8888768477e-09 -2.1814428587e-09
2363 -2.0019956305e-23 -2.9277673953e-10 -1.8969814805e-09 -2.1897582201e-09
2364 -2.0037792886e-23 -2.9298746803e-10 -1.9050861133e-09 -2.1980735814e-09
2365 -2.0050998791e-23 -2.9319819653e-10 -1.9131907461e-09 -2.2063889427e-09
2366 -2.0061747703e-23 -2.9340892503e-10 -1.9212953789e-09 -2.2147043040e-09
2367 -2.0068655708e-23 -2.9361965353e-10 -1.9294000118e-09 -2.2230196653e-09
2368 -2.0070289340e-23 -2.9383038203e-10 -1.9375046446e-09 -2.2313350266e-09
2369 -2.0068871021e-23 -2.9404111053e-10 -1.9456092774e-09 -2.2396503879e-09
2370 -2.0062993159e-23 -2.9425183903e-10 -1.9537139102e-09 -2.2479657492e-09
2371 -2.0051241184e-23 -2.9446256753e-10 -1.9618185430e-09 -2.2562811105e-09
2372 -2.0035833778e-23 -2.9467329603e-10 -1.9699231758e-09 -2.2645964718e-09
2373 -2.0015379471e-23 -2.9488402453e-10 -1.9780278086e-09 -2.2729118331e-09
2374 -1.9989670377e-23 -2.9509475303e-10 -1.9861324414e-09 -2.2812271944e-09
2375 -1.9957315528e-23 -2.9530548153e-10 -1.9942370742e-09 -2.2895425557e-09
2376 -1.9920538721e-23 -2.9551621003e-10 -2.0023417070e-09 -2.2978579171e-09
2377 -1.9877936642e-23 -2.9572693853e-10 -2.0104463398e-09 -2.3061732784e-09
2378 -1.9829317406e-23 -2.9593766702e-10 -2.0185509726e-09 -2.3144886397e-09
2379 -1.9773319140e-23 -2.9614839552e-10 -2.0266556055e-09 -2.3228040010e-09
2380 -1.9712163153e-23 -2.9635912402e-10 -2.0347602383e-09 -2.3311193623e-09
2381 -1.9644465003e-23 -2.9656985252e-10 -2.0428648711e-09 -2.3394347236e-09
2382 -1.9570066253e-23 -2.9678058102e-10 -2.0509695039e-09 -2.3477500849e-09
2383 -1.9488773423e-23 -2.9699130952e-10 -2.0619793774e-09 -2.3589706869e-09
2384 -1.9400411383e-23 -2.9720203802e-10 -2.0729892509e-09 -2.3701912889e-09
2385 -1.9303640294e-23 -2.9741276652e-10 -2.0839991244e-09 -2.3814118910e-09
2386 -1.9200653780e-23 -2.9762349502e-10 -2.0950089980e-09 -2.3926324930e-09
2387 -1.9090098757e-23 -2.9783422352e-10 -2.1060188715e-09 -2.4038530950e-09
2388 -1.8971797311e-23 -2.9804495202e-10 -2.1170287450e-09 -2.4150736970e-09
2389 -1.8845595512e-23 -2.9825568052e-10 -2.1280386185e-09 -2.4262942990e-09
2390 -1.8711324736e-23 -2.9846640902e-10 -2.1390484920e-09 -2.4375149011e-09
2391 -1.8568825279e-23 -2.9867713752e-10 -2.1500583656e-09 -2.4487355031e-09
2392 -1.8417966295e-23 -2.9888786602e-10 -2.1610682391e-09 -2.4599561051e-09
2393 -1.8258636479e-23 -2.9909859452e-10 -2.1720781126e-09 -2.4711767071e-09
2394 -1.8090672089e-23 -2.9930932302e-10 -2.1830879861e-09 -2.4823973091e-09
2395 -1.7913927408e-23 -2.9952005152e-10 -2.1940978596e-09 -2.4936179112e-09
2396 -1.7728287527e-23 -2.9973078002e-10 -2.2051077331e-09 -2.5048385132e-09
2397 -1.7533595772e-23 -2.9994150852e-10 -2.2161176067e-09 -2.5160591152e-09
2398 -1.7329748739e-23 -3.0015223702e-10 -2.2271274802e-09 -2.5272797172e-09
2399 -1.7116583640e-23 -3.0036296552e-10 -2.2381373537e-09 -2.5385003192e-09
2400 -1.6893984455e-23 -3.0057369402e-10 -2.2491472272e-09 -2.5497209212e-09
2401 -1.6661820511e-23 -3.0078442252e-10 -2.2601571007e-09 -2.5609415233e-09
2402 -1.6492558333e-23 -3.0099515102e-10 -2.2711669743e-09 -2.5721621253e-09
2403 -1.6316629924e-23 -3.0012745848e-10 -2.2815409577e-09 -2.5816684162e-09
2404 -1.6168027159e-23 -2.9925976594e-10 -2.2919149412e-09 -2.5911747072e-09
2405 -1.6012549128e-23 -2.9839207340e-10 -2.3022889247e-09 -2.6006809981e-09
2406 -1.5877067046e-23 -2.9752438086e-10 -2.3126629082e-09 -2.6101872890e-09
2407 -1.5735255156e-23 -2.9665668832e-10 -2.3230368916e-09 -2.6196935800e-09
2408 -1.5609376648e-23 -2.9578899578e-10 -2.3334108751e-09 -2.6291998709e-09
2409 -1.5477587946e-23 -2.9492130324e-10 -2.3437848586e-09 -2.6387061618e-09
2410 -1.5360211275e-23 -2.9405361070e-10 -2.3541588421e-09 -2.6482124528e-09
2411 -1.5236301526e-23 -2.9318591816e-10 -2.3645328255e-09 -2.6577187437e-09
2412 -1.5124143809e-23 -2.9231822562e-10 -2.3749068090e-09 -2.6672250346e-09
2413 -1.5006709709e-23 -2.9145053308e-10 -2.3852807925e-09 -2.6767313256e-09
2414 -1.4900706022e-23 -2.9058284054e-10 -2.3956547760e-09 -2.6862376165e-09
2415 -1.4788739359e-23 -2.8971514800e-10 -2.4060287594e-09 -2.6957439074e-09
2416 -1.4686299571e-23 -2.8884745546e-10 -2.4164027429e-09 -2.7052501984e-09
2417 -1.4579059776e-23 -2.8797976292e-10 -2.4267767264e-09 -2.7147564893e-09
2418 -1.4481477567e-23 -2.8711207038e-10 -2.4371507099e-09 -2.7242627803e-09
2419 -1.4378380989e-23 -2.8624437784e-10 -2.4475246934e-09 -2.7337690712e-09
2420 -1.4283391407e-23 -2.8537668530e-10 -2.4578986768e-09 -2.7432753621e-09
2421 -1.4184877430e-23 -2.8450899276e-10 -2.4682726603e-09 -2.7527816531e-09
2422 -1.4093032438e-23 -2.8364130022e-10 -2.4786466438e-09 -2.7622879440e-09
2423 -1.3996936604e-23 -2.8277360768e-10 -2.4881924725e-09 -2.7709660802e-09
2424 -1.3908823072e-23 -2.8190591513e-10 -2.4977383013e-09 -2.7796442164e-09
2425 -1.3815729623e-23 -2.8103822259e-10 -2.5072841300e-09 -2.7883223526e-09
2426 -1.3730207360e-23 -2.8017053005e-10 -2.5168299588e-09 -2.7970004888e-09
2427 -1.3639857495e-23 -2.7930283751e-10 -2.5263757875e-09 -2.8056786250e-09
2428 -1.3555859260e-23 -2.7843514497e-10 -2.5359216163e-09 -2.8143567612e-09
2429 -1.3468891428e-23 -2.7756745243e-10 -2.5454674450e-09 -2.8230348975e-09
2430 -1.3387103905e-23 -2.7669975989e-10 -2.5550132738e-09 -2.8317130337e-09
2431 -1.3302460878e-23 -2.7583206735e-10 -2.5645591025e-09 -2.8403911699e-09
2432 -1.3222726485e-23 -2.7496437481e-10 -2.5741049313e-09 -2.8490693061e-09
2433 -1.3140243456e-23 -2.7409668227e-10 -2.5836507600e-09 -2.8577474423e-09
2434 -1.3062424430e-23 -2.7322898973e-10 -2.5931965888e-09 -2.8664255785e-09
2435 -1.2981957156e-23 -2.7236129719e-10 -2.6027424175e-09 -2.8751037147e-09
2436 -1.2905932115e-23 -2.7149360465e-10 -2.6122882463e-09 -2.8837818509e-09
2437 -1.2827353470e-23 -2.7062591211e-10 -2.6218340750e-09 -2.8924599871e-09
2438 -1.2753014735e-23 -2.6975821957e-10 -2.6313799037e-09 -2.9011381233e-09
2439 -1.2676211908e-23 -2.6889052703e-10 -2.6409257325e-09 -2.9098162595e-09
2440 -1.2603463398e-23 -2.6802283449e-10 -2.6504715612e-09 -2.9184943957e-09
2441 -1.2528335347e-23 -2.6715514195e-10 -2.6600173900e-09 -2.9271725319e-09
2442 -1.2457886496e-23 -2.6628744941e-10 -2.6695632187e-09 -2.9358506682e-09
2443 -1.2383546113e-23 -2.6541975687e-10 -2.6796250008e-09 -2.9450447577e-09
2444 -1.2314515269e-23 -2.6455206433e-10 -2.6896867829e-09 -2.9542388472e-09
2445 -1.2242470141e-23 -2.6368437179e-10 -2.6997485650e-09 -2.9634329368e-09
2446 -1.2174003695e-23 -2.6281667925e-10 -2.7098103471e-09 -2.9726270263e-09
2447 -1.2103388395e-23 -2.6194898671e-10 -2.7198721292e-09 -2.9818211159e-09
2448 -1.2036214952e-23 -2.6108129417e-10 -2.7299339113e-09 -2.9910152054e-09
2449 -1.1966962532e-23 -2.6021360163e-10 -2.7399956934e-09 -3.0002092950e-09
2450 -1.1901788862e-23 -2.5934590909e-10 -2.7500574755e-09 -3.0094033845e-09
2451 -1.1833834076e-23 -2.5847821655e-10 -2.7601192576e-09 -3.0185974741e-09
2452 -1.1769072999e-23 -2.5761052401e-10 -2.7701810396e-09 -3.0277915636e-09
2453 -1.1702363575e-23 -2.5674283147e-10 -2.7802428217e-09 -3.0369856532e-09
2454 -1.1639484864e-23 -2.5587513893e-10 -2.7903046038e-09 -3.0461797427e-09
2455 -1.1573217122e-23 -2.5500744639e-10 -2.8003663859e-09 -3.0553738323e-09
2456 -1.1511415390e-23 -2.5413975385e-10 -2.8104281680e-09 -3.0645679218e-09
2457 -1.1447038705e-23 -2.5327206131e-10 -2.8204899501e-09 -3.0737620114e-09
2458 -1.1386270781e-23 -2.5240436877e-10 -2.8305517322e-09 -3.0829561009e-09
2459 -1.1322992611e-23 -2.5153667623e-10 -2.8406135143e-09 -3.0921501905e-09
2460 -1.1262492452e-23 -2.5066898369e-10 -2.8506752964e-09 -3.1013442800e-09
2461 -1.1200277306e-23 -2.4980129115e-10 -2.8607370785e-09 -3.1105383696e-09
2462 -1.1141472744e-23 -2.4893359861e-10 -2.8707988605e-09 -3.1197324591e-09
2463 -1.1080280638e-23 -2.4806590607e-10 -2.8816521292e-09 -3.1297180353e-09
2464 -1.1022406907e-23 -2.4719821353e-10 -2.8925053979e-09 -3.1397036114e-09
2465 -1.0962203740e-23 -2.4633052098e-10 -2.9033586665e-09 -3.1496891875e-09
2466 -1.0905230669e-23 -2.4546282844e-10 -2.9142119352e-09 -3.1596747636e-09
2467 -1.0845278213e-23 -2.4459513590e-10 -2.9250652038e-09 -3.1696603397e-09
2468 -1.0789179657e-23 -2.4372744336e-10 -2.9359184725e-09 -3.1796459159e-09
2469 -1.0730860678e-23 -2.4285975082e-10 -2.9467717411e-09 -3.1896314920e-09
2470 -1.0675605480e-23 -2.4199205828e-10 -2.9576250098e-09 -3.1996170681e-09
2471 -1.0618183857e-23 -2.4112436574e-10 -2.9684782785e-09 -3.2096026442e-09
2472 -1.0563749727e-23 -2.4025667320e-10 -2.9793315471e-09 -3.2195882203e-09
2473 -1.0507201544e-23 -2.3938898066e-10 -2.9901848158e-09 -3.2295737964e-09
2474 -1.0453567564e-23 -2.3852128812e-10 -3.0010380844e-09 -3.2395593726e-09
2475 -1.0397870228e-23 -2.3765359558e-10 -3.0118913531e-09 -3.2495449487e-09
2476 -1.0345016491e-23 -2.3678590304e-10 -3.0227446218e-09 -3.2595305248e-09
2477 -1.0290148508e-23 -2.3591821050e-10 -3.0335978904e-09 -3.2695161009e-09
2478 -1.0238055946e-23 -2.3505051796e-10 -3.0444511591e-09 -3.2795016770e-09
2479 -1.0183996480e-23 -2.3418282542e-10 -3.0553044277e-09 -3.2894872532e-09
2480 -1.0132646352e-23 -2.3331513288e-10 -3.0661576964e-09 -3.2994728293e-09
2481 -1.0079374401e-23 -2.3244744034e-10 -3.0770109650e-09 -3.3094584054e-09
2482 -1.0028746379e-23 -2.3157974780e-10 -3.0878642337e-09 -3.3194439815e-09
2483 -9.9762411185e-24 -2.3071205526e-10 -3.0982504830e-09 -3.3289625382e-09
2484 -9.9263198224e-24 -2.2984436272e-10 -3.1086367322e-09 -3.3384810949e-09
2485 -9.8745662617e-24 -2.2897667018e-10 -3.1190229815e-09 -3.3479996517e-09
2486 -9.8259868963e-24 -2.2810897764e-10 -3.1294092308e-09 -3.3575182084e-09
2487 -9.7749677416e-24 -2.2724128510e-10 -3.1397954800e-09 -3.3670367651e-09
2488 -9.7264183945e-24 -2.2637359256e-10 -3.1501817293e-09 -3.3765553218e-09
2489 -9.6761227302e-24 -2.2550590002e-10 -3.1605679785e-09 -3.3860738786e-09
2490 -9.6282422061e-24 -2.2463820748e-10 -3.1709542278e-09 -3.3955924353e-09
2491 -9.5786564526e-24 -2.2377051494e-10 -3.1813404771e-09 -3.4051109920e-09
2492 -9.5314325836e-24 -2.2290282240e-10 -3.1917267263e-09 -3.4146295487e-09
2493 -9.4831717912e-24 -2.2203512986e-10 -3.2021129756e-09 -3.4241481054e-09
2494 -9.4365893735e-24 -2.2116743732e-10 -3.2124992249e-09 -3.4336666622e-09
2495 -9.3883777818e-24 -2.2029974478e-10 -3.2228854741e-09 -3.4431852189e-09
2496 -9.3424238394e-24 -2.1943205224e-10 -3.2332717234e-09 -3.4527037756e-09
2497 -9.2948800298e-24 -2.1856435970e-10 -3.2436579726e-09 -3.4622223323e-09
2498 -9.2501620419e-24 -2.1769666716e-10 -3.2540442219e-09 -3.4717408891e-09
2499 -9.2032741150e-24 -2.1682897462e-10 -3.2644304712e-09 -3.4812594458e-09
2500 -9.1585502324e-24 -2.1596128208e-10 -3.2748167204e-09 -3.4907780025e-09
2501 -9.1123116094e-24 -2.1509358954e-10 -3.2852029697e-09 -3.5002965592e-09
2502 -9.0687972657e-24 -2.1422589700e-10 -3.2955892189e-09 -3.5098151159e-09
2503 -9.0231962586e-24 -2.1515456178e-10 -3.3037798943e-09 -3.5189344561e-09
2504 -8.9796702335e-24 -2.1608322657e-10 -3.3119705697e-09 -3.5280537963e-09
2505 -8.9352977608e-24 -2.1701189136e-10 -3.3201612451e-09 -3.5371731365e-09
2506 -8.8923566221e-24 -2.1794055614e-10 -3.3283519205e-09 -3.5462924766e-09
2507 -8.8480048148e-24 -2.1886922093e-10 -3.3365425959e-09 -3.5554118168e-09
2508 -8.8062313848e-24 -2.1979788572e-10 -3.3447332713e-09 -3.5645311570e-09
2509 -8.7624852385e-24 -2.2072655051e-10 -3.3529239466e-09 -3.5736504971e-09
2510 -8.7206859256e-24 -2.2165521529e-10 -3.3611146220e-09 -3.5827698373e-09
2511 -8.6781233721e-24 -2.2258388008e-10 -3.3693052974e-09 -3.5918891775e-09
2512 -8.6368837891e-24 -2.2351254487e-10 -3.3774959728e-09 -3.6010085177e-09
2513 -8.5949090707e-24 -2.2444120965e-10 -3.3856866482e-09 -3.6101278578e-09
2514 -8.5542245342e-24 -2.2536987444e-10 -3.3938773236e-09 -3.6192471980e-09
2515 -8.5122586056e-24 -2.2629853923e-10 -3.4020679989e-09 -3.6283665382e-09
2516 -8.4726976411e-24 -2.2722720401e-10 -3.4102586743e-09 -3.6374858783e-09
2517 -8.4313126826e-24 -2.2815586880e-10 -3.4184493497e-09 -3.6466052185e-09
2518 -8.3922917585e-24 -2.2908453359e-10 -3.4266400251e-09 -3.6557245587e-09
2519 -8.3514812712e-24 -2.3001319838e-10 -3.4348307005e-09 -3.6648438989e-09
2520 -8.3129942150e-24 -2.3094186316e-10 -3.4430213759e-09 -3.6739632390e-09
2521 -8.2727500398e-24 -2.3187052795e-10 -3.4512120513e-09 -3.6830825792e-09
2522 -8.2347876156e-24 -2.3279919274e-10 -3.4594027266e-09 -3.6922019194e-09
2523 -8.1951006803e-24 -2.3372785752e-10 -3.4683910386e-09 -3.7021188961e-09
2524 -8.1576584969e-24 -2.3465652231e-10 -3.4773793505e-09 -3.7120358728e-09
2525 -8.1185254550e-24 -2.3558518710e-10 -3.4863676624e-09 -3.7219528495e-09
2526 -8.0816007566e-24 -2.3651385188e-10 -3.4953559744e-09 -3.7318698262e-09
2527 -8.0430178321e-24 -2.3744251667e-10 -3.5043442863e-09 -3.7417868030e-09
2528 -8.0066073250e-24 -2.3837118146e-10 -3.5133325982e-09 -3.7517037797e-09
2529 -7.9691124252e-24 -2.3929984625e-10 -3.5223209102e-09 -3.7616207564e-09
2530 -7.9326699205e-24 -2.4022851103e-10 -3.5313092221e-09 -3.7715377331e-09
2531 -7.8957114628e-24 -2.4115717582e-10 -3.5402975340e-09 -3.7814547098e-09
2532 -7.8597785389e-24 -2.4208584061e-10 -3.5492858460e-09 -3.7913716866e-09
2533 -7.8233501811e-24 -2.4301450539e-10 -3.5582741579e-09 -3.8012886633e-09
2534 -7.7884520711e-24 -2.4394317018e-10 -3.5672624698e-09 -3.8112056400e-09
2535 -7.7520121311e-24 -2.4487183497e-10 -3.5762507818e-09 -3.8211226167e-09
2536 -7.7176007442e-24 -2.4580049975e-10 -3.5852390937e-09 -3.8310395934e-09
2537 -7.6822039728e-24 -2.4672916454e-10 -3.5942274056e-09 -3.8409565702e-09
2538 -7.6477534697e-24 -2.4765782933e-10 -3.6032157175e-09 -3.8508735469e-09
2539 -7.6128693556e-24 -2.4858649412e-10 -3.6122040295e-09 -3.8607905236e-09
2540 -7.5794286387e-24 -2.4951515890e-10 -3.6211923414e-09 -3.8707075003e-09
2541 -7.5445362416e-24 -2.5044382369e-10 -3.6301806533e-09 -3.8806244770e-09
2542 -7.5115807501e-24 -2.5137248848e-10 -3.6391689653e-09 -3.8905414538e-09
2543 -7.4777158085e-24 -2.5230115326e-10 -3.6461304651e-09 -3.8984316183e-09
2544 -7.4452422676e-24 -2.5322981805e-10 -3.6530919648e-09 -3.9063217829e-09
2545 -7.4113729305e-24 -2.5415848284e-10 -3.6600534646e-09 -3.9142119475e-09
2546 -7.3793812875e-24 -2.5508714762e-10 -3.6670149644e-09 -3.9221021120e-09
2547 -7.3465267490e-24 -2.5601581241e-10 -3.6739764642e-09 -3.9299922766e-09
2548 -7.3150126413e-24 -2.5694447720e-10 -3.6809379640e-09 -3.9378824412e-09
2549 -7.2821550125e-24 -2.5787314199e-10 -3.6878994637e-09 -3.9457726057e-09
2550 -7.2511165005e-24 -2.5880180677e-10 -3.6948609635e-09 -3.9536627703e-09
2551 -7.2192586251e-24 -2.5973047156e-10 -3.7018224633e-09 -3.9615529349e-09
2552 -7.1886913452e-24 -2.6065913635e-10 -3.7087839631e-09 -3.9694430994e-09
2553 -7.1573261183e-24 -2.6158780113e-10 -3.7157454629e-09 -3.9773332640e-09
2554 -7.1267340970e-24 -2.6251646592e-10 -3.7227069626e-09 -3.9852234286e-09
2555 -7.0958602235e-24 -2.6344513071e-10 -3.7296684624e-09 -3.9931135931e-09
2556 -7.0662292635e-24 -2.6437379550e-10 -3.7366299622e-09 -4.0010037577e-09
2557 -7.0358412527e-24 -2.6530246028e-10 -3.7435914620e-09 -4.0088939223e-09
2558 -7.0066724701e-24 -2.6623112507e-10 -3.7505529618e-09 -4.0167840868e-09
2559 -6.9767657293e-24 -2.6715978986e-10 -3.7575144615e-09 -4.0246742514e-09
2560 -6.9480545104e-24 -2.6808845464e-10 -3.7644759613e-09 -4.0325644160e-09
2561 -6.9186236262e-24 -2.6901711943e-10 -3.7714374611e-09 -4.0404545805e-09
2562 -6.8903631456e-24 -2.6994578422e-10 -3.7783989609e-09 -4.0483447451e-09
2563 -6.8609209611e-24 -2.7087444900e-10 -3.7846363295e-09 -4.0555107785e-09
2564 -6.8331077770e-24 -2.7180311379e-10 -3.7908736982e-09 -4.0626768120e-09
2565 -6.8046102227e-24 -2.7273177858e-10 -3.7971110669e-09 -4.0698428454e-09
2566 -6.7772408427e-24 -2.7366044337e-10 -3.8033484355e-09 -4.0770088789e-09
2567 -6.7492056336e-24 -2.7458910815e-10 -3.8095858042e-09 -4.0841749123e-09
2568 -6.7222778054e-24 -2.7551777294e-10 -3.8158231728e-09 -4.0913409458e-09
2569 -6.6947020226e-24 -2.7644643773e-10 -3.8220605415e-09 -4.0985069792e-09
2570 -6.6682130891e-24 -2.7737510251e-10 -3.8282979101e-09 -4.1056730127e-09
2571 -6.6410934771e-24 -2.7830376730e-10 -3.8345352788e-09 -4.1128390461e-09
2572 -6.6150401651e-24 -2.7923243209e-10 -3.8407726475e-09 -4.1200050796e-09
2573 -6.5883726839e-24 -2.8016109687e-10 -3.8470100161e-09 -4.1271711130e-09
2574 -6.5627510597e-24 -2.8108976166e-10 -3.8532473848e-09 -4.1343371464e-09
2575 -6.5365308603e-24 -2.8201842645e-10 -3.8594847534e-09 -4.1415031799e-09
2576 -6.5113354959e-24 -2.8294709124e-10 -3.8657221221e-09 -4.1486692133e-09
2577 -6.4860135383e-24 -2.8387575602e-10 -3.8719594908e-09 -4.1558352468e-09
2578 -6.4612393719e-24 -2.8480442081e-10 -3.8781968594e-09 -4.1630012802e-09
2579 -6.4358979479e-24 -2.8573308560e-10 -3.8844342281e-09 -4.1701673137e-09
2580 -6.4115432709e-24 -2.8666175038e-10 -3.8906715967e-09 -4.1773333471e-09
2581 -6.3866366092e-24 -2.8759041517e-10 -3.8969089654e-09 -4.1844993806e-09
2582 -6.3626978223e-24 -2.8851907996e-10 -3.9031463341e-09 -4.1916654140e-09
2583 -6.3382218785e-24 -2.8944774474e-10 -3.9070618223e-09 -4.1965095670e-09
2584 -6.3146951318e-24 -2.9037640953e-10 -3.9109773105e-09 -4.2013537200e-09
2585 -6.2906454605e-24 -2.9130507432e-10 -3.9148927987e-09 -4.2061978730e-09
2586 -6.2679702575e-24 -2.9223373911e-10 -3.9188082869e-09 -4.2110420260e-09
2587 -6.2443406655e-24 -2.9316240389e-10 -3.9227237751e-09 -4.2158861790e-09
2588 -6.2216234170e-24 -2.9409106868e-10 -3.9266392634e-09 -4.2207303320e-09
2589 -6.1984103018e-24 -2.9501973347e-10 -3.9305547516e-09 -4.2255744850e-09
2590 -6.1760913943e-24 -2.9594839825e-10 -3.9344702398e-09 -4.2304186381e-09
2591 -6.1532896173e-24 -2.9687706304e-10 -3.9383857280e-09 -4.2352627911e-09
2592 -6.1318001838e-24 -2.9780572783e-10 -3.9423012162e-09 -4.2401069441e-09
2593 -6.1094032202e-24 -2.9873439261e-10 -3.9462167045e-09 -4.2449510971e-09
2594 -6.0878649218e-24 -2.9966305740e-10 -3.9501321927e-09 -4.2497952501e-09
2595 -6.0658685625e-24 -3.0059172219e-10 -3.9540476809e-09 -4.2546394031e-09
2596 -6.0451444592e-24 -3.0152038698e-10 -3.9579631691e-09 -4.2594835561e-09
2597 -6.0235417132e-24 -3.0244905176e-10 -3.9618786573e-09 -4.2643277091e-09
2598 -6.0027628810e-24 -3.0337771655e-10 -3.9657941455e-09 -4.2691718621e-09
2599 -5.9815489669e-24 -3.0430638134e-10 -3.9697096338e-09 -4.2740160151e-09
2600 -5.9615678440e-24 -3.0523504612e-10 -3.9736251220e-09 -4.2788601681e-09
2601 -5.9407351588e-24 -3.0616371091e-10 -3.9775406102e-09 -4.2837043211e-09
2602 -5.9206920126e-24 -3.0709237570e-10 -3.9814560984e-09 -4.2885484741e-09
2603 -5.9006582304e-24 -3.0794738843e-10 -3.9850546639e-09 -4.2930020523e-09
2604 -5.8809738137e-24 -3.0880240115e-10 -3.9886532293e-09 -4.2974556305e-09
2605 -5.8608866563e-24 -3.0965741388e-10 -3.9922517948e-09 -4.3019092087e-09
2606 -5.8419762918e-24 -3.1051242661e-10 -3.9958503602e-09 -4.3063627868e-09
2607 -5.8222530607e-24 -3.1136743934e-10 -3.9994489257e-09 -4.3108163650e-09
2608 -5.8032712739e-24 -3.1222245207e-10 -4.0030474911e-09 -4.3152699432e-09
2609 -5.7843236598e-24 -3.1307746479e-10 -4.0066460566e-09 -4.3197235214e-09
2610 -5.7656846041e-24 -3.1393247752e-10 -4.0102446220e-09 -4.3241770996e-09
2611 -5.7470874095e-24 -3.1478749025e-10 -4.0138431875e-09 -4.3286306777e-09
2612 -5.7287855874e-24 -3.1564250298e-10 -4.0174417529e-09 -4.3330842559e-09
2613 -5.7101210754e-24 -3.1649751570e-10 -4.0210403184e-09 -4.3375378341e-09
2614 -5.6925630368e-24 -3.1735252843e-10 -4.0246388838e-09 -4.3419914123e-09
2615 -5.6742398157e-24 -3.1820754116e-10 -4.0282374493e-09 -4.3464449904e-09
2616 -5.6570064392e-24 -3.1906255389e-10 -4.0318360147e-09 -4.3508985686e-09
2617 -5.6390189152e-24 -3.1991756662e-10 -4.0354345802e-09 -4.3553521468e-09
2618 -5.6221042226e-24 -3.2077257934e-10 -4.0390331456e-09 -4.3598057250e-09
2619 -5.6044458591e-24 -3.2162759207e-10 -4.0426317111e-09 -4.3642593032e-09
2620 -5.5878436683e-24 -3.2248260480e-10 -4.0462302765e-09 -4.3687128813e-09
2621 -5.5705080718e-24 -3.2333761753e-10 -4.0498288420e-09 -4.3731664595e-09
2622 -5.5542123519e-24 -3.2419263026e-10 -4.0534274074e-09 -4.3776200377e-09
2623 -5.5371933312e-24 -3.2504764298e-10 -4.0573766742e-09 -4.3824243172e-09
2624 -5.5211983185e-24 -3.2590265571e-10 -4.0613259410e-09 -4.3872285968e-09
2625 -5.5044900000e-24 -3.2675766844e-10 -4.0652752078e-09 -4.3920328763e-09
2626 -5.4887903105e-24 -3.2761268117e-10 -4.0692244746e-09 -4.3968371558e-09
2627 -5.4723874773e-24 -3.2846769390e-10 -4.0731737414e-09 -4.4016414353e-09
2628 -5.4569791086e-24 -3.2932270662e-10 -4.0771230082e-09 -4.4064457149e-09
2629 -5.4408789711e-24 -3.3017771935e-10 -4.0810722750e-09 -4.4112499944e-09
2630 -5.4257585474e-24 -3.3103273208e-10 -4.0850215418e-09 -4.4160542739e-09
2631 -5.4099542177e-24 -3.3188774481e-10 -4.0889708086e-09 -4.4208585534e-09
2632 -5.3951134986e-24 -3.3274275754e-10 -4.0929200754e-09 -4.4256628330e-09
2633 -5.3799901635e-24 -3.3359777026e-10 -4.0968693422e-09 -4.4304671125e-09
2634 -5.3650275073e-24 -3.3445278299e-10 -4.1008186090e-09 -4.4352713920e-09
2635 -5.3501818466e-24 -3.3530779572e-10 -4.1047678758e-09 -4.4400756715e-09
2636 -5.3358759324e-24 -3.3616280845e-10 -4.1087171426e-09 -4.4448799511e-09
2637 -5.3209089978e-24 -3.3701782117e-10 -4.1126664094e-09 -4.4496842306e-09
2638 -5.3068595613e-24 -3.3787283390e-10 -4.1166156762e-09 -4.4544885101e-09
2639 -5.2921564608e-24 -3.3872784663e-10 -4.1205649430e-09 -4.4592927896e-09
2640 -5.2783562195e-24 -3.3958285936e-10 -4.1245142098e-09 -4.4640970692e-09
2641 -5.2642968260e-24 -3.4043787209e-10 -4.1284634766e-09 -4.4689013487e-09
2642 -5.2503516517e-24 -3.4129288481e-10 -4.1324127434e-09 -4.4737056282e-09
2643 -5.2365404327e-24 -3.4214789754e-10 -4.1365353961e-09 -4.4786832937e-09
2644 -5.2232171380e-24 -3.4300291027e-10 -4.1406580488e-09 -4.4836609591e-09
2645 -5.2096457780e-24 -3.4385792300e-10 -4.1447807016e-09 -4.4886386246e-09
2646 -5.1961662220e-24 -3.4471293573e-10 -4.1489033543e-09 -4.4936162900e-09
2647 -5.1828280735e-24 -3.4556794845e-10 -4.1530260070e-09 -4.4985939554e-09
2648 -5.1699530663e-24 -3.4642296118e-10 -4.1571486597e-09 -4.5035716209e-09
2649 -5.1568403642e-24 -3.4727797391e-10 -4.1612713124e-09 -4.5085492863e-09
2650 -5.1437982495e-24 -3.4813298664e-10 -4.1653939651e-09 -4.5135269518e-09
2651 -5.1309050695e-24 -3.4898799937e-10 -4.1695166178e-09 -4.5185046172e-09
2652 -5.1184517794e-24 -3.4984301209e-10 -4.1736392706e-09 -4.5234822826e-09
2653 -5.1057713555e-24 -3.5069802482e-10 -4.1777619233e-09 -4.5284599481e-09
2654 -5.0931418795e-24 -3.5155303755e-10 -4.1818845760e-09 -4.5334376135e-09
2655 -5.0806698870e-24 -3.5240805028e-10 -4.1860072287e-09 -4.5384152790e-09
2656 -5.0686172305e-24 -3.5326306300e-10 -4.1901298814e-09 -4.5433929444e-09
2657 -5.0563486089e-24 -3.5411807573e-10 -4.1942525341e-09 -4.5483706099e-09
2658 -5.0444877463e-24 -3.5497308846e-10 -4.1983751868e-09 -4.5533482753e-09
2659 -5.0320401534e-24 -3.5582810119e-10 -4.2024978396e-09 -4.5583259407e-09
2660 -5.0203644103e-24 -3.5668311392e-10 -4.2066204923e-09 -4.5633036062e-09
2661 -5.0084807900e-24 -3.5753812664e-10 -4.2107431450e-09 -4.5682812716e-09
2662 -4.9969827072e-24 -3.5839313937e-10 -4.2148657977e-09 -4.5732589371e-09
2663 -4.9852808678e-24 -3.5924815210e-10 -4.2201901675e-09 -4.5794383196e-09
2664 -4.9739540024e-24 -3.6010316483e-10 -4.2255145373e-09 -4.5856177022e-09
2665 -4.9624275544e-24 -3.6095817756e-10 -4.2308389072e-09 -4.5917970847e-09
2666 -4.9512659103e-24 -3.6181319028e-10 -4.2361632770e-09 -4.5979764673e-09
2667 -4.9395391336e-24 -3.6266820301e-10 -4.2414876468e-09 -4.6041558498e-09
2668 -4.9285377943e-24 -3.6352321574e-10 -4.2468120166e-09 -4.6103352323e-09
2669 -4.9173464301e-24 -3.6437822847e-10 -4.2521363864e-09 -4.6165146149e-09
2670 -4.9065013731e-24 -3.6523324120e-10 -4.2574607562e-09 -4.6226939974e-09
2671 -4.8954693721e-24 -3.6608825392e-10 -4.2627851261e-09 -4.6288733800e-09
2672 -4.8847733047e-24 -3.6694326665e-10 -4.2681094959e-09 -4.6350527625e-09
2673 -4.8738933825e-24 -3.6779827938e-10 -4.2734338657e-09 -4.6412321451e-09
2674 -4.8633392675e-24 -3.6865329211e-10 -4.2787582355e-09 -4.6474115276e-09
2675 -4.8526043560e-24 -3.6950830483e-10 -4.2840826053e-09 -4.6535909102e-09
2676 -4.8421855685e-24 -3.7036331756e-10 -4.2894069752e-09 -4.6597702927e-09
2677 -4.8315893809e-24 -3.7121833029e-10 -4.2947313450e-09 -4.6659496753e-09
2678 -4.8213001365e-24 -3.7207334302e-10 -4.3000557148e-09 -4.6721290578e-09
2679 -4.8108369513e-24 -3.7292835575e-10 -4.3053800846e-09 -4.6783084404e-09
2680 -4.8006718583e-24 -3.7378336847e-10 -4.3107044544e-09 -4.6844878229e-09
2681 -4.7903363867e-24 -3.7463838120e-10 -4.3160288243e-09 -4.6906672055e-09
2682 -4.7802905635e-24 -3.7549339393e-10 -4.3213531941e-09 -4.6968465880e-09
2683 -4.7700782050e-24 -3.7634840666e-10 -4.3270894120e-09 -4.7034378186e-09
2684 -4.7601470881e-24 -3.7720341939e-10 -4.3328256298e-09 -4.7100290492e-09
2685 -4.7500524959e-24 -3.7805843211e-10 -4.3385618477e-09 -4.7166202798e-09
2686 -4.7402306404e-24 -3.7891344484e-10 -4.3442980656e-09 -4.7232115104e-09
2687 -4.7302483649e-24 -3.7976845757e-10 -4.3500342835e-09 -4.7298027410e-09
2688 -4.7205305605e-24 -3.8062347030e-10 -4.3557705014e-09 -4.7363939717e-09
2689 -4.7106555096e-24 -3.8147848303e-10 -4.3615067192e-09 -4.7429852023e-09
2690 -4.7013946244e-24 -3.8233349575e-10 -4.3672429371e-09 -4.7495764329e-09
2691 -4.6916216294e-24 -3.8318850848e-10 -4.3729791550e-09 -4.7561676635e-09
2692 -4.6820977190e-24 -3.8404352121e-10 -4.3787153729e-09 -4.7627588941e-09
2693 -4.6724231075e-24 -3.8489853394e-10 -4.3844515908e-09 -4.7693501247e-09
2694 -4.6629904281e-24 -3.8575354666e-10 -4.3901878086e-09 -4.7759413553e-09
2695 -4.6534108106e-24 -3.8660855939e-10 -4.3959240265e-09 -4.7825325859e-09
2696 -4.6440668005e-24 -3.8746357212e-10 -4.4016602444e-09 -4.7891238165e-09
2697 -4.6349334723e-24 -3.8831858485e-10 -4.4073964623e-09 -4.7957150471e-09
2698 -4.6256737318e-24 -3.8917359758e-10 -4.4131326802e-09 -4.8023062777e-09
2699 -4.6162733072e-24 -3.9002861030e-10 -4.4188688980e-09 -4.8088975083e-09
2700 -4.6070940755e-24 -3.9088362303e-10 -4.4246051159e-09 -4.8154887390e-09
2701 -4.5977770306e-24 -3.9173863576e-10 -4.4303413338e-09 -4.8220799696e-09
2702 -4.5886743744e-24 -3.9259364849e-10 -4.4360775517e-09 -4.8286712002e-09
2703 -4.5797882925e-24 -3.9365938373e-10 -4.4444725987e-09 -4.8381319824e-09
2704 -4.5707582634e-24 -3.9472511898e-10 -4.4528676457e-09 -4.8475927646e-09
2705 -4.5615964642e-24 -3.9579085423e-10 -4.4612626926e-09 -4.8570535469e-09
2706 -4.5526363632e-24 -3.9685658947e-10 -4.4696577396e-09 -4.8665143291e-09
2707 -4.5438973280e-24 -3.9792232472e-10 -4.4780527866e-09 -4.8759751113e-09
2708 -4.5350040748e-24 -3.9898805997e-10 -4.4864478336e-09 -4.8854358936e-09
2709 -4.5259860107e-24 -4.0005379521e-10 -4.4948428806e-09 -4.8948966758e-09
2710 -4.5171586159e-24 -4.0111953046e-10 -4.5032379276e-09 -4.9043574580e-09
2711 -4.5085566986e-24 -4.0218526571e-10 -4.5116329745e-09 -4.9138182402e-09
2712 -4.4997910427e-24 -4.0325100095e-10 -4.5200280215e-09 -4.9232790225e-09
2713 -4.4909055368e-24 -4.0431673620e-10 -4.5284230685e-09 -4.9327398047e-09
2714 -4.4821985873e-24 -4.0538247144e-10 -4.5368181155e-09 -4.9422005869e-09
2715 -4.4737203689e-24 -4.0644820669e-10 -4.5452131625e-09 -4.9516613692e-09
2716 -4.4650685464e-24 -4.0751394194e-10 -4.5536082095e-09 -4.9611221514e-09
2717 -4.4563020181e-24 -4.0857967718e-10 -4.5620032564e-09 -4.9705829336e-09
2718 -4.4480476738e-24 -4.0964541243e-10 -4.5703983034e-09 -4.9800437159e-09
2719 -4.4393361582e-24 -4.1071114768e-10 -4.5787933504e-09 -4.9895044981e-09
2720 -4.4307869447e-24 -4.1177688292e-10 -4.5871883974e-09 -4.9989652803e-09
2721 -4.4224719993e-24 -4.1284261817e-10 -4.5955834444e-09 -5.0084260626e-09
2722 -4.4139708827e-24 -4.1390835342e-10 -4.6039784914e-09 -5.0178868448e-09
2723 -4.4057066206e-24 -4.1497408866e-10 -4.6121179531e-09 -5.0270920417e-09
2724 -4.3972522605e-24 -4.1603982391e-10 -4.6202574148e-09 -5.0362972387e-09
2725 -4.3886941662e-24 -4.1710555916e-10 -4.6283968765e-09 -5.0455024356e-09
2726 -4.3806250726e-24 -4.1817129440e-10 -4.6365363382e-09 -5.0547076326e-09
2727 -4.3721125448e-24 -4.1923702965e-10 -4.6446757999e-09 -5.0639128295e-09
2728 -4.3640830346e-24 -4.2030276489e-10 -4.6528152616e-09 -5.0731180265e-09
2729 -4.3556129814e-24 -4.2136850014e-10 -4.6609547233e-09 -5.0823232234e-09
2730 -4.3472804389e-24 -4.2243423539e-10 -4.6690941850e-09 -5.0915284204e-09
2731 -4.3391896817e-24 -4.2349997063e-10 -4.6772336467e-09 -5.1007336173e-09
2732 -4.3308920077e-24 -4.2456570588e-10 -4.6853731084e-09 -5.1099388143e-09
2733 -4.3228373762e-24 -4.2563144113e-10 -4.6935125701e-09 -5.1191440112e-09
2734 -4.3145720994e-24 -4.2669717637e-10 -4.7016520318e-09 -5.1283492082e-09
2735 -4.3065512480e-24 -4.2776291162e-10 -4.7097914935e-09 -5.1375544051e-09
2736 -4.2983163231e-24 -4.2882864687e-10 -4.7179309552e-09 -5.1467596021e-09
2737 -4.2903270768e-24 -4.2989438211e-10 -4.7260704169e-09 -5.1559647990e-09
2738 -4.2821200427e-24 -4.3096011736e-10 -4.7342098786e-09 -5.1651699960e-09
2739 -4.2741597208e-24 -4.3202585260e-10 -4.7423493403e-09 -5.1743751929e-09
2740 -4.2659780588e-24 -4.3309158785e-10 -4.7504888020e-09 -5.1835803899e-09
2741 -4.2580441470e-24 -4.3415732310e-10 -4.7586282637e-09 -5.1927855868e-09
2742 -4.2498854634e-24 -4.3522305834e-10 -4.7667677254e-09 -5.2019907838e-09
2743 -4.2419755101e-24 -4.3628879359e-10 -4.7778390573e-09 -5.2141278509e-09
2744 -4.2338375193e-24 -4.3735452884e-10 -4.7889103891e-09 -5.2262649179e-09
2745 -4.2259492649e-24 -4.3842026408e-10 -4.7999817210e-09 -5.2384019850e-09
2746 -4.2178298150e-24 -4.3948599933e-10 -4.8110530528e-09 -5.2505390521e-09
2747 -4.2099609663e-24 -4.4055173458e-10 -4.8221243847e-09 -5.2626761192e-09
2748 -4.2018577791e-24 -4.4161746982e-10 -4.8331957165e-09 -5.2748131863e-09
2749 -4.1940055180e-24 -4.4268320507e-10 -4.8442670483e-09 -5.2869502534e-09
2750 -4.1862467982e-24 -4.4374894032e-10 -4.8553383802e-09 -5.2990873205e-09
2751 -4.1780774398e-24 -4.4481467556e-10 -4.8664097120e-09 -5.3112243876e-09
2752 -4.1703298889e-24 -4.4588041081e-10 -4.8774810439e-09 -5.3233614547e-09
2753 -4.1621746545e-24 -4.4694614605e-10 -4.8885523757e-09 -5.3354985218e-09
2754 -4.1544372699e-24 -4.4801188130e-10 -4.8996237076e-09 -5.3476355889e-09
2755 -4.1466245737e-24 -4.4907761655e-10 -4.9106950394e-09 -5.3597726560e-09
2756 -4.1385669489e-24 -4.5014335179e-10 -4.9217663713e-09 -5.3719097231e-09
2757 -4.1307654494e-24 -4.5120908704e-10 -4.9328377031e-09 -5.3840467902e-09
2758 -4.1230450164e-24 -4.5227482229e-10 -4.9439090350e-09 -5.3961838573e-09
2759 -4.1149253441e-24 -4.5334055753e-10 -4.9549803668e-09 -5.4083209244e-09
2760 -4.1072118317e-24 -4.5440629278e-10 -4.9660516987e-09 -5.4204579915e-09
2761 -4.0994285601e-24 -4.5547202803e-10 -4.9771230305e-09 -5.4325950585e-09
2762 -4.0913930606e-24 -4.5653776327e-10 -4.9881943624e-09 -5.4447321256e-09
2763 -4.0836155452e-24 -4.5760349852e-10 -4.9985347062e-09 -5.4561382047e-09
2764 -4.0759093793e-24 -4.5866923377e-10 -5.0088750501e-09 -5.4675442838e-09
2765 -4.0678113807e-24 -4.5973496901e-10 -5.0192153939e-09 -5.4789503629e-09
2766 -4.0601084956e-24 -4.6080070426e-10 -5.0295557378e-09 -5.4903564420e-09
2767 -4.0523416168e-24 -4.6186643950e-10 -5.0398960816e-09 -5.5017625211e-09
2768 -4.0443179661e-24 -4.6293217475e-10 -5.0502364255e-09 -5.5131686002e-09
2769 -4.0365572689e-24 -4.6399791000e-10 -5.0605767693e-09 -5.5245746793e-09
2770 -4.0288619316e-24 -4.6506364524e-10 -5.0709171132e-09 -5.5359807584e-09
2771 -4.0211072719e-24 -4.6612938049e-10 -5.0812574570e-09 -5.5473868375e-09
2772 -4.0130934750e-24 -4.6719511574e-10 -5.0915978009e-09 -5.5587929166e-09
2773 -4.0053453877e-24 -4.6826085098e-10 -5.1019381447e-09 -5.5701989957e-09
2774 -3.9976584524e-24 -4.6932658623e-10 -5.1122784886e-09 -5.5816050748e-09
2775 -3.9899162403e-24 -4.7039232148e-10 -5.1226188324e-09 -5.5930111539e-09
2776 -3.9822319594e-24 -4.7145805672e-10 -5.1329591763e-09 -5.6044172330e-09
2777 -3.9741727656e-24 -4.7252379197e-10 -5.1432995201e-09 -5.6158233121e-09
2778 -3.9664912711e-24 -4.7358952721e-10 -5.1536398640e-09 -5.6272293912e-09
2779 -3.9587580345e-24 -4.7465526246e-10 -5.1639802078e-09 -5.6386354703e-09
2780 -3.9510806918e-24 -4.7572099771e-10 -5.1743205517e-09 -5.6500415494e-09
2781 -3.9433543222e-24 -4.7678673295e-10 -5.1846608955e-09 -5.6614476285e-09
2782 -3.9353645231e-24 -4.7785246820e-10 -5.1950012394e-09 -5.6728537076e-09
2783 -3.9276470003e-24 -4.7891820345e-10 -5.2070644064e-09 -5.6859826098e-09
2784 -3.9199833049e-24 -4.7998393869e-10 -5.2191275733e-09 -5.6991115120e-09
2785 -3.9122755851e-24 -4.8104967394e-10 -5.2311907403e-09 -5.7122404142e-09
2786 -3.9046205492e-24 -4.8211540919e-10 -5.2432539073e-09 -5.7253693165e-09
2787 -3.8969237535e-24 -4.8318114443e-10 -5.2553170743e-09 -5.7384982187e-09
2788 -3.8892783943e-24 -4.8424687968e-10 -5.2673802412e-09 -5.7516271209e-09
2789 -3.8812777126e-24 -4.8531261493e-10 -5.2794434082e-09 -5.7647560231e-09
2790 -3.8736425887e-24 -4.8637835017e-10 -5.2915065752e-09 -5.7778849254e-09
2791 -3.8659695649e-24 -4.8744408542e-10 -5.3035697422e-09 -5.7910138276e-09
2792 -3.8583455002e-24 -4.8850982066e-10 -5.3156329092e-09 -5.8041427298e-09
2793 -3.8506859317e-24 -4.8957555591e-10 -5.3276960761e-09 -5.8172716320e-09
2794 -3.8430744995e-24 -4.9064129116e-10 -5.3397592431e-09 -5.8304005343e-09
2795 -3.8354298081e-24 -4.9170702640e-10 -5.3518224101e-09 -5.8435294365e-09
2796 -3.8278323247e-24 -4.9277276165e-10 -5.3638855771e-09 -5.8566583387e-09
2797 -3.8202036365e-24 -4.9383849690e-10 -5.3759487440e-09 -5.8697872409e-09
2798 -3.8126210882e-24 -4.9490423214e-10 -5.3880119110e-09 -5.8829161432e-09
2799 -3.8050091059e-24 -4.9596996739e-10 -5.4000750780e-09 -5.8960450454e-09
2800 -3.7974419798e-24 -4.9703570264e-10 -5.4121382450e-09 -5.9091739476e-09
2801 -3.7898468395e-24 -4.9810143788e-10 -5.4242014119e-09 -5.9223028498e-09
2802 -3.7822944546e-24 -4.9916717313e-10 -5.4362645789e-09 -5.9354317521e-09
2803 -3.7747141897e-24 -5.0245857271e-10 -5.4482835830e-09 -5.9507421557e-09
2804 -3.7671752783e-24 -5.0574997229e-10 -5.4603025871e-09 -5.9660525594e-09
2805 -3.7596109678e-24 -5.0904137186e-10 -5.4723215912e-09 -5.9813629631e-09
2806 -3.7520878059e-24 -5.1233277144e-10 -5.4843405953e-09 -5.9966733668e-09
2807 -3.7445415693e-24 -5.1562417102e-10 -5.4963595995e-09 -6.0119837705e-09
2808 -3.7370361577e-24 -5.1891557060e-10 -5.5083786036e-09 -6.0272941742e-09
2809 -3.7295098519e-24 -5.2220697018e-10 -5.5203976077e-09 -6.0426045778e-09
2810 -3.7220238662e-24 -5.2549836976e-10 -5.5324166118e-09 -6.0579149815e-09
2811 -3.7145189250e-24 -5.2878976934e-10 -5.5444356159e-09 -6.0732253852e-09
2812 -3.7070535614e-24 -5.3208116891e-10 -5.5564546200e-09 -6.0885357889e-09
2813 -3.6995708991e-24 -5.3537256849e-10 -5.5684736241e-09 -6.1038461926e-09
2814 -3.6921267495e-24 -5.3866396807e-10 -5.5804926282e-09 -6.1191565963e-09
2815 -3.6846665338e-24 -5.4195536765e-10 -5.5925116323e-09 -6.1344670000e-09
2816 -3.6772424422e-24 -5.4524676723e-10 -5.6045306364e-09 -6.1497774036e-09
2817 -3.6698021801e-24 -5.4853816681e-10 -5.6165496405e-09 -6.1650878073e-09
2818 -3.6623983848e-24 -5.5182956639e-10 -5.6285686446e-09 -6.1803982110e-09
2819 -3.6549808993e-24 -5.5512096597e-10 -5.6405876487e-09 -6.1957086147e-09
2820 -3.6476001366e-24 -5.5841236554e-10 -5.6526066528e-09 -6.2110190184e-09
2821 -3.6405100309e-24 -5.6170376512e-10 -5.6646256569e-09 -6.2263294221e-09
2822 -3.6331542789e-24 -5.6499516470e-10 -5.6766446610e-09 -6.2416398257e-09
2823 -3.6257891754e-24 -5.6828656428e-10 -5.6893578076e-09 -6.2576443719e-09
2824 -3.6184608546e-24 -5.7157796386e-10 -5.7020709541e-09 -6.2736489180e-09
2825 -3.6111249692e-24 -5.7486936344e-10 -5.7147841007e-09 -6.2896534641e-09
2826 -3.6038255579e-24 -5.7816076302e-10 -5.7274972472e-09 -6.3056580102e-09
2827 -3.5965200774e-24 -5.8145216259e-10 -5.7402103938e-09 -6.3216625564e-09
2828 -3.5895497124e-24 -5.8474356217e-10 -5.7529235403e-09 -6.3376671025e-09
2829 -3.5822744034e-24 -5.8803496175e-10 -5.7656366869e-09 -6.3536716486e-09
2830 -3.5750333705e-24 -5.9132636133e-10 -5.7783498334e-09 -6.3696761947e-09
2831 -3.5677882302e-24 -5.9461776091e-10 -5.7910629800e-09 -6.3856807409e-09
2832 -3.5605777489e-24 -5.9790916049e-10 -5.8037761265e-09 -6.4016852870e-09
2833 -3.5536624327e-24 -6.0120056007e-10 -5.8164892730e-09 -6.4176898331e-09
2834 -3.5464844269e-24 -6.0449195964e-10 -5.8292024196e-09 -6.4336943792e-09
2835 -3.5393062508e-24 -6.0778335922e-10 -5.8419155661e-09 -6.4496989254e-09
2836 -3.5321630675e-24 -6.1107475880e-10 -5.8546287127e-09 -6.4657034715e-09
2837 -3.5250213651e-24 -6.1436615838e-10 -5.8673418592e-09 -6.4817080176e-09
2838 -3.5182097348e-24 -6.1765755796e-10 -5.8800550058e-09 -6.4977125637e-09
2839 -3.5111053787e-24 -6.2094895754e-10 -5.8927681523e-09 -6.5137171099e-09
2840 -3.5040355085e-24 -6.2424035712e-10 -5.9054812989e-09 -6.5297216560e-09
2841 -3.4969694768e-24 -6.2753175670e-10 -5.9181944454e-09 -6.5457262021e-09
2842 -3.4902304717e-24 -6.3082315627e-10 -5.9309075920e-09 -6.5617307482e-09
2843 -3.4832011390e-24 -6.3411455585e-10 -5.9434760756e-09 -6.5775906315e-09
2844 -3.4762046169e-24 -6.3740595543e-10 -5.9560445593e-09 -6.5934505147e-09
2845 -3.4695061490e-24 -6.4069735501e-10 -5.9686130429e-09 -6.6093103979e-09
2846 -3.4625481148e-24 -6.4398875459e-10 -5.9811815266e-09 -6.6251702811e-09
2847 -3.4555975124e-24 -6.4728015417e-10 -5.9937500102e-09 -6.6410301644e-09
2848 -3.4486805222e-24 -6.5057155375e-10 -6.0063184939e-09 -6.6568900476e-09
2849 -3.4420634532e-24 -6.5386295332e-10 -6.0188869775e-09 -6.6727499308e-09
2850 -3.4351889188e-24 -6.5715435290e-10 -6.0314554611e-09 -6.6886098141e-09
2851 -3.4283248273e-24 -6.6044575248e-10 -6.0440239448e-09 -6.7044696973e-09
2852 -3.4217842289e-24 -6.6373715206e-10 -6.0565924284e-09 -6.7203295805e-09
2853 -3.4149651016e-24 -6.6702855164e-10 -6.0691609121e-09 -6.7361894637e-09
2854 -3.4081794395e-24 -6.7031995122e-10 -6.0817293957e-09 -6.7520493470e-09
2855 -3.4016948200e-24 -6.7361135080e-10 -6.0942978794e-09 -6.7679092302e-09
2856 -3.3949535989e-24 -6.7690275038e-10 -6.1068663630e-09 -6.7837691134e-09
2857 -3.3882248618e-24 -6.8019414995e-10 -6.1194348467e-09 -6.7996289966e-09
2858 -3.3818162665e-24 -6.8348554953e-10 -6.1320033303e-09 -6.8154888799e-09
2859 -3.3751336831e-24 -6.8677694911e-10 -6.1445718140e-09 -6.8313487631e-09
2860 -3.3687706953e-24 -6.9006834869e-10 -6.1571402976e-09 -6.8472086463e-09
2861 -3.3621356144e-24 -6.9335974827e-10 -6.1697087813e-09 -6.8630685296e-09
2862 -3.3555334569e-24 -6.9665114785e-10 -6.1822772649e-09 -6.8789284128e-09
2863 -3.3492328918e-24 -6.9994254743e-10 -6.1956810797e-09 -6.8956236271e-09
2864 -3.3426790798e-24 -7.0323394700e-10 -6.2090848945e-09 -6.9123188415e-09
2865 -3.3364268123e-24 -7.0652534658e-10 -6.2224887093e-09 -6.9290140559e-09
2866 -3.3299215718e-24 -7.0981674616e-10 -6.2358925241e-09 -6.9457092702e-09
2867 -3.3237174589e-24 -7.1310814574e-10 -6.2492963389e-09 -6.9624044846e-09
2868 -3.3172602249e-24 -7.1639954532e-10 -6.2627001537e-09 -6.9790996990e-09
2869 -3.3108192352e-24 -7.1969094490e-10 -6.2761039685e-09 -6.9957949133e-09
2870 -3.3046904646e-24 -7.2298234448e-10 -6.2895077832e-09 -7.0124901277e-09
2871 -3.2982944882e-24 -7.2627374405e-10 -6.3029115980e-09 -7.0291853421e-09
2872 -3.2922104868e-24 -7.2956514363e-10 -6.3163154128e-09 -7.0458805564e-09
2873 -3.2858611255e-24 -7.3285654321e-10 -6.3297192276e-09 -7.0625757708e-09
2874 -3.2798231315e-24 -7.3614794279e-10 -6.3431230424e-09 -7.0792709852e-09
2875 -3.2735211028e-24 -7.3943934237e-10 -6.3565268572e-09 -7.0959661995e-09
2876 -3.2675299239e-24 -7.4273074195e-10 -6.3699306720e-09 -7.1126614139e-09
2877 -3.2612766448e-24 -7.4602214153e-10 -6.3833344868e-09 -7.1293566283e-09
2878 -3.2553338773e-24 -7.4931354111e-10 -6.3967383015e-09 -7.1460518426e-09
2879 -3.2491306993e-24 -7.5260494068e-10 -6.4101421163e-09 -7.1627470570e-09
2880 -3.2432375501e-24 -7.5589634026e-10 -6.4235459311e-09 -7.1794422714e-09
2881 -3.2370853803e-24 -7.5918773984e-10 -6.4369497459e-09 -7.1961374858e-09
2882 -3.2312425436e-24 -7.6247913942e-10 -6.4503535607e-09 -7.2128327001e-09
2883 -3.2251413265e-24 -7.6577053900e-10 -6.4619953591e-09 -7.2277658981e-09
2884 -3.2193480813e-24 -7.6906193858e-10 -6.4736371575e-09 -7.2426990961e-09
2885 -3.2132982901e-24 -7.7235333816e-10 -6.4852789559e-09 -7.2576322941e-09
2886 -3.2075562329e-24 -7.7564473773e-10 -6.4969207544e-09 -7.2725654921e-09
2887 -3.2018365659e-24 -7.7893613731e-10 -6.5085625528e-09 -7.2874986901e-09
2888 -3.1958697457e-24 -7.8222753689e-10 -6.5202043512e-09 -7.3024318881e-09
2889 -3.1902034573e-24 -7.8551893647e-10 -6.5318461496e-09 -7.3173650861e-09
2890 -3.1842908132e-24 -7.8881033605e-10 -6.5434879480e-09 -7.3322982841e-09
2891 -3.1786787279e-24 -7.9210173563e-10 -6.5551297464e-09 -7.3472314821e-09
2892 -3.1730966565e-24 -7.9539313521e-10 -6.5667715448e-09 -7.3621646800e-09
2893 -3.1672634645e-24 -7.9868453478e-10 -6.5784133433e-09 -7.3770978780e-09
2894 -3.1617357378e-24 -8.0197593436e-10 -6.5900551417e-09 -7.3920310760e-09
2895 -3.1559576940e-24 -8.0526733394e-10 -6.6016969401e-09 -7.4069642740e-09
2896 -3.1504838246e-24 -8.0855873352e-10 -6.6133387385e-09 -7.4218974720e-09
2897 -3.1450339084e-24 -8.1185013310e-10 -6.6249805369e-09 -7.4368306700e-09
2898 -3.1393388588e-24 -8.1514153268e-10 -6.6366223353e-09 -7.4517638680e-09
2899 -3.1339424612e-24 -8.1843293226e-10 -6.6482641337e-09 -7.4666970660e-09
2900 -3.1285748439e-24 -8.2172433184e-10 -6.6599059322e-09 -7.4816302640e-09
2901 -3.1229592537e-24 -8.2501573141e-10 -6.6715477306e-09 -7.4965634620e-09
2902 -3.1176456750e-24 -8.2830713099e-10 -6.6831895290e-09 -7.5114966600e-09
2903 -3.1123574388e-24 0.0000000000e+00 -6.6952395277e-09 -6.6952395277e-09
2904 -3.1068258371e-24 0.0000000000e+00 -6.7072895263e-09 -6.7072895263e-09
2905 -3.1015921156e-24 0.0000000000e+00 -6.7193395250e-09 -6.7193395250e-09
2906 -3.0963868611e-24 0.0000000000e+00 -6.7313895237e-09 -6.7313895237e-09
2907 -3.0909359867e-24 0.0000000000e+00 -6.7434395223e-09 -6.7434395223e-09
2908 -3.0857847193e-24 0.0000000000e+00 -6.7554895210e-09 -6.7554895210e-09
2909 -3.0806589280e-24 0.0000000000e+00 -6.7675395197e-09 -6.7675395197e-09
2910 -3.0752903496e-24 0.0000000000e+00 -6.7795895184e-09 -6.7795895184e-09
2911 -3.0702176826e-24 0.0000000000e+00 -6.7916395170e-09 -6.7916395170e-09
2912 -3.0651722855e-24 0.0000000000e+00 -6.8036895157e-09 -6.8036895157e-09
2913 -3.0601521574e-24 0.0000000000e+00 -6.8157395144e-09 -6.8157395144e-09
2914 -3.0548897349e-24 0.0000000000e+00 -6.8277895131e-09 -6.8277895131e-09
2915 -3.0499219624e-24 0.0000000000e+00 -6.8398395117e-09 -6.8398395117e-09
2916 -3.0449807110e-24 0.0000000000e+00 -6.8518895104e-09 -6.8518895104e-09
2917 -3.0400644049e-24 0.0000000000e+00 -6.8639395091e-09 -6.8639395091e-09
2918 -3.0349060215e-24 0.0000000000e+00 -6.8759895077e-09 -6.8759895077e-09
2919 -3.0300406728e-24 0.0000000000e+00 -6.8880395064e-09 -6.8880395064e-09
2920 -3.0252008569e-24 0.0000000000e+00 -6.9000895051e-09 -6.9000895051e-09
2921 -3.0203852701e-24 0.0000000000e+00 -6.9121395038e-09 -6.9121395038e-09
2922 -3.0155946242e-24 0.0000000000e+00 -6.9241895024e-09 -6.9241895024e-09
2923 -3.0105607537e-24 0.0000000000e+00 -6.9353118281e-09 -6.9353118281e-09
2924 -3.0058181865e-24 0.0000000000e+00 -6.9464341538e-09 -6.9464341538e-09
2925 -3.0010988796e-24 0.0000000000e+00 -6.9575564795e-09 -6.9575564795e-09
2926 -2.9964031969e-24 0.0000000000e+00 -6.9686788052e-09 -6.9686788052e-09
2927 -2.9917303395e-24 0.0000000000e+00 -6.9798011309e-09 -6.9798011309e-09
2928 -2.9868149670e-24 0.0000000000e+00 -6.9909234566e-09 -6.9909234566e-09
2929 -2.9821877974e-24 0.0000000000e+00 -7.0020457822e-09 -7.0020457822e-09
2930 -2.9775830859e-24 0.0000000000e+00 -7.0131681079e-09 -7.0131681079e-09
2931 -2.9730002642e-24 0.0000000000e+00 -7.0242904336e-09 -7.0242904336e-09
2932 -2.9684393733e-24 0.0000000000e+00 -7.0354127593e-09 -7.0354127593e-09
2933 -2.9638999174e-24 0.0000000000e+00 -7.0465350850e-09 -7.0465350850e-09
2934 -2.9593818900e-24 0.0000000000e+00 -7.0576574107e-09 -7.0576574107e-09
2935 -2.9546210233e-24 0.0000000000e+00 -7.0687797364e-09 -7.0687797364e-09
2936 -2.9501456225e-24 0.0000000000e+00 -7.0799020621e-09 -7.0799020621e-09
2937 -2.9456914576e-24 0.0000000000e+00 -7.0910243877e-09 -7.0910243877e-09
2938 -2.9412580754e-24 0.0000000000e+00 -7.1021467134e-09 -7.1021467134e-09
2939 -2.9368447571e-24 0.0000000000e+00 -7.1132690391e-09 -7.1132690391e-09
2940 -2.9324510321e-24 0.0000000000e+00 -7.1243913648e-09 -7.1243913648e-09
2941 -2.9280762010e-24 0.0000000000e+00 -7.1355136905e-09 -7.1355136905e-09
2942 -2.9237197498e-24 0.0000000000e+00 -7.1466360162e-09 -7.1466360162e-09
2943 -2.9193809615e-24 0.0000000000e+00 -7.1579087239e-09 -7.1579087239e-09
2944 -2.9150593418e-24 0.0000000000e+00 -7.1691814316e-09 -7.1691814316e-09
2945 -2.9107541206e-24 0.0000000000e+00 -7.1804541393e-09 -7.1804541393e-09
2946 -2.9064647658e-24 0.0000000000e+00 -7.1917268470e-09 -7.1917268470e-09
2947 -2.9019292477e-24 0.0000000000e+00 -7.2029995547e-09 -7.2029995547e-09
2948 -2.8976695270e-24 0.0000000000e+00 -7.2142722624e-09 -7.2142722624e-09
2949 -2.8934230257e-24 0.0000000000e+00 -7.2255449701e-09 -7.2255449701e-09
2950 -2.8891889072e-24 0.0000000000e+00 -7.2368176778e-09 -7.2368176778e-09
2951 -2.8849665575e-24 0.0000000000e+00 -7.2480903855e-09 -7.2480903855e-09
2952 -2.8807559581e-24 0.0000000000e+00 -7.2593630932e-09 -7.2593630932e-09
2953 -2.8765564138e-24 0.0000000000e+00 -7.2706358009e-09 -7.2706358009e-09
2954 -2.8723679742e-24 0.0000000000e+00 -7.2819085086e-09 -7.2819085086e-09
2955 -2.8681899103e-24 0.0000000000e+00 -7.2931812163e-09 -7.2931812163e-09
2956 -2.8640223724e-24 0.0000000000e+00 -7.3044539240e-09 -7.3044539240e-09
2957 -2.8598646184e-24 0.0000000000e+00 -7.3157266317e-09 -7.3157266317e-09
2958 -2.8557168820e-24 0.0000000000e+00 -7.3269993394e-09 -7.3269993394e-09
2959 -2.8515784295e-24 0.0000000000e+00 -7.3382720472e-09 -7.3382720472e-09
2960 -2.8474496146e-24 0.0000000000e+00 -7.3495447549e-09 -7.3495447549e-09
2961 -2.8433297709e-24 0.0000000000e+00 -7.3608174626e-09 -7.3608174626e-09
2962 -2.8392193610e-24 0.0000000000e+00 -7.3720901703e-09 -7.3720901703e-09
2963 -2.8351183678e-24 0.0000000000e+00 -7.3819947286e-09 -7.3819947286e-09
2964 -2.8312849494e-24 0.0000000000e+00 -7.3918992870e-09 -7.3918992870e-09
2965 -2.8272019210e-24 0.0000000000e+00 -7.4018038453e-09 -7.4018038453e-09
2966 -2.8231277946e-24 0.0000000000e+00 -7.4117084037e-09 -7.4117084037e-09
2967 -2.8190605844e-24 0.0000000000e+00 -7.4216129620e-09 -7.4216129620e-09
2968 -2.8150012343e-24 0.0000000000e+00 -7.4315175204e-09 -7.4315175204e-09
2969 -2.8109475949e-24 0.0000000000e+00 -7.4414220787e-09 -7.4414220787e-09
2970 -2.8069008676e-24 0.0000000000e+00 -7.4513266371e-09 -7.4513266371e-09
2971 -2.8028587285e-24 0.0000000000e+00 -7.4612311954e-09 -7.4612311954e-09
2972 -2.7988225905e-24 0.0000000000e+00 -7.4711357538e-09 -7.4711357538e-09
2973 -2.7947899155e-24 0.0000000000e+00 -7.4810403121e-09 -7.4810403121e-09
2974 -2.7907622925e-24 0.0000000000e+00 -7.4909448705e-09 -7.4909448705e-09
2975 -2.7867369216e-24 0.0000000000e+00 -7.5008494289e-09 -7.5008494289e-09
2976 -2.7829706695e-24 0.0000000000e+00 -7.5107539872e-09 -7.5107539872e-09
2977 -2.7789501492e-24 0.0000000000e+00 -7.5206585456e-09 -7.5206585456e-09
2978 -2.7749329220e-24 0.0000000000e+00 -7.5305631039e-09 -7.5305631039e-09
2979 -2.7709160238e-24 0.0000000000e+00 -7.5404676623e-09 -7.5404676623e-09
2980 -2.7669019905e-24 0.0000000000e+00 -7.5503722206e-09 -7.5503722206e-09
2981 -2.7628876765e-24 0.0000000000e+00 -7.5602767790e-09 -7.5602767790e-09
2982 -2.7588758725e-24 0.0000000000e+00 -7.5701813373e-09 -7.5701813373e-09
2983 -2.7551168870e-24 0.0000000000e+00 0.0000000000e+00 -2.7551168870e-24
2984 -2.7511063106e-24 0.0000000000e+00 0.0000000000e+00 -2.7511063106e-24
2985 -2.7470944466e-24 0.0000000000e+00 0.0000000000e+00 -2.7470944466e-24
2986 -2.7430847103e-24 0.0000000000e+00 0.0000000000e+00 -2.7430847103e-24
2987 -2.7390733233e-24 0.0000000000e+00 0.0000000000e+00 -2.7390733233e-24
2988 -2.7353166480e-24 0.0000000000e+00 0.0000000000e+00 -2.7353166480e-24
2989 -2.7313052137e-24 0.0000000000e+00 0.0000000000e+00 -2.7313052137e-24
2990 -2.7272961482e-24 0.0000000000e+00 0.0000000000e+00 -2.7272961482e-24
2991 -2.7232851498e-24 0.0000000000e+00 0.0000000000e+00 -2.7232851498e-24
2992 -2.7192762546e-24 0.0000000000e+00 0.0000000000e+00 -2.7192762546e-24
2993 -2.7155164765e-24 0.0000000000e+00 0.0000000000e+00 -2.7155164765e-24
2994 -2.7115068127e-24 0.0000000000e+00 0.0000000000e+00 -2.7115068127e-24
2995 -2.7074942194e-24 0.0000000000e+00 0.0000000000e+00 -2.7074942194e-24
2996 -2.7034833990e-24 0.0000000000e+00 0.0000000000e+00 -2.7034833990e-24
2997 -2.6997200168e-24 0.0000000000e+00 0.0000000000e+00 -2.6997200168e-24
2998 -2.6957074352e-24 0.0000000000e+00 0.0000000000e+00 -2.6957074352e-24
2999 -2.6916912462e-24 0.0000000000e+00 0.0000000000e+00 -2.6916912462e-24
