0.000000000000000000e+00
0.000000000000000000e+00
0.000000000000000000e+00
0.000000000000000000e+00
0.000000000000000000e+00
0.000000000000000000e+00
0.000000000000000000e+00
0.000000000000000000e+00
0.000000000000000000e+00
0.000000000000000000e+00
8.420104248900467508e-36
8.439580263466486978e-36
8.459056278032506447e-36
8.478532292598524579e-36
8.498008307164544049e-36
8.517484321730563518e-36
8.536960336296582987e-36
8.556436350862601120e-36
8.575912365428620589e-36
8.595388379994640058e-36
8.614864394560659527e-36
8.634340409126677660e-36
8.653816423692697129e-36
8.673292438258716598e-36
8.692768452824736067e-36
8.712244467390754200e-36
8.731720481956773669e-36
9.451417175573951494e-36
1.087133454824228901e-35
1.229125192091062519e-35
1.371116929357896137e-35
1.513108666624729755e-35
1.655100403891563373e-35
1.797092141158396991e-35
1.939083878425230609e-35
2.081075615692064227e-35
2.223067352958897845e-35
2.365059090225731463e-35
2.507050827492565081e-35
2.649042564759399234e-35
2.791034302026232852e-35
2.933026039293066470e-35
3.075017776559900088e-35
3.217009513826733706e-35
4.081191015918153451e-35
5.667562282834159324e-35
7.253933549750166800e-35
8.840304816666172139e-35
1.042667608358217962e-34
1.201304735049818495e-34
1.359941861741419243e-34
1.518578988433019777e-34
1.677216115124620524e-34
1.835853241816221058e-34
1.994490368507821806e-34
2.153127495199422126e-34
2.311764621891022874e-34
2.470401748582623621e-34
2.629038875274224369e-34
2.787676001965825117e-34
2.946313128657425437e-34
8.256197549404457639e-08
1.651239509880891528e-07
2.476859264821337557e-07
3.302479019761783056e-07
4.128098774702228555e-07
4.953718529642675113e-07
5.779338284583120612e-07
6.604958039523566112e-07
7.430577794464011611e-07
8.256197549404457110e-07
9.081817304344903668e-07
9.907437059285350226e-07
1.073305681422579573e-06
1.155867656916624122e-06
1.238429632410668672e-06
1.320991607904713222e-06
7.042620354967577554e-04
2.110061561298969858e-03
3.515861087101181635e-03
4.921660612903393413e-03
6.327460138705605190e-03
7.733259664507816968e-03
9.139059190310029612e-03
1.054485871611224139e-02
1.195065824191445490e-02
1.335645776771666668e-02
1.476225729351887846e-02
1.616805681932109023e-02
1.757385634512330375e-02
1.897965587092551379e-02
2.038545539672772730e-02
2.179125492252993734e-02
2.319705444833215086e-02
2.613640833209276981e-02
3.060931657381179422e-02
3.508222481553081862e-02
3.955513305724983608e-02
4.402804129896886742e-02
4.850094954068788489e-02
5.297385778240690929e-02
5.744676602412593369e-02
6.191967426584495116e-02
6.639258250756398250e-02
7.086549074928299996e-02
7.533839899100203130e-02
7.981130723272104877e-02
8.428421547444008011e-02
8.875712371615909757e-02
9.323003195787811503e-02
9.770294019959714638e-02
9.994446304784575241e-02
9.995460050262394702e-02
9.996473795740215551e-02
9.997487541218035012e-02
9.998501286695855861e-02
9.999515032173675322e-02
1.000052877765149478e-01
1.000154252312931563e-01
1.000255626860713509e-01
1.000357001408495594e-01
1.000458375956277540e-01
1.000559750504059625e-01
1.000661125051841571e-01
1.000762499599623656e-01
1.000863874147405602e-01
1.000965248695187687e-01
1.001066623242969633e-01
1.000373111698210915e-01
9.996796001534521969e-02
9.989860886086934788e-02
9.982925770639347607e-02
9.975990655191760426e-02
9.969055539744173244e-02
9.962120424296586063e-02
9.955185308848998882e-02
9.948250193401410313e-02
9.941315077953823132e-02
9.934379962506235950e-02
9.927444847058648769e-02
9.920509731611061588e-02
9.913574616163474407e-02
9.906639500715887225e-02
9.899704385268300044e-02
9.853552288441763674e-02
9.768183210236276726e-02
9.682814132030791165e-02
9.597445053825304218e-02
9.512075975619818657e-02
9.426706897414331709e-02
9.341337819208846149e-02
9.255968741003359201e-02
9.170599662797873641e-02
9.085230584592388081e-02
8.999861506386901133e-02
8.914492428181415573e-02
8.829123349975928625e-02
8.743754271770443065e-02
8.658385193564956117e-02
8.573016115359470557e-02
8.487647037153983609e-02
8.398567832213256479e-02
8.305778500537289166e-02
8.212989168861320466e-02
8.120199837185351766e-02
8.027410505509384453e-02
7.934621173833415753e-02
7.841831842157447052e-02
7.749042510481479740e-02
7.656253178805511039e-02
7.563463847129542339e-02
7.470674515453575026e-02
7.377885183777606326e-02
7.285095852101639013e-02
7.192306520425670313e-02
7.099517188749701613e-02
7.006727857073734300e-02
6.913938525397765600e-02
6.817472544827349323e-02
6.721006564256933047e-02
6.624540583686516770e-02
6.528074603116100494e-02
6.431608622545684217e-02
6.335142641975267941e-02
6.238676661404851664e-02
6.142210680834435388e-02
6.045744700264019111e-02
5.949278719693602835e-02
5.852812739123186558e-02
5.756346758552770282e-02
5.659880777982354005e-02
5.563414797411937729e-02
5.466948816841521452e-02
5.370482836271105176e-02
5.295699913303941048e-02
5.242600047940029068e-02
5.189500182576117088e-02
5.136400317212205108e-02
5.083300451848293128e-02
5.030200586484381148e-02
4.977100721120469168e-02
4.924000855756557882e-02
4.870900990392645902e-02
4.817801125028733922e-02
4.764701259664821942e-02
4.711601394300909962e-02
4.658501528936997982e-02
4.605401663573086002e-02
4.552301798209174022e-02
4.499201932845262042e-02
4.446102067481350062e-02
4.396262397987595744e-02
4.349682924363999781e-02
4.303103450740403124e-02
4.256523977116807161e-02
4.209944503493211199e-02
4.163365029869614542e-02
4.116785556246018579e-02
4.070206082622421923e-02
4.023626608998825960e-02
3.977047135375229997e-02
3.930467661751633340e-02
3.883888188128037378e-02
3.837308714504440721e-02
3.790729240880844758e-02
3.744149767257248795e-02
3.697570293633652139e-02
3.650990820010056176e-02
3.604184545321254679e-02
3.557151469567248342e-02
3.510118393813242005e-02
3.463085318059235668e-02
3.416052242305229331e-02
3.369019166551222993e-02
3.321986090797216656e-02
3.274953015043210319e-02
3.227919939289203982e-02
3.180886863535197645e-02
3.133853787781191308e-02
3.086820712027184971e-02
3.039787636273178634e-02
2.992754560519172297e-02
2.945721484765165959e-02
2.898688409011159622e-02
2.851655333257153285e-02
2.832196631695206579e-02
2.812737930133260220e-02
2.793279228571313513e-02
2.773820527009366807e-02
2.754361825447420448e-02
2.734903123885473741e-02
2.715444422323527382e-02
2.695985720761580676e-02
2.676527019199633969e-02
2.657068317637687610e-02
2.637609616075740904e-02
2.618150914513794197e-02
2.598692212951847838e-02
2.579233511389901132e-02
2.559774809827954772e-02
2.540316108266008066e-02
2.515423182588250386e-02
2.485096032794681734e-02
2.454768883001113081e-02
2.424441733207544775e-02
2.394114583413976122e-02
2.363787433620407469e-02
2.333460283826838816e-02
2.303133134033270163e-02
2.272805984239701510e-02
2.242478834446133204e-02
2.212151684652564551e-02
2.181824534858995898e-02
2.151497385065427245e-02
2.121170235271858592e-02
2.090843085478290286e-02
2.060515935684721633e-02
2.030188785891152981e-02
2.005200638728069432e-02
1.985551494195470987e-02
1.965902349662872195e-02
1.946253205130273750e-02
1.926604060597675305e-02
1.906954916065076513e-02
1.887305771532478069e-02
1.867656626999879624e-02
1.848007482467280832e-02
1.828358337934682387e-02
1.808709193402083942e-02
1.789060048869485497e-02
1.769410904336886706e-02
1.749761759804288261e-02
1.730112615271689816e-02
1.710463470739091024e-02
1.690814326206492579e-02
1.677913736086514979e-02
1.665013145966537378e-02
1.652112555846559430e-02
1.639211965726581829e-02
1.626311375606604229e-02
1.613410785486626628e-02
1.600510195366648680e-02
1.587609605246671080e-02
1.574709015126693479e-02
1.561808425006715705e-02
1.548907834886738104e-02
1.536007244766760330e-02
1.523106654646782729e-02
1.510206064526804955e-02
1.497305474406827354e-02
1.484404884286849580e-02
1.469975252246312827e-02
1.454016578285217097e-02
1.438057904324121367e-02
1.422099230363025636e-02
1.406140556401929906e-02
1.390181882440834175e-02
1.374223208479738445e-02
1.358264534518642541e-02
1.342305860557546984e-02
1.326347186596451080e-02
1.310388512635355350e-02
1.294429838674259620e-02
1.278471164713163889e-02
1.262512490752068159e-02
1.246553816790972428e-02
1.230595142829876698e-02
1.214636468868780794e-02
1.201427270063532525e-02
1.190967546414131717e-02
1.180507822764730909e-02
1.170048099115330101e-02
1.159588375465929293e-02
1.149128651816528485e-02
1.138668928167127677e-02
1.128209204517726869e-02
1.117749480868325887e-02
1.107289757218925079e-02
1.096830033569524271e-02
1.086370309920123463e-02
1.075910586270722655e-02
1.065450862621321847e-02
1.054991138971921039e-02
1.044531415322520231e-02
1.034071691673119422e-02
1.025768952527483270e-02
1.019623197885612120e-02
1.013477443243740971e-02
1.007331688601869821e-02
1.001185933959998671e-02
9.950401793181273477e-03
9.888944246762561979e-03
9.827486700343850481e-03
9.766029153925138984e-03
9.704571607506425751e-03
9.643114061087714253e-03
9.581656514669002755e-03
9.520198968250291258e-03
9.458741421831579760e-03
9.397283875412866527e-03
9.335826328994155029e-03
9.274368782575443532e-03
9.190739090925211657e-03
9.107109399274978048e-03
9.023479707624746174e-03
8.939850015974514300e-03
8.856220324324280690e-03
8.772590632674048816e-03
8.688960941023816942e-03
8.605331249373585067e-03
8.521701557723351458e-03
8.438071866073119584e-03
8.354442174422887710e-03
8.270812482772654101e-03
8.187182791122422226e-03
8.103553099472190352e-03
8.019923407821956743e-03
7.936293716171724869e-03
7.857605210111102273e-03
7.783857889640090691e-03
7.710110569169077374e-03
7.636363248698065792e-03
7.562615928227052475e-03
7.488868607756040893e-03
7.415121287285027576e-03
7.341373966814015994e-03
7.267626646343002678e-03
7.193879325871991096e-03
7.120132005400977779e-03
7.046384684929966197e-03
6.972637364458952880e-03
6.898890043987941298e-03
6.825142723516927981e-03
6.751395403045916399e-03
6.677648082574903082e-03
6.614746171452683988e-03
6.562689669679258250e-03
6.510633167905832512e-03
6.458576666132406774e-03
6.406520164358981036e-03
6.354463662585554430e-03
6.302407160812128692e-03
6.250350659038702954e-03
6.198294157265277216e-03
6.146237655491850610e-03
6.094181153718424872e-03
6.042124651944999134e-03
5.990068150171573395e-03
5.938011648398147657e-03
5.885955146624721052e-03
5.833898644851295313e-03
5.781842143077869575e-03
5.744993696042641380e-03
5.708145249007414053e-03
5.671296801972185858e-03
5.634448354936958531e-03
5.597599907901730336e-03
5.560751460866502141e-03
5.523903013831274814e-03
5.487054566796046619e-03
5.450206119760818424e-03
5.413357672725591097e-03
5.376509225690362902e-03
5.339660778655135574e-03
5.302812331619907379e-03
5.265963884584680052e-03
5.229115437549451857e-03
5.192266990514223662e-03
5.153334069327399590e-03
5.112316673988977905e-03
5.071299278650556221e-03
5.030281883312134536e-03
4.989264487973712851e-03
4.948247092635291167e-03
4.907229697296870349e-03
4.866212301958448665e-03
4.825194906620026980e-03
4.784177511281605295e-03
4.743160115943183611e-03
4.702142720604762793e-03
4.661125325266341109e-03
4.620107929927919424e-03
4.579090534589497739e-03
4.538073139251076055e-03
4.497055743912655237e-03
4.461632237201331591e-03
4.431802619117105983e-03
4.401973001032881243e-03
4.372143382948655635e-03
4.342313764864430894e-03
4.312484146780205287e-03
4.282654528695980546e-03
4.252824910611754938e-03
4.222995292527530198e-03
4.193165674443305457e-03
4.163336056359079849e-03
4.133506438274855109e-03
4.103676820190629501e-03
4.073847202106404761e-03
4.044017584022179153e-03
4.014187965937954412e-03
3.984358347853728805e-03
3.955619135082233222e-03
3.927970327623466797e-03
3.900321520164700372e-03
3.872672712705933946e-03
3.845023905247167088e-03
3.817375097788400663e-03
3.789726290329634237e-03
3.762077482870867812e-03
3.734428675412101387e-03
3.706779867953334962e-03
3.679131060494568537e-03
3.651482253035801678e-03
3.623833445577035253e-03
3.596184638118268828e-03
3.568535830659502403e-03
3.540887023200735978e-03
3.513238215741969553e-03
3.487798844160266715e-03
3.462359472578563878e-03
3.436920100996861040e-03
3.411480729415158203e-03
3.386041357833455365e-03
3.360601986251752528e-03
3.335162614670049690e-03
3.309723243088346853e-03
3.284283871506644015e-03
3.258844499924941178e-03
3.233405128343238340e-03
3.207965756761535503e-03
3.182526385179832665e-03
3.157087013598129828e-03
3.131647642016427424e-03
3.106208270434724153e-03
3.086180805720819924e-03
3.071565247874714303e-03
3.056949690028608682e-03
3.042334132182503061e-03
3.027718574336397440e-03
3.013103016490291820e-03
2.998487458644185765e-03
2.983871900798080144e-03
2.969256342951974523e-03
2.954640785105868903e-03
2.940025227259763282e-03
2.925409669413657661e-03
2.910794111567551606e-03
2.896178553721445986e-03
2.881562995875340365e-03
2.866947438029234744e-03
2.852331880183129123e-03
2.832852683801863076e-03
2.808509848885436602e-03
2.784167013969010129e-03
2.759824179052584089e-03
2.735481344136157615e-03
2.711138509219731142e-03
2.686795674303305102e-03
2.662452839386878628e-03
2.638110004470452588e-03
2.613767169554026115e-03
2.589424334637599641e-03
2.565081499721173601e-03
2.540738664804747127e-03
2.516395829888320654e-03
2.492052994971894614e-03
2.467710160055468140e-03
2.443367325139041667e-03
2.426566258423009780e-03
2.417306959907372481e-03
2.408047661391734748e-03
2.398788362876097448e-03
2.389529064360459715e-03
2.380269765844822416e-03
2.371010467329184683e-03
2.361751168813547384e-03
2.352491870297909651e-03
2.343232571782272351e-03
2.333973273266634618e-03
2.324713974750997319e-03
2.315454676235359586e-03
2.306195377719722286e-03
2.296936079204084553e-03
2.287676780688446820e-03
2.278417482172809521e-03
2.262037755194748478e-03
2.245658028216687002e-03
2.229278301238625960e-03
2.212898574260564483e-03
2.196518847282503441e-03
2.180139120304441964e-03
2.163759393326380922e-03
2.147379666348319446e-03
2.130999939370258403e-03
2.114620212392196927e-03
2.098240485414135884e-03
2.081860758436074842e-03
2.065481031458013365e-03
2.049101304479952323e-03
2.032721577501890847e-03
2.016341850523829804e-03
2.003473271660173496e-03
1.994115840910922356e-03
1.984758410161671649e-03
1.975400979412420509e-03
1.966043548663169369e-03
1.956686117913918228e-03
1.947328687164667305e-03
1.937971256415416382e-03
1.928613825666165241e-03
1.919256394916914101e-03
1.909898964167663178e-03
1.900541533418412038e-03
1.891184102669161114e-03
1.881826671919909974e-03
1.872469241170659051e-03
1.863111810421407910e-03
1.853754379672156987e-03
1.843465431569562283e-03
1.832244966113624231e-03
1.821024500657685962e-03
1.809804035201747910e-03
1.798583569745809642e-03
1.787363104289871590e-03
1.776142638833933321e-03
1.764922173377995269e-03
1.753701707922057000e-03
1.742481242466118949e-03
1.731260777010180680e-03
1.720040311554242628e-03
1.708819846098304359e-03
1.697599380642366308e-03
1.686378915186428039e-03
1.675158449730489770e-03
1.663937984274551718e-03
1.655591251953438675e-03
1.647244519632325632e-03
1.638897787311212806e-03
1.630551054990099762e-03
1.622204322668986719e-03
1.613857590347873676e-03
1.605510858026760633e-03
1.597164125705647806e-03
1.588817393384534763e-03
1.580470661063421720e-03
1.572123928742308677e-03
1.563777196421195850e-03
1.555430464100082807e-03
1.547083731778969764e-03
1.538736999457856721e-03
1.530390267136743677e-03
1.523231374032851674e-03
1.517260320146180492e-03
1.511289266259509094e-03
1.505318212372837913e-03
1.499347158486166731e-03
1.493376104599495550e-03
1.487405050712824152e-03
1.481433996826152970e-03
1.475462942939481789e-03
1.469491889052810607e-03
1.463520835166139426e-03
1.457549781279468028e-03
1.451578727392796846e-03
1.445607673506125665e-03
1.439636619619454484e-03
1.433665565732783085e-03
1.427694511846111904e-03
1.421503962967718762e-03
1.415093919097603660e-03
1.408683875227488341e-03
1.402273831357373239e-03
1.395863787487258137e-03
1.389453743617142818e-03
1.383043699747027715e-03
1.376633655876912613e-03
1.370223612006797511e-03
1.363813568136682192e-03
1.357403524266567090e-03
1.350993480396451988e-03
1.344583436526336669e-03
1.338173392656221566e-03
1.331763348786106464e-03
1.325353304915991145e-03
1.318943261045876043e-03
1.312574602818503827e-03
1.306247330233874715e-03
1.299920057649245602e-03
1.293592785064616489e-03
1.287265512479987160e-03
1.280938239895358047e-03
1.274610967310728935e-03
1.268283694726099605e-03
1.261956422141470493e-03
1.255629149556841380e-03
1.249301876972212268e-03
1.242974604387582938e-03
1.236647331802953826e-03
1.230320059218324713e-03
1.223992786633695600e-03
1.217665514049066271e-03
1.211338241464437158e-03
1.208141838104687246e-03
1.204945434744937333e-03
1.201749031385187204e-03
1.198552628025437291e-03
1.195356224665687379e-03
1.192159821305937466e-03
1.188963417946187553e-03
1.185767014586437424e-03
1.182570611226687511e-03
1.179374207866937599e-03
1.176177804507187686e-03
1.172981401147437557e-03
1.169784997787687644e-03
1.166588594427937732e-03
1.163392191068187819e-03
1.160195787708437907e-03
1.155395486409802660e-03
1.148991287172282513e-03
1.142587087934762366e-03
1.136182888697242219e-03
1.129778689459721855e-03
1.123374490222201708e-03
1.116970290984681561e-03
1.110566091747161414e-03
1.104161892509641051e-03
1.097757693272120904e-03
1.091353494034600757e-03
1.084949294797080610e-03
1.078545095559560463e-03
1.072140896322040099e-03
1.065736697084519952e-03
1.059332497846999805e-03
1.052928298609479658e-03
1.047558694288858909e-03
1.043223684885137559e-03
1.038888675481416425e-03
1.034553666077695291e-03
1.030218656673973941e-03
1.025883647270252807e-03
1.021548637866531457e-03
1.017213628462810323e-03
1.012878619059088972e-03
1.008543609655367839e-03
1.004208600251646705e-03
9.998735908479253545e-04
9.955385814442042208e-04
9.912035720404828703e-04
9.868685626367617366e-04
9.825335532330403861e-04
9.781985438293192524e-04
9.746386433039403926e-04
9.710787427785615329e-04
9.675188422531825648e-04
9.639589417278037050e-04
9.603990412024248453e-04
9.568391406770459856e-04
9.532792401516670174e-04
9.497193396262881577e-04
9.461594391009092980e-04
9.425995385755304382e-04
9.390396380501514701e-04
9.354797375247726103e-04
9.319198369993937506e-04
9.283599364740148909e-04
9.248000359486359227e-04
9.212401354232570630e-04
9.179131965370019696e-04
9.148192192898707510e-04
9.117252420427395324e-04
9.086312647956083137e-04
9.055372875484770951e-04
9.024433103013458765e-04
8.993493330542146579e-04
8.962553558070834392e-04
8.931613785599522206e-04
8.900674013128208936e-04
8.869734240656896749e-04
8.838794468185584563e-04
8.807854695714272377e-04
8.776914923242960190e-04
8.745975150771648004e-04
8.715035378300335818e-04
8.684095605829023632e-04
8.649846034941991238e-04
8.612286665639240805e-04
8.574727296336489288e-04
8.537167927033737771e-04
8.499608557730987338e-04
8.462049188428235821e-04
8.424489819125484304e-04
8.386930449822733872e-04
8.349371080519982355e-04
8.311811711217230838e-04
8.274252341914480405e-04
8.236692972611728888e-04
8.199133603308977371e-04
8.161574234006226938e-04
8.124014864703475421e-04
8.086455495400723904e-04
8.048896126097973471e-04
8.016040044390744653e-04
7.987887250279037451e-04
7.959734456167330248e-04
7.931581662055623046e-04
7.903428867943915843e-04
7.875276073832208640e-04
7.847123279720501438e-04
7.818970485608794235e-04
7.790817691497087033e-04
7.762664897385379830e-04
7.734512103273672627e-04
7.706359309161966509e-04
7.678206515050259306e-04
7.650053720938552104e-04
7.621900926826844901e-04
7.593748132715137699e-04
7.565595338603430496e-04
7.541026203002478912e-04
7.516457067401527328e-04
7.491887931800575743e-04
7.467318796199624159e-04
7.442749660598672575e-04
7.418180524997722075e-04
7.393611389396770490e-04
7.369042253795818906e-04
7.344473118194867322e-04
7.319903982593915738e-04
7.295334846992964153e-04
7.270765711392012569e-04
7.246196575791060985e-04
7.221627440190109401e-04
7.197058304589157816e-04
7.172489168988206232e-04
7.148730507643408488e-04
7.125782320554763499e-04
7.102834133466118510e-04
7.079885946377473521e-04
7.056937759288828532e-04
7.033989572200183542e-04
7.011041385111538553e-04
6.988093198022893564e-04
6.965145010934248575e-04
6.942196823845604671e-04
6.919248636756959682e-04
6.896300449668314693e-04
6.873352262579669704e-04
6.850404075491024715e-04
6.827455888402379726e-04
6.804507701313734737e-04
6.781559514225089748e-04
6.754365075097621502e-04
6.722924383931331085e-04
6.691483692765040668e-04
6.660043001598749167e-04
6.628602310432458750e-04
6.597161619266168333e-04
6.565720928099876832e-04
6.534280236933586415e-04
6.502839545767295998e-04
6.471398854601004497e-04
6.439958163434714080e-04
6.408517472268423663e-04
6.377076781102132162e-04
6.345636089935841745e-04
6.314195398769551328e-04
6.282754707603259827e-04
6.251314016436969410e-04
6.234562399469426204e-04
6.217810782501881914e-04
6.201059165534338708e-04
6.184307548566795503e-04
6.167555931599251213e-04
6.150804314631708007e-04
6.134052697664164801e-04
6.117301080696621596e-04
6.100549463729077306e-04
6.083797846761534100e-04
6.067046229793990894e-04
6.050294612826446605e-04
6.033542995858903399e-04
6.016791378891360193e-04
6.000039761923815903e-04
5.983288144956272698e-04
5.968740592190867247e-04
5.956397103627599551e-04
5.944053615064332939e-04
5.931710126501065243e-04
5.919366637937797547e-04
5.907023149374530935e-04
5.894679660811263239e-04
5.882336172247995543e-04
5.869992683684727847e-04
5.857649195121461235e-04
5.845305706558193539e-04
5.832962217994925843e-04
5.820618729431659231e-04
5.808275240868391535e-04
5.795931752305123839e-04
5.783588263741857227e-04
5.771244775178589531e-04
5.756115203382318815e-04
5.738199548353046164e-04
5.720283893323772429e-04
5.702368238294499778e-04
5.684452583265226042e-04
5.666536928235953391e-04
5.648621273206679656e-04
5.630705618177407005e-04
5.612789963148133270e-04
5.594874308118859534e-04
5.576958653089586883e-04
5.559042998060313148e-04
5.541127343031040497e-04
5.523211688001766762e-04
5.505296032972494110e-04
5.487380377943220375e-04
5.469464722913947724e-04
5.452404607570414657e-04
5.436200031912621173e-04
5.419995456254827690e-04
5.403790880597035291e-04
5.387586304939241807e-04
5.371381729281449408e-04
5.355177153623655924e-04
5.338972577965862441e-04
5.322768002308070042e-04
5.306563426650276558e-04
5.290358850992484159e-04
5.274154275334690676e-04
5.257949699676897192e-04
5.241745124019104793e-04
5.225540548361311309e-04
5.209335972703518910e-04
5.193131397045725427e-04
5.173603237598836148e-04
5.154075078151946869e-04
5.134546918705057590e-04
5.115018759258168311e-04
5.095490599811277948e-04
5.075962440364388669e-04
5.056434280917499391e-04
5.036906121470610112e-04
5.017377962023720833e-04
4.997849802576831554e-04
4.978321643129942275e-04
4.958793483683052996e-04
4.939265324236162633e-04
4.919737164789273354e-04
4.900209005342384076e-04
4.880680845895494797e-04
4.865959771419336500e-04
4.856045781913909186e-04
4.846131792408482413e-04
4.836217802903055099e-04
4.826303813397627785e-04
4.816389823892201012e-04
4.806475834386773698e-04
4.796561844881346384e-04
4.786647855375919611e-04
4.776733865870492297e-04
4.766819876365064983e-04
4.756905886859637668e-04
4.746991897354210896e-04
4.737077907848783582e-04
4.727163918343356267e-04
4.717249928837929495e-04
4.707335939332502181e-04
4.695798742565421855e-04
4.682638338536687975e-04
4.669477934507954096e-04
4.656317530479220216e-04
4.643157126450486337e-04
4.629996722421752457e-04
4.616836318393018578e-04
4.603675914364284698e-04
4.590515510335550818e-04
4.577355106306816939e-04
4.564194702278083059e-04
4.551034298249349180e-04
4.537873894220615300e-04
4.524713490191881421e-04
4.511553086163147541e-04
4.498392682134413662e-04
4.485232278105679782e-04
4.475245633930329979e-04
4.465258989754979633e-04
4.455272345579629830e-04
4.445285701404280026e-04
4.435299057228929680e-04
4.425312413053579877e-04
4.415325768878229531e-04
4.405339124702879728e-04
4.395352480527529924e-04
4.385365836352179579e-04
4.375379192176829775e-04
4.365392548001479972e-04
4.355405903826129626e-04
4.345419259650779823e-04
4.335432615475430019e-04
4.325445971300079673e-04
4.313428160832600828e-04
4.299379184072992942e-04
4.285330207313385056e-04
4.271281230553777169e-04
4.257232253794169825e-04
4.243183277034561938e-04
4.229134300274954052e-04
4.215085323515346165e-04
4.201036346755738279e-04
4.186987369996130392e-04
4.172938393236522506e-04
4.158889416476914619e-04
4.144840439717306733e-04
4.130791462957699388e-04
4.116742486198091502e-04
4.102693509438483615e-04
4.088644532678875729e-04
4.076764283416841076e-04
4.067052761652380200e-04
4.057341239887919324e-04
4.047629718123458447e-04
4.037918196358997029e-04
4.028206674594536152e-04
4.018495152830075276e-04
4.008783631065614399e-04
3.999072109301152981e-04
3.989360587536692104e-04
3.979649065772231228e-04
3.969937544007770352e-04
3.960226022243309475e-04
3.950514500478848057e-04
3.940802978714387180e-04
3.931091456949926304e-04
3.921379935185465427e-04
3.910715982896813031e-04
3.899099600083969115e-04
3.887483217271125741e-04
3.875866834458281825e-04
3.864250451645438451e-04
3.852634068832594535e-04
3.841017686019750619e-04
3.829401303206907245e-04
3.817784920394063329e-04
3.806168537581219955e-04
3.794552154768376039e-04
3.782935771955532665e-04
3.771319389142688749e-04
3.759703006329845375e-04
3.748086623517001459e-04
3.736470240704157543e-04
3.724853857891314169e-04
3.717737770897635153e-04
3.710621683903955596e-04
3.703505596910276580e-04
3.696389509916597023e-04
3.689273422922918007e-04
3.682157335929238449e-04
3.675041248935559434e-04
3.667925161941879876e-04
3.660809074948200860e-04
3.653692987954521303e-04
3.646576900960842287e-04
3.639460813967163272e-04
3.632344726973483714e-04
3.625228639979804698e-04
3.618112552986125141e-04
3.610996465992446125e-04
3.602782130217742742e-04
3.593469545662015532e-04
3.584156961106288323e-04
3.574844376550561113e-04
3.565531791994833903e-04
3.556219207439106694e-04
3.546906622883379484e-04
3.537594038327652275e-04
3.528281453771925065e-04
3.518968869216198398e-04
3.509656284660471188e-04
3.500343700104743979e-04
3.491031115549016769e-04
3.481718530993289560e-04
3.472405946437562350e-04
3.463093361881835141e-04
3.453780777326107931e-04
3.444613816941764360e-04
3.435592480728804428e-04
3.426571144515844496e-04
3.417549808302884021e-04
3.408528472089924089e-04
3.399507135876964157e-04
3.390485799664004225e-04
3.381464463451044292e-04
3.372443127238084360e-04
3.363421791025123886e-04
3.354400454812163953e-04
3.345379118599204021e-04
3.336357782386244089e-04
3.327336446173284157e-04
3.318315109960323682e-04
3.309293773747363750e-04
3.300272437534403818e-04
3.292523330866106322e-04
3.286046453742471805e-04
3.279569576618836745e-04
3.273092699495201686e-04
3.266615822371567168e-04
3.260138945247932109e-04
3.253662068124297049e-04
3.247185191000662532e-04
3.240708313877027472e-04
3.234231436753392413e-04
3.227754559629757896e-04
3.221277682506122836e-04
3.214800805382488319e-04
3.208323928258853259e-04
3.201847051135218200e-04
3.195370174011583683e-04
3.188893296887948623e-04
3.182284005820378535e-04
3.175674714752808447e-04
3.169065423685238359e-04
3.162456132617668270e-04
3.155846841550098182e-04
3.149237550482528094e-04
3.142628259414958006e-04
3.136018968347387918e-04
3.129409677279818371e-04
3.122800386212248283e-04
3.116191095144678195e-04
3.109581804077108107e-04
3.102972513009538019e-04
3.096363221941967931e-04
3.089753930874397842e-04
3.083144639806827754e-04
3.075003085974083086e-04
3.065329269376163837e-04
3.055655452778244588e-04
3.045981636180325339e-04
3.036307819582406632e-04
3.026634002984487383e-04
3.016960186386568135e-04
3.007286369788648886e-04
2.997612553190729637e-04
2.987938736592810388e-04
2.978264919994891139e-04
2.968591103396971890e-04
2.958917286799052642e-04
2.949243470201133935e-04
2.939569653603214686e-04
2.929895837005295437e-04
2.920222020407376188e-04
2.913216254929257764e-04
2.908878540570940707e-04
2.904540826212623651e-04
2.900203111854306594e-04
2.895865397495989537e-04
2.891527683137672480e-04
2.887189968779355423e-04
2.882852254421038366e-04
2.878514540062721309e-04
2.874176825704404252e-04
2.869839111346087195e-04
2.865501396987770138e-04
2.861163682629453081e-04
2.856825968271136025e-04
2.852488253912818968e-04
2.848150539554501911e-04
2.843812825196184854e-04
2.838248807202538456e-04
2.832684789208892600e-04
2.827120771215246202e-04
2.821556753221600346e-04
2.815992735227953949e-04
2.810428717234307551e-04
2.804864699240661695e-04
2.799300681247015297e-04
2.793736663253369441e-04
2.788172645259723043e-04
2.782608627266076645e-04
2.777044609272430790e-04
2.771480591278784392e-04
2.765916573285138536e-04
2.760352555291492138e-04
2.754788537297845740e-04
2.747923342562593840e-04
2.739756971085735896e-04
2.731590599608877952e-04
2.723424228132020008e-04
2.715257856655162064e-04
2.707091485178304119e-04
2.698925113701446175e-04
2.690758742224588231e-04
2.682592370747729745e-04
2.674425999270871801e-04
2.666259627794013857e-04
2.658093256317155912e-04
2.649926884840297968e-04
2.641760513363440024e-04
2.633594141886582080e-04
2.625427770409724136e-04
2.617261398932866192e-04
2.610115689319882841e-04
2.603990641570774083e-04
2.597865593821665868e-04
2.591740546072557111e-04
2.585615498323448353e-04
2.579490450574339596e-04
2.573365402825231380e-04
2.567240355076122623e-04
2.561115307327013865e-04
2.554990259577905108e-04
2.548865211828796351e-04
2.542740164079688135e-04
2.536615116330579378e-04
2.530490068581470620e-04
2.524365020832361863e-04
2.518239973083253648e-04
2.512114925334144890e-04
2.507291103181908797e-04
2.503768506626545911e-04
2.500245910071182483e-04
2.496723313515819055e-04
2.493200716960456169e-04
2.489678120405092740e-04
2.486155523849729312e-04
2.482632927294366426e-04
2.479110330739002998e-04
2.475587734183639570e-04
2.472065137628276683e-04
2.468542541072913255e-04
2.465019944517550369e-04
2.461497347962186941e-04
2.457974751406823513e-04
2.454452154851460626e-04
2.450929558296097198e-04
2.446858080385251621e-04
2.442786602474406586e-04
2.438715124563561008e-04
2.434643646652715431e-04
2.430572168741870125e-04
2.426500690831024547e-04
2.422429212920179241e-04
2.418357735009333664e-04
2.414286257098488357e-04
2.410214779187642780e-04
2.406143301276797474e-04
2.402071823365952168e-04
2.398000345455106590e-04
2.393928867544261284e-04
2.389857389633415707e-04
2.385785911722570400e-04
2.380886492860520489e-04
2.375159133047266514e-04
2.369431773234012540e-04
2.363704413420758565e-04
2.357977053607504319e-04
2.352249693794250345e-04
2.346522333980996370e-04
2.340794974167742396e-04
2.335067614354488421e-04
2.329340254541234175e-04
2.323612894727980201e-04
2.317885534914726226e-04
2.312158175101472252e-04
2.306430815288218006e-04
2.300703455474964031e-04
2.294976095661710057e-04
2.289248735848456082e-04
2.283887505795951633e-04
2.278892405504196980e-04
2.273897305212442055e-04
2.268902204920687402e-04
2.263907104628932749e-04
2.258912004337178096e-04
2.253916904045423172e-04
2.248921803753668519e-04
2.243926703461913866e-04
2.238931603170159212e-04
2.233936502878404288e-04
2.228941402586649635e-04
2.223946302294894982e-04
2.218951202003140329e-04
2.213956101711385405e-04
2.208961001419630752e-04
2.203965901127876098e-04
2.202146037715604064e-04
2.200326174303332029e-04
2.198506310891059723e-04
2.196686447478787688e-04
2.194866584066515653e-04
2.193046720654243619e-04
2.191226857241971313e-04
2.189406993829699278e-04
2.187587130417427243e-04
2.185767267005155209e-04
2.183947403592882903e-04
2.182127540180610868e-04
2.180307676768338833e-04
2.178487813356066798e-04
2.176667949943794493e-04
2.174848086531522458e-04
2.171174089723479459e-04
2.165645959519665767e-04
2.160117829315852075e-04
2.154589699112038112e-04
2.149061568908224419e-04
2.143533438704410727e-04
2.138005308500596764e-04
2.132477178296783072e-04
2.126949048092969109e-04
2.121420917889155417e-04
2.115892787685341725e-04
2.110364657481527762e-04
2.104836527277714070e-04
2.099308397073900378e-04
2.093780266870086415e-04
2.088252136666272722e-04
2.082724006462459030e-04
2.077950625190596841e-04
2.073931992850686155e-04
2.069913360510775740e-04
2.065894728170865054e-04
2.061876095830954367e-04
2.057857463491043952e-04
2.053838831151133266e-04
2.049820198811222851e-04
2.045801566471312164e-04
2.041782934131401478e-04
2.037764301791491063e-04
2.033745669451580377e-04
2.029727037111669961e-04
2.025708404771759275e-04
2.021689772431848589e-04
2.017671140091938174e-04
2.013652507752027488e-04
2.009863432606237316e-04
2.006303914654567659e-04
2.002744396702898003e-04
1.999184878751228346e-04
1.995625360799558690e-04
1.992065842847889033e-04
1.988506324896219377e-04
1.984946806944549720e-04
1.981387288992880063e-04
1.977827771041210407e-04
1.974268253089540750e-04
1.970708735137870822e-04
1.967149217186201166e-04
1.963589699234531509e-04
1.960030181282861853e-04
1.956470663331192196e-04
1.952911145379522539e-04
1.949894442435931238e-04
1.946877739492340208e-04
1.943861036548748906e-04
1.940844333605157605e-04
1.937827630661566574e-04
1.934810927717975273e-04
1.931794224774383971e-04
1.928777521830792941e-04
1.925760818887201639e-04
1.922744115943610338e-04
1.919727413000019308e-04
1.916710710056428006e-04
1.913694007112836705e-04
1.910677304169245674e-04
1.907660601225654373e-04
1.904643898282063071e-04
1.901524461385604124e-04
1.898302290536276989e-04
1.895080119686950125e-04
1.891857948837622990e-04
1.888635777988296126e-04
1.885413607138968991e-04
1.882191436289642127e-04
1.878969265440314992e-04
1.875747094590988128e-04
1.872524923741661265e-04
1.869302752892334130e-04
1.866080582043007266e-04
1.862858411193680131e-04
1.859636240344353267e-04
1.856414069495026132e-04
1.853191898645699268e-04
1.849969727796372133e-04
1.847159371332186102e-04
1.844760829253140632e-04
1.842362287174095434e-04
1.839963745095050235e-04
1.837565203016004766e-04
1.835166660936959568e-04
1.832768118857914098e-04
1.830369576778868900e-04
1.827971034699823430e-04
1.825572492620778232e-04
1.823173950541733034e-04
1.820775408462687564e-04
1.818376866383642366e-04
1.815978324304596896e-04
1.813579782225551698e-04
1.811181240146506229e-04
1.808782698067461030e-04
1.806390990091822713e-04
1.803999282116184395e-04
1.801607574140546078e-04
1.799215866164907761e-04
1.796824158189269443e-04
1.794432450213631126e-04
1.792040742237992808e-04
1.789649034262354491e-04
1.787257326286715903e-04
1.784865618311077585e-04
1.782473910335439268e-04
1.780082202359800950e-04
1.777690494384162633e-04
1.775298786408524316e-04
1.772907078432885998e-04
1.770515370457247681e-04
1.767085678381542400e-04
1.762618002205770698e-04
1.758150326029998454e-04
1.753682649854226751e-04
1.749214973678454507e-04
1.744747297502682805e-04
1.740279621326910561e-04
1.735811945151138859e-04
1.731344268975366614e-04
1.726876592799594912e-04
1.722408916623822668e-04
1.717941240448050966e-04
1.713473564272278721e-04
1.709005888096507019e-04
1.704538211920734775e-04
1.700070535744963073e-04
1.695602859569190829e-04
1.692114391291367568e-04
1.689605130911493020e-04
1.687095870531618472e-04
1.684586610151743923e-04
1.682077349771869375e-04
1.679568089391994827e-04
1.677058829012120279e-04
1.674549568632245731e-04
1.672040308252371182e-04
1.669531047872496634e-04
1.667021787492622086e-04
1.664512527112747538e-04
1.662003266732872990e-04
1.659494006352998441e-04
1.656984745973123893e-04
1.654475485593249345e-04
1.651966225213374797e-04
1.649181193785642532e-04
1.646120391310052823e-04
1.643059588834462842e-04
1.639998786358873133e-04
1.636937983883283423e-04
1.633877181407693442e-04
1.630816378932103733e-04
1.627755576456514023e-04
1.624694773980924043e-04
1.621633971505334333e-04
1.618573169029744623e-04
1.615512366554154914e-04
1.612451564078564933e-04
1.609390761602975224e-04
1.606329959127385514e-04
1.603269156651795533e-04
1.600208354176205824e-04
1.599050656024940940e-04
1.597892957873676327e-04
1.596735259722411443e-04
1.595577561571146830e-04
1.594419863419881947e-04
1.593262165268617334e-04
1.592104467117352450e-04
1.590946768966087566e-04
1.589789070814822953e-04
1.588631372663558070e-04
1.587473674512293457e-04
1.586315976361028573e-04
1.585158278209763960e-04
1.584000580058499076e-04
1.582842881907234192e-04
1.581685183755969580e-04
1.579622614736949260e-04
1.576655174850173505e-04
1.573687734963397750e-04
1.570720295076622267e-04
1.567752855189846512e-04
1.564785415303070757e-04
1.561817975416295002e-04
1.558850535529519247e-04
1.555883095642743492e-04
1.552915655755968008e-04
1.549948215869192253e-04
1.546980775982416498e-04
1.544013336095640743e-04
1.541045896208864988e-04
1.538078456322089504e-04
1.535111016435313750e-04
1.532143576548537995e-04
1.529339976155249191e-04
1.526700215255447611e-04
1.524060454355645759e-04
1.521420693455843908e-04
1.518780932556042327e-04
1.516141171656240475e-04
1.513501410756438624e-04
1.510861649856637043e-04
1.508221888956835191e-04
1.505582128057033340e-04
1.502942367157231759e-04
1.500302606257429908e-04
1.497662845357628327e-04
1.495023084457826475e-04
1.492383323558024624e-04
1.489743562658223043e-04
1.487103801758421192e-04
1.484505876223597373e-04
1.481907950688773554e-04
1.479310025153950006e-04
1.476712099619126187e-04
1.474114174084302368e-04
1.471516248549478549e-04
1.468918323014654730e-04
1.466320397479830911e-04
1.463722471945007363e-04
1.461124546410183544e-04
1.458526620875359725e-04
1.455928695340535906e-04
1.453330769805712087e-04
1.450732844270888539e-04
1.448134918736064720e-04
1.445536993201240901e-04
1.442818949526339020e-04
1.439980787711359078e-04
1.437142625896379135e-04
1.434304464081399193e-04
1.431466302266418979e-04
1.428628140451439037e-04
1.425789978636459094e-04
1.422951816821479152e-04
1.420113655006499209e-04
1.417275493191519267e-04
1.414437331376539324e-04
1.411599169561559381e-04
1.408761007746579439e-04
1.405922845931599225e-04
1.403084684116619283e-04
1.400246522301639340e-04
1.397408360486659398e-04
1.395300401292020318e-04
1.393922644717722373e-04
1.392544888143424427e-04
1.391167131569126482e-04
1.389789374994828536e-04
1.388411618420530591e-04
1.387033861846232645e-04
1.385656105271934700e-04
1.384278348697636483e-04
1.382900592123338537e-04
1.381522835549040592e-04
1.380145078974742646e-04
1.378767322400444701e-04
1.377389565826146755e-04
1.376011809251848810e-04
1.374634052677550864e-04
1.373256296103252919e-04
1.371281690952241838e-04
1.368710237224518165e-04
1.366138783496794221e-04
1.363567329769070548e-04
1.360995876041346604e-04
1.358424422313622931e-04
1.355852968585898987e-04
1.353281514858175314e-04
1.350710061130451370e-04
1.348138607402727697e-04
1.345567153675003753e-04
1.342995699947280080e-04
1.340424246219556136e-04
1.337852792491832463e-04
1.335281338764108519e-04
1.332709885036384846e-04
1.330138431308660902e-04
1.327714574270933074e-04
1.325290717233204975e-04
1.322866860195477147e-04
1.320443003157749048e-04
1.318019146120021220e-04
1.315595289082293392e-04
1.313171432044565293e-04
1.310747575006837465e-04
1.308323717969109366e-04
1.305899860931381538e-04
1.303476003893653710e-04
1.301052146855925611e-04
1.298628289818197783e-04
1.296204432780469684e-04
1.293780575742741856e-04
1.291356718705014028e-04
1.289084287531214461e-04
1.286963282221343426e-04
1.284842276911472392e-04
1.282721271601601086e-04
1.280600266291730051e-04
1.278479260981859017e-04
1.276358255671987982e-04
1.274237250362116947e-04
1.272116245052245641e-04
1.269995239742374607e-04
1.267874234432503572e-04
1.265753229122632537e-04
1.263632223812761503e-04
1.261511218502890468e-04
1.259390213193019162e-04
1.257269207883148128e-04
1.255148202573277093e-04
1.253356245813891769e-04
1.251893337604992155e-04
1.250430429396092271e-04
1.248967521187192657e-04
1.247504612978293044e-04
1.246041704769393430e-04
1.244578796560493546e-04
1.243115888351593932e-04
1.241652980142694319e-04
1.240190071933794705e-04
1.238727163724895092e-04
1.237264255515995207e-04
1.235801347307095594e-04
1.234338439098195980e-04
1.232875530889296367e-04
1.231412622680396482e-04
1.229949714471496869e-04
1.228250944712397949e-04
1.226316313403099994e-04
1.224381682093802039e-04
1.222447050784504084e-04
1.220512419475205994e-04
1.218577788165907904e-04
1.216643156856609813e-04
1.214708525547311858e-04
1.212773894238013768e-04
1.210839262928715813e-04
1.208904631619417723e-04
1.206970000310119768e-04
1.205035369000821677e-04
1.203100737691523722e-04
1.201166106382225632e-04
1.199231475072927677e-04
1.197296843763629587e-04
1.195708994515926017e-04
1.194121145268222311e-04
1.192533296020518741e-04
1.190945446772815036e-04
1.189357597525111465e-04
1.187769748277407760e-04
1.186181899029704190e-04
1.184594049782000484e-04
1.183006200534296914e-04
1.181418351286593209e-04
1.179830502038889639e-04
1.178242652791185933e-04
1.176654803543482363e-04
1.175066954295778658e-04
1.173479105048075088e-04
1.171891255800371382e-04
1.169696217734944512e-04
1.166893990851794206e-04
1.164091763968644035e-04
1.161289537085493864e-04
1.158487310202343558e-04
1.155685083319193387e-04
1.152882856436043216e-04
1.150080629552892910e-04
1.147278402669742739e-04
1.144476175786592569e-04
1.141673948903442262e-04
1.138871722020292092e-04
1.136069495137141921e-04
1.133267268253991615e-04
1.130465041370841444e-04
1.127662814487691273e-04
1.124860587604540967e-04
1.122813585740701532e-04
1.121521808896172833e-04
1.120230032051644270e-04
1.118938255207115571e-04
1.117646478362586872e-04
1.116354701518058174e-04
1.115062924673529610e-04
1.113771147829000912e-04
1.112479370984472213e-04
1.111187594139943514e-04
1.109895817295414951e-04
1.108604040450886252e-04
1.107312263606357553e-04
1.106020486761828854e-04
1.104728709917300291e-04
1.103436933072771592e-04
1.102145156228242893e-04
1.100132619191098734e-04
1.098120082153954575e-04
1.096107545116810415e-04
1.094095008079666256e-04
1.092082471042522097e-04
1.090069934005377937e-04
1.088057396968233778e-04
1.086044859931089619e-04
1.084032322893945595e-04
1.082019785856801436e-04
1.080007248819657277e-04
1.077994711782513117e-04
1.075982174745368958e-04
1.073969637708224799e-04
1.071957100671080639e-04
1.069944563633936480e-04
1.068101885008166426e-04
1.066429064793770343e-04
1.064756244579374394e-04
1.063083424364978446e-04
1.061410604150582362e-04
1.059737783936186414e-04
1.058064963721790466e-04
1.056392143507394382e-04
1.054719323292998434e-04
1.053046503078602485e-04
1.051373682864206402e-04
1.049700862649810453e-04
1.048028042435414505e-04
1.046355222221018421e-04
1.044682402006622473e-04
1.043009581792226525e-04
1.041336761577830441e-04
1.039812044853575401e-04
1.038435431619461134e-04
1.037058818385347002e-04
1.035682205151232870e-04
1.034305591917118603e-04
1.032928978683004471e-04
1.031552365448890339e-04
1.030175752214776072e-04
1.028799138980661940e-04
1.027422525746547808e-04
1.026045912512433541e-04
1.024669299278319409e-04
1.023292686044205278e-04
1.021916072810091010e-04
1.020539459575976879e-04
1.019162846341862747e-04
1.017786233107748479e-04
1.016557670066524339e-04
1.015477157218190325e-04
1.014396644369856311e-04
1.013316131521522297e-04
1.012235618673188283e-04
1.011155105824854133e-04
1.010074592976520119e-04
1.008994080128186105e-04
1.007913567279852091e-04
1.006833054431517942e-04
1.005752541583183928e-04
1.004672028734849914e-04
1.003591515886515900e-04
1.002511003038181886e-04
1.001430490189847736e-04
1.000349977341513722e-04
9.992694644931797085e-05
9.974324352418939045e-05
9.955954059906081005e-05
9.937583767393224320e-05
9.919213474880366279e-05
9.900843182367508239e-05
9.882472889854650199e-05
9.864102597341792159e-05
9.845732304828935474e-05
9.827362012316077434e-05
9.808991719803219394e-05
9.790621427290361353e-05
9.772251134777504668e-05
9.753880842264646628e-05
9.735510549751788588e-05
9.717140257238930548e-05
9.698769964726072508e-05
9.678544208730428041e-05
9.656462989251995792e-05
9.634381769773563543e-05
9.612300550295129939e-05
9.590219330816697691e-05
9.568138111338265442e-05
9.546056891859833193e-05
9.523975672381400945e-05
9.501894452902968696e-05
9.479813233424535092e-05
9.457732013946102843e-05
9.435650794467670595e-05
9.413569574989238346e-05
9.391488355510806097e-05
9.369407136032372493e-05
9.347325916553940245e-05
9.325244697075507996e-05
9.310443756633606470e-05
9.302923095228237023e-05
9.295402433822867576e-05
9.287881772417496773e-05
9.280361111012127326e-05
9.272840449606757878e-05
9.265319788201387076e-05
9.257799126796017629e-05
9.250278465390648181e-05
9.242757803985277379e-05
9.235237142579907931e-05
9.227716481174538484e-05
9.220195819769167681e-05
9.212675158363798234e-05
9.205154496958428787e-05
9.197633835553057984e-05
9.190113174147688537e-05
9.179450121291139373e-05
9.168787068434590209e-05
9.158124015578041044e-05
9.147460962721491880e-05
9.136797909864944071e-05
9.126134857008394907e-05
9.115471804151845743e-05
9.104808751295296579e-05
9.094145698438747415e-05
9.083482645582198250e-05
9.072819592725649086e-05
9.062156539869099922e-05
9.051493487012552113e-05
9.040830434156002949e-05
9.030167381299453785e-05
9.019504328442904621e-05
9.004368762693200270e-05
8.984760684050342088e-05
8.965152605407483905e-05
8.945544526764625723e-05
8.925936448121766186e-05
8.906328369478908004e-05
8.886720290836049821e-05
8.867112212193191639e-05
8.847504133550332102e-05
8.827896054907473920e-05
8.808287976264615737e-05
8.788679897621757555e-05
8.769071818978899373e-05
8.749463740336039836e-05
8.729855661693181653e-05
8.710247583050323471e-05
8.690639504407465289e-05
8.676617292662903264e-05
8.668180947816637397e-05
8.659744602970372886e-05
8.651308258124108374e-05
8.642871913277842507e-05
8.634435568431577995e-05
8.625999223585312128e-05
8.617562878739047617e-05
8.609126533892783105e-05
8.600690189046517238e-05
8.592253844200252726e-05
8.583817499353986859e-05
8.575381154507722347e-05
8.566944809661456480e-05
8.558508464815191969e-05
8.550072119968927457e-05
8.541635775122661590e-05
8.529754661311977795e-05
8.514428778536873362e-05
8.499102895761768929e-05
8.483777012986664496e-05
8.468451130211560062e-05
8.453125247436456984e-05
8.437799364661352551e-05
8.422473481886248118e-05
8.407147599111143685e-05
8.391821716336040607e-05
8.376495833560936174e-05
8.361169950785831740e-05
8.345844068010727307e-05
8.330518185235622874e-05
8.315192302460519796e-05
8.299866419685415363e-05
8.284540536910310930e-05
8.276255406749891737e-05
8.267970276589473901e-05
8.259685146429054708e-05
8.251400016268636871e-05
8.243114886108217679e-05
8.234829755947799842e-05
8.226544625787380650e-05
8.218259495626962813e-05
8.209974365466543621e-05
8.201689235306125784e-05
8.193404105145706592e-05
8.185118974985287400e-05
8.176833844824869563e-05
8.168548714664450371e-05
8.160263584504032534e-05
8.151978454343613342e-05
8.141542083112564938e-05
8.128954470810887322e-05
8.116366858509209707e-05
8.103779246207530736e-05
8.091191633905853121e-05
8.078604021604175506e-05
8.066016409302496535e-05
8.053428797000818920e-05
8.040841184699139949e-05
8.028253572397462334e-05
8.015665960095784718e-05
8.003078347794105748e-05
7.990490735492428132e-05
7.977903123190750517e-05
7.965315510889071546e-05
7.952727898587393931e-05
7.940140286285716316e-05
7.929158732405974471e-05
7.919783236948169753e-05
7.910407741490366391e-05
7.901032246032561673e-05
7.891656750574756955e-05
7.882281255116952237e-05
7.872905759659148874e-05
7.863530264201344156e-05
7.854154768743539438e-05
7.844779273285734720e-05
7.835403777827931358e-05
7.826028282370126640e-05
7.816652786912321922e-05
7.807277291454517204e-05
7.797901795996713841e-05
7.788526300538909123e-05
7.779150805081104405e-05
7.772641120737656094e-05
7.766131436394207782e-05
7.759621752050758115e-05
7.753112067707309803e-05
7.746602383363861491e-05
7.740092699020413179e-05
7.733583014676964867e-05
7.727073330333515200e-05
7.720563645990066888e-05
7.714053961646618576e-05
7.707544277303170265e-05
7.701034592959720598e-05
7.694524908616272286e-05
7.688015224272823974e-05
7.681505539929375662e-05
7.674995855585927350e-05
7.663868495067418921e-05
7.648123458373851731e-05
7.632378421680285896e-05
7.616633384986718706e-05
7.600888348293151516e-05
7.585143311599584325e-05
7.569398274906018491e-05
7.553653238212451300e-05
7.537908201518884110e-05
7.522163164825316920e-05
7.506418128131749730e-05
7.490673091438183895e-05
7.474928054744616704e-05
7.459183018051049514e-05
7.443437981357482324e-05
7.427692944663916489e-05
7.411947907970349299e-05
7.395482531664597482e-05
7.378296815746661038e-05
7.361111099828724594e-05
7.343925383910788151e-05
7.326739667992851707e-05
7.309553952074915263e-05
7.292368236156978819e-05
7.275182520239042376e-05
7.257996804321107287e-05
7.240811088403170843e-05
7.223625372485234400e-05
7.206439656567297956e-05
7.189253940649361512e-05
7.172068224731425069e-05
7.154882508813488625e-05
7.137696792895552181e-05
7.120511076977615737e-05
7.110291156642916332e-05
7.107037031891455319e-05
7.103782907139994307e-05
7.100528782388531939e-05
7.097274657637070926e-05
7.094020532885608559e-05
7.090766408134147546e-05
7.087512283382686534e-05
7.084258158631224166e-05
7.081004033879763153e-05
7.077749909128300786e-05
7.074495784376839773e-05
7.071241659625378761e-05
7.067987534873916393e-05
7.064733410122455380e-05
7.061479285370993013e-05
7.058225160619532000e-05
7.048540507034719226e-05
7.038855853449906452e-05
7.029171199865092323e-05
7.019486546280279550e-05
7.009801892695466776e-05
7.000117239110654002e-05
6.990432585525841228e-05
6.980747931941027099e-05
6.971063278356214325e-05
6.961378624771401551e-05
6.951693971186588778e-05
6.942009317601774648e-05
6.932324664016961875e-05
6.922640010432149101e-05
6.912955356847336327e-05
6.903270703262523553e-05
6.895521333935310715e-05
6.889707248865700523e-05
6.883893163796088975e-05
6.878079078726478783e-05
6.872264993656867235e-05
6.866450908587257043e-05
6.860636823517645496e-05
6.854822738448035303e-05
6.849008653378423756e-05
6.843194568308812208e-05
6.837380483239202016e-05
6.831566398169590468e-05
6.825752313099980276e-05
6.819938228030368729e-05
6.814124142960758536e-05
6.808310057891146989e-05
6.802495972821536797e-05
6.794972792233667483e-05
6.785740516127540404e-05
6.776508240021413324e-05
6.767275963915286244e-05
6.758043687809160520e-05
6.748811411703033441e-05
6.739579135596906361e-05
6.730346859490779282e-05
6.721114583384652202e-05
6.711882307278525122e-05
6.702650031172398043e-05
6.693417755066270963e-05
6.684185478960143884e-05
6.674953202854018160e-05
6.665720926747891080e-05
6.656488650641764000e-05
6.647256374535636921e-05
6.637494689258976685e-05
6.627203594811781936e-05
6.616912500364587188e-05
6.606621405917392439e-05
6.596330311470199046e-05
6.586039217023004298e-05
6.575748122575809549e-05
6.565457028128616156e-05
6.555165933681421407e-05
6.544874839234226659e-05
6.534583744787031911e-05
6.524292650339838517e-05
6.514001555892643769e-05
6.503710461445449021e-05
6.493419366998254272e-05
6.483128272551060879e-05
6.472837178103866130e-05
6.467079327125555737e-05
6.461321476147245343e-05
6.455563625168934949e-05
6.449805774190624555e-05
6.444047923212314162e-05
6.438290072234003768e-05
6.432532221255693374e-05
6.426774370277382980e-05
6.421016519299071231e-05
6.415258668320760838e-05
6.409500817342450444e-05
6.403742966364140050e-05
6.397985115385829656e-05
6.392227264407519263e-05
6.386469413429208869e-05
6.380711562450898475e-05
6.373927344310780451e-05
6.366116759008853441e-05
6.358306173706927786e-05
6.350495588405000776e-05
6.342685003103075122e-05
6.334874417801148112e-05
6.327063832499222457e-05
6.319253247197295447e-05
6.311442661895369792e-05
6.303632076593442782e-05
6.295821491291515772e-05
6.288010905989590118e-05
6.280200320687663108e-05
6.272389735385737453e-05
6.264579150083810443e-05
6.256768564781884788e-05
6.248957979479957778e-05
6.241399488433709074e-05
6.234093091643137319e-05
6.226786694852565565e-05
6.219480298061995165e-05
6.212173901271423411e-05
6.204867504480851656e-05
6.197561107690279902e-05
6.190254710899708147e-05
6.182948314109137748e-05
6.175641917318565994e-05
6.168335520527994239e-05
6.161029123737422485e-05
6.153722726946850730e-05
6.146416330156278976e-05
6.139109933365708577e-05
6.131803536575136822e-05
6.124497139784565068e-05
6.116562201443445396e-05
6.108627263102325725e-05
6.100692324761205376e-05
6.092757386420085026e-05
6.084822448078965355e-05
6.076887509737845006e-05
6.068952571396725334e-05
6.061017633055605663e-05
6.053082694714485314e-05
6.045147756373365642e-05
6.037212818032245293e-05
6.029277879691125622e-05
6.021342941350005273e-05
6.013408003008885601e-05
6.005473064667765930e-05
5.997538126326645581e-05
5.990085796846850684e-05
5.983116076228379884e-05
5.976146355609909084e-05
5.969176634991438284e-05
5.962206914372968162e-05
5.955237193754497362e-05
5.948267473136026562e-05
5.941297752517555762e-05
5.934328031899085640e-05
5.927358311280614840e-05
5.920388590662144040e-05
5.913418870043673240e-05
5.906449149425202440e-05
5.899479428806732317e-05
5.892509708188261517e-05
5.885539987569790717e-05
5.878570266951319917e-05
5.872034376107112267e-05
5.865932315037167765e-05
5.859830253967223264e-05
5.853728192897278762e-05
5.847626131827334260e-05
5.841524070757389759e-05
5.835422009687444580e-05
5.829319948617500078e-05
5.823217887547555577e-05
5.817115826477611075e-05
5.811013765407666573e-05
5.804911704337721394e-05
5.798809643267776893e-05
5.792707582197832391e-05
5.786605521127887890e-05
5.780503460057943388e-05
5.774401398987998886e-05
5.768764752293358613e-05
5.763593519974023922e-05
5.758422287654688554e-05
5.753251055335353864e-05
5.748079823016018496e-05
5.742908590696683805e-05
5.737737358377349115e-05
5.732566126058013747e-05
5.727394893738679057e-05
5.722223661419343689e-05
5.717052429100008998e-05
5.711881196780673630e-05
5.706709964461338940e-05
5.701538732142003572e-05
5.696367499822668881e-05
5.691196267503333513e-05
5.686025035183998823e-05
5.675964042476232415e-05
5.665903049768465329e-05
5.655842057060698921e-05
5.645781064352931836e-05
5.635720071645165428e-05
5.625659078937398342e-05
5.615598086229631934e-05
5.605537093521864849e-05
5.595476100814098441e-05
5.585415108106331355e-05
5.575354115398564947e-05
5.565293122690797862e-05
5.555232129983031454e-05
5.545171137275264368e-05
5.535110144567497961e-05
5.525049151859730875e-05
5.519772989208077612e-05
5.519281656612537494e-05
5.518790324016997377e-05
5.518298991421457259e-05
5.517807658825916463e-05
5.517316326230376346e-05
5.516824993634836228e-05
5.516333661039296110e-05
5.515842328443755992e-05
5.515350995848215874e-05
5.514859663252675757e-05
5.514368330657135639e-05
5.513876998061595521e-05
5.513385665466054726e-05
5.512894332870514608e-05
5.512403000274974490e-05
5.511911667679434372e-05
5.508262031671019447e-05
5.501454092249729038e-05
5.494646152828438628e-05
5.487838213407148218e-05
5.481030273985857808e-05
5.474222334564567399e-05
5.467414395143276989e-05
5.460606455721986579e-05
5.453798516300696169e-05
5.446990576879405760e-05
5.440182637458115350e-05
5.433374698036825618e-05
5.426566758615535208e-05
5.419758819194244798e-05
5.412950879772954389e-05
5.406142940351663979e-05
5.399335000930373569e-05
5.397378339756802077e-05
5.395421678583231263e-05
5.393465017409659770e-05
5.391508356236088956e-05
5.389551695062517464e-05
5.387595033888946649e-05
5.385638372715375157e-05
5.383681711541804342e-05
5.381725050368232850e-05
5.379768389194662035e-05
5.377811728021090543e-05
5.375855066847519051e-05
5.373898405673948236e-05
5.371941744500376744e-05
5.369985083326805930e-05
5.368028422153234438e-05
5.363306624869901756e-05
5.355819691476807208e-05
5.348332758083713338e-05
5.340845824690618790e-05
5.333358891297524241e-05
5.325871957904430371e-05
5.318385024511335823e-05
5.310898091118241275e-05
5.303411157725147404e-05
5.295924224332052856e-05
5.288437290938958308e-05
5.280950357545863760e-05
5.273463424152769889e-05
5.265976490759675341e-05
5.258489557366580793e-05
5.251002623973486923e-05
5.243515690580392375e-05
5.235937248061857863e-05
5.228267296417884064e-05
5.220597344773910266e-05
5.212927393129935790e-05
5.205257441485961991e-05
5.197587489841988193e-05
5.189917538198013716e-05
5.182247586554039918e-05
5.174577634910066119e-05
5.166907683266091643e-05
5.159237731622117845e-05
5.151567779978143369e-05
5.143897828334169570e-05
5.136227876690195772e-05
5.128557925046221296e-05
5.120887973402247497e-05
5.113218021758273699e-05
5.107096293484854815e-05
5.102522788581992201e-05
5.097949283679129587e-05
5.093375778776266973e-05
5.088802273873404360e-05
5.084228768970541068e-05
5.079655264067678454e-05
5.075081759164815841e-05
5.070508254261953227e-05
5.065934749359089935e-05
5.061361244456227321e-05
5.056787739553364708e-05
5.052214234650502094e-05
5.047640729747639480e-05
5.043067224844776189e-05
5.038493719941913575e-05
5.033920215039050961e-05
5.033692751987069603e-05
5.033465288935087568e-05
5.033237825883106210e-05
5.033010362831124852e-05
5.032782899779142817e-05
5.032555436727161459e-05
5.032327973675179423e-05
5.032100510623198065e-05
5.031873047571216708e-05
5.031645584519234672e-05
5.031418121467253314e-05
5.031190658415271957e-05
5.030963195363289921e-05
5.030735732311308563e-05
5.030508269259327206e-05
5.030280806207345170e-05
5.028343316649522607e-05
5.024695800585858839e-05
5.021048284522195072e-05
5.017400768458531304e-05
5.013753252394868214e-05
5.010105736331204446e-05
5.006458220267540678e-05
5.002810704203876910e-05
4.999163188140213143e-05
4.995515672076549375e-05
4.991868156012885607e-05
4.988220639949221839e-05
4.984573123885558071e-05
4.980925607821894981e-05
4.977278091758231214e-05
4.973630575694567446e-05
4.969983059630903678e-05
4.965660515028383327e-05
4.960662941887006392e-05
4.955665368745629457e-05
4.950667795604252522e-05
4.945670222462875587e-05
4.940672649321498652e-05
4.935675076180121718e-05
4.930677503038744783e-05
4.925679929897368525e-05
4.920682356755991591e-05
4.915684783614614656e-05
4.910687210473237721e-05
4.905689637331860786e-05
4.900692064190483851e-05
4.895694491049106916e-05
4.890696917907729982e-05
4.885699344766353047e-05
4.882115976951664635e-05
4.878532609136976902e-05
4.874949241322288490e-05
4.871365873507600756e-05
4.867782505692912345e-05
4.864199137878224611e-05
4.860615770063536200e-05
4.857032402248848466e-05
4.853449034434160055e-05
4.849865666619472321e-05
4.846282298804783909e-05
4.842698930990096176e-05
4.839115563175407764e-05
4.835532195360720030e-05
4.831948827546031619e-05
4.828365459731343885e-05
4.824376119080164604e-05
4.819980805592495132e-05
4.815585492104825660e-05
4.811190178617156187e-05
4.806794865129486715e-05
4.802399551641817243e-05
4.798004238154147770e-05
4.793608924666478298e-05
4.789213611178808148e-05
4.784818297691138675e-05
4.780422984203469203e-05
4.776027670715799731e-05
4.771632357228130258e-05
4.767237043740460786e-05
4.762841730252791313e-05
4.758446416765121841e-05
4.754051103277452369e-05
4.749057104229859901e-05
4.743464419622345793e-05
4.737871735014831007e-05
4.732279050407316222e-05
4.726686365799802114e-05
4.721093681192287328e-05
4.715500996584772543e-05
4.709908311977258435e-05
4.704315627369743649e-05
4.698722942762228864e-05
4.693130258154714756e-05
4.687537573547199970e-05
4.681944888939685185e-05
4.676352204332171077e-05
4.670759519724656291e-05
4.665166835117141506e-05
4.659574150509627398e-05
4.656727661632879741e-05
4.656627368486899890e-05
4.656527075340919362e-05
4.656426782194939511e-05
4.656326489048958982e-05
4.656226195902979132e-05
4.656125902756999281e-05
4.656025609611018752e-05
4.655925316465038901e-05
4.655825023319058373e-05
4.655724730173078522e-05
4.655624437027097994e-05
4.655524143881118143e-05
4.655423850735137615e-05
4.655323557589157764e-05
4.655223264443177235e-05
4.655122971297197384e-05
4.654746544473617231e-05
4.654370117650036401e-05
4.653993690826456248e-05
4.653617264002875417e-05
4.653240837179295264e-05
4.652864410355715111e-05
4.652487983532134280e-05
4.652111556708554127e-05
4.651735129884973296e-05
4.651358703061393143e-05
4.650982276237812990e-05
4.650605849414232159e-05
4.650229422590652006e-05
4.649852995767071175e-05
4.649476568943491022e-05
4.649100142119910869e-05
4.647522012671468543e-05
4.644742180598164044e-05
4.641962348524859546e-05
4.639182516451555724e-05
4.636402684378251225e-05
4.633622852304946727e-05
4.630843020231642905e-05
4.628063188158338407e-05
4.625283356085033908e-05
4.622503524011730086e-05
4.619723691938425588e-05
4.616943859865121766e-05
4.614164027791817268e-05
4.611384195718512769e-05
4.608604363645208947e-05
4.605824531571904449e-05
4.603044699498599950e-05
4.598509850817801548e-05
4.592219985529508565e-05
4.585930120241215582e-05
4.579640254952922600e-05
4.573350389664629617e-05
4.567060524376336634e-05
4.560770659088043651e-05
4.554480793799750668e-05
4.548190928511457686e-05
4.541901063223164703e-05
4.535611197934871720e-05
4.529321332646578737e-05
4.523031467358285755e-05
4.516741602069992772e-05
4.510451736781699789e-05
4.504161871493406806e-05
4.497872006205113824e-05
4.492538604437095042e-05
4.487205202669075583e-05
4.481871800901056802e-05
4.476538399133037343e-05
4.471204997365018562e-05
4.465871595596999103e-05
4.460538193828980321e-05
4.455204792060960862e-05
4.449871390292942081e-05
4.444537988524922622e-05
4.439204586756903841e-05
4.433871184988885059e-05
4.428537783220865600e-05
4.423204381452846819e-05
4.417870979684827360e-05
4.412537577916808578e-05
4.410244398381616175e-05
4.410991441079250826e-05
4.411738483776884799e-05
4.412485526474519451e-05
4.413232569172154102e-05
4.413979611869788076e-05
4.414726654567422727e-05
4.415473697265057378e-05
4.416220739962692030e-05
4.416967782660326003e-05
4.417714825357960654e-05
4.418461868055595306e-05
4.419208910753229279e-05
4.419955953450863931e-05
4.420702996148498582e-05
4.421450038846132556e-05
4.422197081543767207e-05
4.420829208175160819e-05
4.417346418740314071e-05
4.413863629305467322e-05
4.410380839870619896e-05
4.406898050435773147e-05
4.403415261000926398e-05
4.399932471566079650e-05
4.396449682131232223e-05
4.392966892696385475e-05
4.389484103261538726e-05
4.386001313826691300e-05
4.382518524391844551e-05
4.379035734956997802e-05
4.375552945522151054e-05
4.372070156087303627e-05
4.368587366652456878e-05
4.365104577217610130e-05
4.362603800309897102e-05
4.361085035929319149e-05
4.359566271548741197e-05
4.358047507168163245e-05
4.356528742787585292e-05
4.355009978407007340e-05
4.353491214026429388e-05
4.351972449645851435e-05
4.350453685265273483e-05
4.348934920884695531e-05
4.347416156504117578e-05
4.345897392123539626e-05
4.344378627742961674e-05
4.342859863362383722e-05
4.341341098981805769e-05
4.339822334601227817e-05
4.338303570220649865e-05
4.333737943968818797e-05
4.329172317716988407e-05
4.324606691465157339e-05
4.320041065213326272e-05
4.315475438961495882e-05
4.310909812709664814e-05
4.306344186457833746e-05
4.301778560206003356e-05
4.297212933954172289e-05
4.292647307702341221e-05
4.288081681450510831e-05
4.283516055198679763e-05
4.278950428946848696e-05
4.274384802695018306e-05
4.269819176443187238e-05
4.265253550191356170e-05
4.263235768635381700e-05
4.263765831775263827e-05
4.264295894915145954e-05
4.264825958055028080e-05
4.265356021194909530e-05
4.265886084334791656e-05
4.266416147474673783e-05
4.266946210614555910e-05
4.267476273754438037e-05
4.268006336894319486e-05
4.268536400034201613e-05
4.269066463174083740e-05
4.269596526313965867e-05
4.270126589453847316e-05
4.270656652593729443e-05
4.271186715733611569e-05
4.271716778873493696e-05
4.271061025252030624e-05
4.269219454869223709e-05
4.267377884486416115e-05
4.265536314103608522e-05
4.263694743720801607e-05
4.261853173337994013e-05
4.260011602955186420e-05
4.258170032572379505e-05
4.256328462189571912e-05
4.254486891806764318e-05
4.252645321423957403e-05
4.250803751041149810e-05
4.248962180658342216e-05
4.247120610275535301e-05
4.245279039892727708e-05
4.243437469509920114e-05
4.241595899127113199e-05
4.240176342195290835e-05
4.239178798714454379e-05
4.238181255233617245e-05
4.237183711752780788e-05
4.236186168271943654e-05
4.235188624791107198e-05
4.234191081310270064e-05
4.233193537829433608e-05
4.232195994348596473e-05
4.231198450867760017e-05
4.230200907386922883e-05
4.229203363906086427e-05
4.228205820425249293e-05
4.227208276944412836e-05
4.226210733463575702e-05
4.225213189982739246e-05
4.224215646501902112e-05
4.225845568355729497e-05
4.227475490209557559e-05
4.229105412063384944e-05
4.230735333917213007e-05
4.232365255771040392e-05
4.233995177624868454e-05
4.235625099478695839e-05
4.237255021332523902e-05
4.238884943186351287e-05
4.240514865040179350e-05
4.242144786894006735e-05
4.243774708747834797e-05
4.245404630601662182e-05
4.247034552455490245e-05
4.248664474309317630e-05
4.250294396163145692e-05
4.250216482856356589e-05
4.248430734388951676e-05
4.246644985921546763e-05
4.244859237454141849e-05
4.243073488986736258e-05
4.241287740519331345e-05
4.239501992051926432e-05
4.237716243584521518e-05
4.235930495117115927e-05
4.234144746649711014e-05
4.232358998182306101e-05
4.230573249714901187e-05
4.228787501247496274e-05
4.227001752780090683e-05
4.225216004312685769e-05
4.223430255845280856e-05
4.221644507377875943e-05
4.219140905994886719e-05
4.215919451696314540e-05
4.212697997397741684e-05
4.209476543099169505e-05
4.206255088800596648e-05
4.203033634502024470e-05
4.199812180203452291e-05
4.196590725904879434e-05
4.193369271606307256e-05
4.190147817307734399e-05
4.186926363009162220e-05
4.183704908710589364e-05
4.180483454412017185e-05
4.177262000113444329e-05
4.174040545814872150e-05
4.170819091516299293e-05
4.167597637217727115e-05
4.165644237160413978e-05
4.163690837103100842e-05
4.161737437045787705e-05
4.159784036988474568e-05
4.157830636931161432e-05
4.155877236873848295e-05
4.153923836816535159e-05
4.151970436759222022e-05
4.150017036701908208e-05
4.148063636644595072e-05
4.146110236587281935e-05
4.144156836529968798e-05
4.142203436472655662e-05
4.140250036415342525e-05
4.138296636358029389e-05
4.136343236300716252e-05
4.134572048554595769e-05
4.132983073119666584e-05
4.131394097684738754e-05
4.129805122249809570e-05
4.128216146814881740e-05
4.126627171379952555e-05
4.125038195945024725e-05
4.123449220510095540e-05
4.121860245075167710e-05
4.120271269640238525e-05
4.118682294205310696e-05
4.117093318770381511e-05
4.115504343335453681e-05
4.113915367900524496e-05
4.112326392465596666e-05
4.110737417030667481e-05
4.109148441595739652e-05
4.109052093830313637e-05
4.110448373734390792e-05
4.111844653638467947e-05
4.113240933542545102e-05
4.114637213446621579e-05
4.116033493350698734e-05
4.117429773254775889e-05
4.118826053158853044e-05
4.120222333062930199e-05
4.121618612967007354e-05
4.123014892871084509e-05
4.124411172775161664e-05
4.125807452679238819e-05
4.127203732583315296e-05
4.128600012487392451e-05
4.129996292391469606e-05
4.131392572295546761e-05
4.131036847961115860e-05
4.128929119388176903e-05
4.126821390815238623e-05
4.124713662242299666e-05
4.122605933669360709e-05
4.120498205096421752e-05
4.118390476523483472e-05
4.116282747950544515e-05
4.114175019377605557e-05
4.112067290804666600e-05
4.109959562231728321e-05
4.107851833658789363e-05
4.105744105085850406e-05
4.103636376512911449e-05
4.101528647939973169e-05
4.099420919367034212e-05
4.097313190794095255e-05
4.099795043247759369e-05
4.102276895701424160e-05
4.104758748155088274e-05
4.107240600608753065e-05
4.109722453062417179e-05
4.112204305516081970e-05
4.114686157969746084e-05
4.117168010423410198e-05
4.119649862877074989e-05
4.122131715330739103e-05
4.124613567784403894e-05
4.127095420238068008e-05
4.129577272691732799e-05
4.132059125145396913e-05
4.134540977599061027e-05
4.137022830052725818e-05
4.137053271274588261e-05
4.134632301264649711e-05
4.132211331254711162e-05
4.129790361244772612e-05
4.127369391234834062e-05
4.124948421224895512e-05
4.122527451214956962e-05
4.120106481205018412e-05
4.117685511195079862e-05
4.115264541185141312e-05
4.112843571175202762e-05
4.110422601165264212e-05
4.108001631155325662e-05
4.105580661145387112e-05
4.103159691135448562e-05
4.100738721125510013e-05
4.098317751115571463e-05
4.095875402579173219e-05
4.093411675516316637e-05
4.090947948453459377e-05
4.088484221390602117e-05
4.086020494327745534e-05
4.083556767264888274e-05
4.081093040202031014e-05
4.078629313139174432e-05
4.076165586076317172e-05
4.073701859013459912e-05
4.071238131950603330e-05
4.068774404887746070e-05
4.066310677824889488e-05
4.063846950762032228e-05
4.061383223699174968e-05
4.058919496636318385e-05
4.056455769573461125e-05
4.057439589958787422e-05
4.058423410344113040e-05
4.059407230729439336e-05
4.060391051114765632e-05
4.061374871500091251e-05
4.062358691885417547e-05
4.063342512270743843e-05
4.064326332656069461e-05
4.065310153041395757e-05
4.066293973426722053e-05
4.067277793812047672e-05
4.068261614197373968e-05
4.069245434582700264e-05
4.070229254968025883e-05
4.071213075353352179e-05
4.072196895738678475e-05
4.070372367984538510e-05
4.065739492090932961e-05
4.061106616197326734e-05
4.056473740303721186e-05
4.051840864410115637e-05
4.047207988516509411e-05
4.042575112622903862e-05
4.037942236729298313e-05
4.033309360835692764e-05
4.028676484942086538e-05
4.024043609048480989e-05
4.019410733154875440e-05
4.014777857261269214e-05
4.010144981367663665e-05
4.005512105474058116e-05
4.000879229580451890e-05
3.996246353686846341e-05
3.994249283427468353e-05
3.994888018802319281e-05
3.995526754177168853e-05
3.996165489552019781e-05
3.996804224926869353e-05
3.997442960301720281e-05
3.998081695676569854e-05
3.998720431051420781e-05
3.999359166426270354e-05
3.999997901801121282e-05
4.000636637175970854e-05
4.001275372550821782e-05
4.001914107925671354e-05
4.002552843300522282e-05
4.003191578675371854e-05
4.003830314050222782e-05
4.004469049425072355e-05
4.003184654557482696e-05
3.999977129447452451e-05
3.996769604337422206e-05
3.993562079227391961e-05
3.990354554117361716e-05
3.987147029007331471e-05
3.983939503897301226e-05
3.980731978787270981e-05
3.977524453677240058e-05
3.974316928567209813e-05
3.971109403457179568e-05
3.967901878347149323e-05
3.964694353237119078e-05
3.961486828127088833e-05
3.958279303017058588e-05
3.955071777907028343e-05
3.951864252796998098e-05
3.953584240319482174e-05
3.955304227841965572e-05
3.957024215364449648e-05
3.958744202886933046e-05
3.960464190409417122e-05
3.962184177931900520e-05
3.963904165454384596e-05
3.965624152976867994e-05
3.967344140499352070e-05
3.969064128021835468e-05
3.970784115544319544e-05
3.972504103066803620e-05
3.974224090589287018e-05
3.975944078111771094e-05
3.977664065634254492e-05
3.979384053156738568e-05
3.979981852090180372e-05
3.979457462434580583e-05
3.978933072778980794e-05
3.978408683123381005e-05
3.977884293467780539e-05
3.977359903812180750e-05
3.976835514156580961e-05
3.976311124500981172e-05
3.975786734845381383e-05
3.975262345189781594e-05
3.974737955534181805e-05
3.974213565878582016e-05
3.973689176222982227e-05
3.973164786567381760e-05
3.972640396911781971e-05
3.972116007256182183e-05
3.971591617600582394e-05
3.970523829951181700e-05
3.968912644307980779e-05
3.967301458664779180e-05
3.965690273021578259e-05
3.964079087378376661e-05
3.962467901735175740e-05
3.960856716091974141e-05
3.959245530448773221e-05
3.957634344805571622e-05
3.956023159162370701e-05
3.954411973519169103e-05
3.952800787875968182e-05
3.951189602232766583e-05
3.949578416589565662e-05
3.947967230946364064e-05
3.946356045303163143e-05
3.944744859659961544e-05
3.943896366974096739e-05
3.943047874288231933e-05
3.942199381602367128e-05
3.941350888916501645e-05
3.940502396230636839e-05
3.939653903544772034e-05
3.938805410858907228e-05
3.937956918173042423e-05
3.937108425487177618e-05
3.936259932801312134e-05
3.935411440115447329e-05
3.934562947429582524e-05
3.933714454743717718e-05
3.932865962057852913e-05
3.932017469371988107e-05
3.931168976686123302e-05
3.930233579476219224e-05
3.929211277742275873e-05
3.928188976008332523e-05
3.927166674274389172e-05
3.926144372540445822e-05
3.925122070806502471e-05
3.924099769072559121e-05
3.923077467338615770e-05
3.922055165604672420e-05
3.921032863870729069e-05
3.920010562136785719e-05
3.918988260402842368e-05
3.917965958668899018e-05
3.916943656934955667e-05
3.915921355201012317e-05
3.914899053467068966e-05
3.913876751733125616e-05
3.913870327386871666e-05
3.914879780428305762e-05
3.915889233469740536e-05
3.916898686511175311e-05
3.917908139552609407e-05
3.918917592594044181e-05
3.919927045635478277e-05
3.920936498676913051e-05
3.921945951718347825e-05
3.922955404759781922e-05
3.923964857801216696e-05
3.924974310842650792e-05
3.925983763884085566e-05
3.926993216925519663e-05
3.928002669966954437e-05
3.929012123008389211e-05
3.930021576049823307e-05
3.930688641789725340e-05
3.931013320228094631e-05
3.931337998666463923e-05
3.931662677104832537e-05
3.931987355543201828e-05
3.932312033981571120e-05
3.932636712419940411e-05
3.932961390858309703e-05
3.933286069296678316e-05
3.933610747735047608e-05
3.933935426173416900e-05
3.934260104611786191e-05
3.934584783050155483e-05
3.934909461488524774e-05
3.935234139926893388e-05
3.935558818365262679e-05
3.935883496803631971e-05
3.935725801216894478e-05
3.935568105630156985e-05
3.935410410043419492e-05
3.935252714456681999e-05
3.935095018869944506e-05
3.934937323283207013e-05
3.934779627696469520e-05
3.934621932109732027e-05
3.934464236522995211e-05
3.934306540936257718e-05
3.934148845349520225e-05
3.933991149762782732e-05
3.933833454176045239e-05
3.933675758589307746e-05
3.933518063002570253e-05
3.933360367415832760e-05
3.931971911187128794e-05
3.929352694316457677e-05
3.926733477445786561e-05
3.924114260575116121e-05
3.921495043704445005e-05
3.918875826833773888e-05
3.916256609963102771e-05
3.913637393092432332e-05
3.911018176221761215e-05
3.908398959351090099e-05
3.905779742480419659e-05
3.903160525609748543e-05
3.900541308739077426e-05
3.897922091868406309e-05
3.895302874997735870e-05
3.892683658127064753e-05
3.890064441256393637e-05
3.889457412483835255e-05
3.890862571809389610e-05
3.892267731134943965e-05
3.893672890460498319e-05
3.895078049786052674e-05
3.896483209111607028e-05
3.897888368437161383e-05
3.899293527762715737e-05
3.900698687088270092e-05
3.902103846413824446e-05
3.903509005739378801e-05
3.904914165064933155e-05
3.906319324390487510e-05
3.907724483716041864e-05
3.909129643041596219e-05
3.910534802367150573e-05
3.911939961692704928e-05
3.910503329699931217e-05
3.909066697707157506e-05
3.907630065714384472e-05
3.906193433721610761e-05
3.904756801728837050e-05
3.903320169736063339e-05
3.901883537743289627e-05
3.900446905750515916e-05
3.899010273757742883e-05
3.897573641764969172e-05
3.896137009772195460e-05
3.894700377779421749e-05
3.893263745786648038e-05
3.891827113793875004e-05
3.890390481801101293e-05
3.888953849808327582e-05
3.887506148023530056e-05
3.886047376446708716e-05
3.884588604869886698e-05
3.883129833293065357e-05
3.881671061716244017e-05
3.880212290139421999e-05
3.878753518562600658e-05
3.877294746985779318e-05
3.875835975408957977e-05
3.874377203832135959e-05
3.872918432255314619e-05
3.871459660678493278e-05
3.870000889101671260e-05
3.868542117524849920e-05
3.867083345948028579e-05
3.865624574371206561e-05
3.864165802794385221e-05
3.863458407566018864e-05
3.863502388686107492e-05
3.863546369806196120e-05
3.863590350926284070e-05
3.863634332046372697e-05
3.863678313166461325e-05
3.863722294286549953e-05
3.863766275406638580e-05
3.863810256526726530e-05
3.863854237646815158e-05
3.863898218766903786e-05
3.863942199886992413e-05
3.863986181007081041e-05
3.864030162127169668e-05
3.864074143247257618e-05
3.864118124367346246e-05
3.864162105487434874e-05
3.863890168045814791e-05
3.863302312042486675e-05
3.862714456039158560e-05
3.862126600035830444e-05
3.861538744032502328e-05
3.860950888029174213e-05
3.860363032025846097e-05
3.859775176022517981e-05
3.859187320019189866e-05
3.858599464015861750e-05
3.858011608012533634e-05
3.857423752009205519e-05
3.856835896005877403e-05
3.856248040002549287e-05
3.855660183999221172e-05
3.855072327995893056e-05
3.854484471992564940e-05
3.854309600086070343e-05
3.854134728179575746e-05
3.853959856273080471e-05
3.853784984366585874e-05
3.853610112460091277e-05
3.853435240553596680e-05
3.853260368647102083e-05
3.853085496740606808e-05
3.852910624834112211e-05
3.852735752927617614e-05
3.852560881021123017e-05
3.852386009114627742e-05
3.852211137208133145e-05
3.852036265301638548e-05
3.851861393395143951e-05
3.851686521488649354e-05
3.851449288081019198e-05
3.851149693172253483e-05
3.850850098263487769e-05
3.850550503354722054e-05
3.850250908445956339e-05
3.849951313537190625e-05
3.849651718628425588e-05
3.849352123719659873e-05
3.849052528810894159e-05
3.848752933902128444e-05
3.848453338993362729e-05
3.848153744084597692e-05
3.847854149175831978e-05
3.847554554267066263e-05
3.847254959358300549e-05
3.846955364449534834e-05
3.846655769540769119e-05
3.845278294759882072e-05
3.842822940106873692e-05
3.840367585453865313e-05
3.837912230800856933e-05
3.835456876147847876e-05
3.833001521494839496e-05
3.830546166841831117e-05
3.828090812188822737e-05
3.825635457535813680e-05
3.823180102882805300e-05
3.820724748229796920e-05
3.818269393576788541e-05
3.815814038923780161e-05
3.813358684270771104e-05
3.810903329617762724e-05
3.808447974964754344e-05
3.805992620311745965e-05
3.806151745885874842e-05
3.808925351687140977e-05
3.811698957488407111e-05
3.814472563289673246e-05
3.817246169090939380e-05
3.820019774892206193e-05
3.822793380693472327e-05
3.825566986494738462e-05
3.828340592296004596e-05
3.831114198097271408e-05
3.833887803898537543e-05
3.836661409699803677e-05
3.839435015501069812e-05
3.842208621302335947e-05
3.844982227103602759e-05
3.847755832904868893e-05
3.850529438706135028e-05
3.848939417863993440e-05
3.847349397021851853e-05
3.845759376179710943e-05
3.844169355337569355e-05
3.842579334495427768e-05
3.840989313653286180e-05
3.839399292811144593e-05
3.837809271969003005e-05
3.836219251126862095e-05
3.834629230284720508e-05
3.833039209442578920e-05
3.831449188600437333e-05
3.829859167758295745e-05
3.828269146916154836e-05
3.826679126074013248e-05
3.825089105231871661e-05
3.823166914663569135e-05
3.820912554369105673e-05
3.818658194074641532e-05
3.816403833780178070e-05
3.814149473485714607e-05
3.811895113191250467e-05
3.809640752896787004e-05
3.807386392602323541e-05
3.805132032307860079e-05
3.802877672013395938e-05
3.800623311718932476e-05
3.798368951424469013e-05
3.796114591130004873e-05
3.793860230835541410e-05
3.791605870541077947e-05
3.789351510246613807e-05
3.787097149952150344e-05
3.786921655774458910e-05
3.788825027713539504e-05
3.790728399652620097e-05
3.792631771591700013e-05
3.794535143530780607e-05
3.796438515469861201e-05
3.798341887408941795e-05
3.800245259348022388e-05
3.802148631287102304e-05
3.804052003226182898e-05
3.805955375165263492e-05
3.807858747104344086e-05
3.809762119043424679e-05
3.811665490982505273e-05
3.813568862921585189e-05
3.815472234860665783e-05
3.817375606799746377e-05
3.816588958956896493e-05
3.815802311114045931e-05
3.815015663271196047e-05
3.814229015428345485e-05
3.813442367585495601e-05
3.812655719742645040e-05
3.811869071899795156e-05
3.811082424056944594e-05
3.810295776214094710e-05
3.809509128371244149e-05
3.808722480528394265e-05
3.807935832685544381e-05
3.807149184842693819e-05
3.806362536999843935e-05
3.805575889156993373e-05
3.804789241314143489e-05
3.804437830227594278e-05
3.804521655897346417e-05
3.804605481567097878e-05
3.804689307236850017e-05
3.804773132906602156e-05
3.804856958576353617e-05
3.804940784246105755e-05
3.805024609915857894e-05
3.805108435585610033e-05
3.805192261255361494e-05
3.805276086925113633e-05
3.805359912594865772e-05
3.805443738264617233e-05
3.805527563934369372e-05
3.805611389604121510e-05
3.805695215273872972e-05
3.805779040943625110e-05
3.804696706242251302e-05
3.802448211169752901e-05
3.800199716097253145e-05
3.797951221024754745e-05
3.795702725952254989e-05
3.793454230879756588e-05
3.791205735807256832e-05
3.788957240734758432e-05
3.786708745662258676e-05
3.784460250589760275e-05
3.782211755517260519e-05
3.779963260444762119e-05
3.777714765372262363e-05
3.775466270299763962e-05
3.773217775227264207e-05
3.770969280154765806e-05
3.768720785082266050e-05
3.768366255353797830e-05
3.769905690969359112e-05
3.771445126584921072e-05
3.772984562200483032e-05
3.774523997816044314e-05
3.776063433431606274e-05
3.777602869047168234e-05
3.779142304662729516e-05
3.780681740278291476e-05
3.782221175893853436e-05
3.783760611509414719e-05
3.785300047124976679e-05
3.786839482740537961e-05
3.788378918356099921e-05
3.789918353971661881e-05
3.791457789587223163e-05
3.792997225202785123e-05
3.791497798213424404e-05
3.789998371224063685e-05
3.788498944234702966e-05
3.786999517245342247e-05
3.785500090255981527e-05
3.784000663266620808e-05
3.782501236277260089e-05
3.781001809287899370e-05
3.779502382298538651e-05
3.778002955309177932e-05
3.776503528319817213e-05
3.775004101330456494e-05
3.773504674341095775e-05
3.772005247351735055e-05
3.770505820362374336e-05
3.769006393373013617e-05
3.768264101745288637e-05
3.768278945479198040e-05
3.768293789213108798e-05
3.768308632947018201e-05
3.768323476680928959e-05
3.768338320414838362e-05
3.768353164148749120e-05
3.768368007882658523e-05
3.768382851616569281e-05
3.768397695350478684e-05
3.768412539084389442e-05
3.768427382818298845e-05
3.768442226552209603e-05
3.768457070286119006e-05
3.768471914020029765e-05
3.768486757753939168e-05
3.768501601487849926e-05
3.768440885766057117e-05
3.768304610588562095e-05
3.768168335411067074e-05
3.768032060233572053e-05
3.767895785056076354e-05
3.767759509878581333e-05
3.767623234701086312e-05
3.767486959523591290e-05
3.767350684346096269e-05
3.767214409168601248e-05
3.767078133991106227e-05
3.766941858813611205e-05
3.766805583636115507e-05
3.766669308458620485e-05
3.766533033281125464e-05
3.766396758103630443e-05
3.766260482926135422e-05
3.763922914619864196e-05
3.761585346313592971e-05
3.759247778007321746e-05
3.756910209701050520e-05
3.754572641394779295e-05
3.752235073088508070e-05
3.749897504782236844e-05
3.747559936475965619e-05
3.745222368169694394e-05
3.742884799863423168e-05
3.740547231557151943e-05
3.738209663250880718e-05
3.735872094944609492e-05
3.733534526638338267e-05
3.731196958332067042e-05
3.728859390025795816e-05
3.728478535629969112e-05
3.730054395144586250e-05
3.731630254659203387e-05
3.733206114173820525e-05
3.734781973688437663e-05
3.736357833203054801e-05
3.737933692717672617e-05
3.739509552232289755e-05
3.741085411746906893e-05
3.742661271261524031e-05
3.744237130776141169e-05
3.745812990290758984e-05
3.747388849805376122e-05
3.748964709319993260e-05
3.750540568834610398e-05
3.752116428349227536e-05
3.753692287863844674e-05
3.753174356560946530e-05
3.750562634440533105e-05
3.747950912320119679e-05
3.745339190199706254e-05
3.742727468079292151e-05
3.740115745958878725e-05
3.737504023838465300e-05
3.734892301718051874e-05
3.732280579597637771e-05
3.729668857477224346e-05
3.727057135356810920e-05
3.724445413236397495e-05
3.721833691115984070e-05
3.719221968995569966e-05
3.716610246875156541e-05
3.713998524754743116e-05
3.711386802634329690e-05
3.710365988407254915e-05
3.710936082073519469e-05
3.711506175739784022e-05
3.712076269406048575e-05
3.712646363072312451e-05
3.713216456738577004e-05
3.713786550404841558e-05
3.714356644071106111e-05
3.714926737737370664e-05
3.715496831403635217e-05
3.716066925069899771e-05
3.716637018736164324e-05
3.717207112402428200e-05
3.717777206068692753e-05
3.718347299734957307e-05
3.718917393401221860e-05
3.719487487067486413e-05
3.715920672961206777e-05
3.712353858854926464e-05
3.708787044748646829e-05
3.705220230642366515e-05
3.701653416536086880e-05
3.698086602429806566e-05
3.694519788323526931e-05
3.690952974217246617e-05
3.687386160110966982e-05
3.683819346004686668e-05
3.680252531898407033e-05
3.676685717792127397e-05
3.673118903685847084e-05
3.669552089579567448e-05
3.665985275473287135e-05
3.662418461367007499e-05
3.661422225692895829e-05
3.662996568450953478e-05
3.664570911209011128e-05
3.666145253967068778e-05
3.667719596725126427e-05
3.669293939483184077e-05
3.670868282241241049e-05
3.672442624999298699e-05
3.674016967757356348e-05
3.675591310515413998e-05
3.677165653273471648e-05
3.678739996031528620e-05
3.680314338789586270e-05
3.681888681547643919e-05
3.683463024305701569e-05
3.685037367063759219e-05
3.686611709821816868e-05
3.687120002993552023e-05
3.686562246578964683e-05
3.686004490164377344e-05
3.685446733749790004e-05
3.684888977335202664e-05
3.684331220920615324e-05
3.683773464506027984e-05
3.683215708091440644e-05
3.682657951676853304e-05
3.682100195262265964e-05
3.681542438847678624e-05
3.680984682433091284e-05
3.680426926018503945e-05
3.679869169603916605e-05
3.679311413189329265e-05
3.678753656774741925e-05
3.678195900360154585e-05
3.676774430289917578e-05
3.675352960219680572e-05
3.673931490149442888e-05
3.672510020079205881e-05
3.671088550008968875e-05
3.669667079938731868e-05
3.668245609868494184e-05
3.666824139798257178e-05
3.665402669728020171e-05
3.663981199657783165e-05
3.662559729587545480e-05
3.661138259517308474e-05
3.659716789447071467e-05
3.658295319376834461e-05
3.656873849306596777e-05
3.655452379236359770e-05
3.654567334820701577e-05
3.654218716059621521e-05
3.653870097298541464e-05
3.653521478537462085e-05
3.653172859776382029e-05
3.652824241015301972e-05
3.652475622254221916e-05
3.652127003493142537e-05
3.651778384732062480e-05
3.651429765970982423e-05
3.651081147209903044e-05
3.650732528448822988e-05
3.650383909687742931e-05
3.650035290926662875e-05
3.649686672165583496e-05
3.649338053404503439e-05
3.648989434643423383e-05
3.648234893399020273e-05
3.647074429671293431e-05
3.645913965943566590e-05
3.644753502215839749e-05
3.643593038488112908e-05
3.642432574760386067e-05
3.641272111032659226e-05
3.640111647304932385e-05
3.638951183577205544e-05
3.637790719849478703e-05
3.636630256121751862e-05
3.635469792394025021e-05
3.634309328666298180e-05
3.633148864938571339e-05
3.631988401210844498e-05
3.630827937483117657e-05
3.629667473755390816e-05
3.628287926587734063e-05
3.626689295980147399e-05
3.625090665372560734e-05
3.623492034764974070e-05
3.621893404157388083e-05
3.620294773549801419e-05
3.618696142942214754e-05
3.617097512334628090e-05
3.615498881727041426e-05
3.613900251119454762e-05
3.612301620511868097e-05
3.610702989904281433e-05
3.609104359296695446e-05
3.607505728689108782e-05
3.605907098081522117e-05
3.604308467473935453e-05
3.602709836866348789e-05
3.601607947290708491e-05
3.600506057715068193e-05
3.599404168139427217e-05
3.598302278563786919e-05
3.597200388988146621e-05
3.596098499412506323e-05
3.594996609836865348e-05
3.593894720261225049e-05
3.592792830685584751e-05
3.591690941109944453e-05
3.590589051534303478e-05
3.589487161958663180e-05
3.588385272383022882e-05
3.587283382807382584e-05
3.586181493231741608e-05
3.585079603656101310e-05
3.585040580940341897e-05
3.586064425084462692e-05
3.587088269228584165e-05
3.588112113372704959e-05
3.589135957516825754e-05
3.590159801660947227e-05
3.591183645805068022e-05
3.592207489949189494e-05
3.593231334093310289e-05
3.594255178237431084e-05
3.595279022381552556e-05
3.596302866525673351e-05
3.597326710669794823e-05
3.598350554813915618e-05
3.599374398958036413e-05
3.600398243102157886e-05
3.601422087246278680e-05
3.602080592087598477e-05
3.602373757626116597e-05
3.602666923164635394e-05
3.602960088703153514e-05
3.603253254241671634e-05
3.603546419780189754e-05
3.603839585318708552e-05
3.604132750857226672e-05
3.604425916395744792e-05
3.604719081934262912e-05
3.605012247472781032e-05
3.605305413011299830e-05
3.605598578549817950e-05
3.605891744088336070e-05
3.606184909626854190e-05
3.606478075165372988e-05
3.606771240703891108e-05
3.607323797275753942e-05
3.608135744880960812e-05
3.608947692486167683e-05
3.609759640091374553e-05
3.610571587696582101e-05
3.611383535301788972e-05
3.612195482906995842e-05
3.613007430512203390e-05
3.613819378117410260e-05
3.614631325722617131e-05
3.615443273327824001e-05
3.616255220933031549e-05
3.617067168538238420e-05
3.617879116143445290e-05
3.618691063748652161e-05
3.619503011353859709e-05
3.620314958959066579e-05
3.618483317586427021e-05
3.616651676213787463e-05
3.614820034841147904e-05
3.612988393468508346e-05
3.611156752095868788e-05
3.609325110723229230e-05
3.607493469350589671e-05
3.605661827977950113e-05
3.603830186605310555e-05
3.601998545232670997e-05
3.600166903860031438e-05
3.598335262487391880e-05
3.596503621114752322e-05
3.594671979742112763e-05
3.592840338369473205e-05
3.591008696996833647e-05
3.590379011775113153e-05
3.590951282704311724e-05
3.591523553633510973e-05
3.592095824562709544e-05
3.592668095491908115e-05
3.593240366421106687e-05
3.593812637350305935e-05
3.594384908279504506e-05
3.594957179208703077e-05
3.595529450137901649e-05
3.596101721067100220e-05
3.596673991996299468e-05
3.597246262925498040e-05
3.597818533854696611e-05
3.598390804783895182e-05
3.598963075713094430e-05
3.599535346642293002e-05
3.598501858765689436e-05
3.595862612083283055e-05
3.593223365400876674e-05
3.590584118718470293e-05
3.587944872036063912e-05
3.585305625353657532e-05
3.582666378671251151e-05
3.580027131988845448e-05
3.577387885306439067e-05
3.574748638624032686e-05
3.572109391941626305e-05
3.569470145259219924e-05
3.566830898576813544e-05
3.564191651894407841e-05
3.561552405212001460e-05
3.558913158529595079e-05
3.556273911847188698e-05
3.556461150552235303e-05
3.556648389257282585e-05
3.556835627962329189e-05
3.557022866667375793e-05
3.557210105372423075e-05
3.557397344077469680e-05
3.557584582782516284e-05
3.557771821487563566e-05
3.557959060192610170e-05
3.558146298897656775e-05
3.558333537602704057e-05
3.558520776307750661e-05
3.558708015012797266e-05
3.558895253717844548e-05
3.559082492422891152e-05
3.559269731127937756e-05
3.559406891217330225e-05
3.559493972691068559e-05
3.559581054164806215e-05
3.559668135638543871e-05
3.559755217112282205e-05
3.559842298586019861e-05
3.559929380059758194e-05
3.560016461533495850e-05
3.560103543007234184e-05
3.560190624480971840e-05
3.560277705954709496e-05
3.560364787428447830e-05
3.560451868902185486e-05
3.560538950375923819e-05
3.560626031849661475e-05
3.560713113323399131e-05
3.560800194797137465e-05
3.560101256686630316e-05
3.558616298991878362e-05
3.557131341297126409e-05
3.555646383602374455e-05
3.554161425907623179e-05
3.552676468212871225e-05
3.551191510518119271e-05
3.549706552823367317e-05
3.548221595128615364e-05
3.546736637433863410e-05
3.545251679739111456e-05
3.543766722044359502e-05
3.542281764349607549e-05
3.540796806654856273e-05
3.539311848960104319e-05
3.537826891265352365e-05
3.536341933570600411e-05
3.535400268792134477e-05
3.535001896929955238e-05
3.534603525067776000e-05
3.534205153205596762e-05
3.533806781343417524e-05
3.533408409481237608e-05
3.533010037619058370e-05
3.532611665756879132e-05
3.532213293894699894e-05
3.531814922032519978e-05
3.531416550170340740e-05
3.531018178308161502e-05
3.530619806445982263e-05
3.530221434583803025e-05
3.529823062721623109e-05
3.529424690859443871e-05
3.529026318997264633e-05
3.528765637543091187e-05
3.528504956088917741e-05
3.528244274634744296e-05
3.527983593180570850e-05
3.527722911726396726e-05
3.527462230272223280e-05
3.527201548818049835e-05
3.526940867363876389e-05
3.526680185909702943e-05
3.526419504455529497e-05
3.526158823001356051e-05
3.525898141547182605e-05
3.525637460093008482e-05
3.525376778638835036e-05
3.525116097184661590e-05
3.524855415730488144e-05
3.524305487973857214e-05
3.523466313914769477e-05
3.522627139855681740e-05
3.521787965796594004e-05
3.520948791737506267e-05
3.520109617678418530e-05
3.519270443619330793e-05
3.518431269560243056e-05
3.517592095501155319e-05
3.516752921442067582e-05
3.515913747382979845e-05
3.515074573323892108e-05
3.514235399264804371e-05
3.513396225205716634e-05
3.512557051146628897e-05
3.511717877087541161e-05
3.510878703028453424e-05
3.510674150937173247e-05
3.511104220813701985e-05
3.511534290690230723e-05
3.511964360566758784e-05
3.512394430443287522e-05
3.512824500319816260e-05
3.513254570196344321e-05
3.513684640072873059e-05
3.514114709949401797e-05
3.514544779825929858e-05
3.514974849702458596e-05
3.515404919578987334e-05
3.515834989455515395e-05
3.516265059332044133e-05
3.516695129208572871e-05
3.517125199085100932e-05
3.517555268961629670e-05
3.515959767177148285e-05
3.514364265392666900e-05
3.512768763608186193e-05
3.511173261823704808e-05
3.509577760039223423e-05
3.507982258254742038e-05
3.506386756470261331e-05
3.504791254685779946e-05
3.503195752901298561e-05
3.501600251116817177e-05
3.500004749332336469e-05
3.498409247547855085e-05
3.496813745763373700e-05
3.495218243978892315e-05
3.493622742194411608e-05
3.492027240409930223e-05
3.491851694186604276e-05
3.493096103524433768e-05
3.494340512862263937e-05
3.495584922200093428e-05
3.496829331537922920e-05
3.498073740875753089e-05
3.499318150213582581e-05
3.500562559551412072e-05
3.501806968889241564e-05
3.503051378227071733e-05
3.504295787564901224e-05
3.505540196902730716e-05
3.506784606240560885e-05
3.508029015578390376e-05
3.509273424916219868e-05
3.510517834254050037e-05
3.511762243591879529e-05
3.510649823949953612e-05
3.507180575328272288e-05
3.503711326706590964e-05
3.500242078084908962e-05
3.496772829463227637e-05
3.493303580841546313e-05
3.489834332219864989e-05
3.486365083598183664e-05
3.482895834976502340e-05
3.479426586354820338e-05
3.475957337733139014e-05
3.472488089111457689e-05
3.469018840489776365e-05
3.465549591868095041e-05
3.462080343246413039e-05
3.458611094624731714e-05
3.455141846003050390e-05
3.453665424734044263e-05
3.454181830817713335e-05
3.454698236901382406e-05
3.455214642985052155e-05
3.455731049068721226e-05
3.456247455152390298e-05
3.456763861236059369e-05
3.457280267319728440e-05
3.457796673403398189e-05
3.458313079487067260e-05
3.458829485570736332e-05
3.459345891654405403e-05
3.459862297738074474e-05
3.460378703821743546e-05
3.460895109905413295e-05
3.461411515989082366e-05
3.461927922072751437e-05
3.460340013901683090e-05
3.458752105730614743e-05
3.457164197559546397e-05
3.455576289388478050e-05
3.453988381217409703e-05
3.452400473046341356e-05
3.450812564875273009e-05
3.449224656704204662e-05
3.447636748533135638e-05
3.446048840362067291e-05
3.444460932190998944e-05
3.442873024019930597e-05
3.441285115848862251e-05
3.439697207677793904e-05
3.438109299506725557e-05
3.436521391335657210e-05
3.436191607883714861e-05
3.437119949150897833e-05
3.438048290418080805e-05
3.438976631685263777e-05
3.439904972952446748e-05
3.440833314219629720e-05
3.441761655486812692e-05
3.442689996753995664e-05
3.443618338021178636e-05
3.444546679288361607e-05
3.445475020555544579e-05
3.446403361822727551e-05
3.447331703089910523e-05
3.448260044357093494e-05
3.449188385624276466e-05
3.450116726891459438e-05
3.451045068158642410e-05
3.451563137914719732e-05
3.451670936159691405e-05
3.451778734404663078e-05
3.451886532649634751e-05
3.451994330894605747e-05
3.452102129139577420e-05
3.452209927384549093e-05
3.452317725629520088e-05
3.452425523874491761e-05
3.452533322119463434e-05
3.452641120364435107e-05
3.452748918609406103e-05
3.452856716854377776e-05
3.452964515099349449e-05
3.453072313344321122e-05
3.453180111589292117e-05
3.453287909834263790e-05
3.452409874578734120e-05
3.451531839323203772e-05
3.450653804067674101e-05
3.449775768812143753e-05
3.448897733556614083e-05
3.448019698301083735e-05
3.447141663045554064e-05
3.446263627790023716e-05
3.445385592534494046e-05
3.444507557278963698e-05
3.443629522023434027e-05
3.442751486767903679e-05
3.441873451512374009e-05
3.440995416256843661e-05
3.440117381001313990e-05
3.439239345745783642e-05
3.439087290137143871e-05
3.439661214175394676e-05
3.440235138213645482e-05
3.440809062251896287e-05
3.441382986290147093e-05
3.441956910328397898e-05
3.442530834366648704e-05
3.443104758404899509e-05
3.443678682443150315e-05
3.444252606481401120e-05
3.444826530519651926e-05
3.445400454557902731e-05
3.445974378596153537e-05
3.446548302634404342e-05
3.447122226672655148e-05
3.447696150710905953e-05
3.448270074749156758e-05
3.447418549154825074e-05
3.445141573927910900e-05
3.442864598700996726e-05
3.440587623474082552e-05
3.438310648247169056e-05
3.436033673020254882e-05
3.433756697793340708e-05
3.431479722566426534e-05
3.429202747339513038e-05
3.426925772112598864e-05
3.424648796885684690e-05
3.422371821658770516e-05
3.420094846431856342e-05
3.417817871204942846e-05
3.415540895978028672e-05
3.413263920751114498e-05
3.410986945524200324e-05
3.410883214630619373e-05
3.412952728070370290e-05
3.415022241510121885e-05
3.417091754949873480e-05
3.419161268389624397e-05
3.421230781829375992e-05
3.423300295269126909e-05
3.425369808708878503e-05
3.427439322148629421e-05
3.429508835588381015e-05
3.431578349028132610e-05
3.433647862467883527e-05
3.435717375907635122e-05
3.437786889347386039e-05
3.439856402787137634e-05
3.441925916226888551e-05
3.443995429666640146e-05
3.443301869754841998e-05
3.442608309843043851e-05
3.441914749931245703e-05
3.441221190019447555e-05
3.440527630107649408e-05
3.439834070195851260e-05
3.439140510284053112e-05
3.438446950372254964e-05
3.437753390460456817e-05
3.437059830548658669e-05
3.436366270636860521e-05
3.435672710725062374e-05
3.434979150813264226e-05
3.434285590901466078e-05
3.433592030989667931e-05
3.432898471077869783e-05
3.432467342800004907e-05
3.432298646156073981e-05
3.432129949512143055e-05
3.431961252868212129e-05
3.431792556224280526e-05
3.431623859580349600e-05
3.431455162936418674e-05
3.431286466292487748e-05
3.431117769648556822e-05
3.430949073004625218e-05
3.430780376360694292e-05
3.430611679716763366e-05
3.430442983072832440e-05
3.430274286428900836e-05
3.430105589784969910e-05
3.429936893141038984e-05
3.429768196497108058e-05
3.430368483521354213e-05
3.431737754213778127e-05
3.433107024906202040e-05
3.434476295598625276e-05
3.435845566291049189e-05
3.437214836983473103e-05
3.438584107675897016e-05
3.439953378368320930e-05
3.441322649060744166e-05
3.442691919753168079e-05
3.444061190445591993e-05
3.445430461138015906e-05
3.446799731830439819e-05
3.448169002522863733e-05
3.449538273215286969e-05
3.450907543907710882e-05
3.452276814600134796e-05
3.449871726313659442e-05
3.447466638027183410e-05
3.445061549740708056e-05
3.442656461454232701e-05
3.440251373167757347e-05
3.437846284881281315e-05
3.435441196594805961e-05
3.433036108308330607e-05
3.430631020021855253e-05
3.428225931735379221e-05
3.425820843448903867e-05
3.423415755162428513e-05
3.421010666875952481e-05
3.418605578589477127e-05
3.416200490303001773e-05
3.413795402016526418e-05
3.412653264716029048e-05
3.412774078401511015e-05
3.412894892086992983e-05
3.413015705772474951e-05
3.413136519457956919e-05
3.413257333143438887e-05
3.413378146828920855e-05
3.413498960514402822e-05
3.413619774199884113e-05
3.413740587885366081e-05
3.413861401570848048e-05
3.413982215256330016e-05
3.414103028941811984e-05
3.414223842627293952e-05
3.414344656312775920e-05
3.414465469998257888e-05
3.414586283683739855e-05
3.413956870487523155e-05
3.412577230409608465e-05
3.411197590331694452e-05
3.409817950253779762e-05
3.408438310175865071e-05
3.407058670097950381e-05
3.405679030020036368e-05
3.404299389942121677e-05
3.402919749864206987e-05
3.401540109786292297e-05
3.400160469708377606e-05
3.398780829630463593e-05
3.397401189552548903e-05
3.396021549474634212e-05
3.394641909396719522e-05
3.393262269318805509e-05
3.391882629240890819e-05
3.391727075043703138e-05
3.392795606727241789e-05
3.393864138410781117e-05
3.394932670094320446e-05
3.396001201777859097e-05
3.397069733461398426e-05
3.398138265144937077e-05
3.399206796828476405e-05
3.400275328512015056e-05
3.401343860195554385e-05
3.402412391879093713e-05
3.403480923562632364e-05
3.404549455246171693e-05
3.405617986929710344e-05
3.406686518613249673e-05
3.407755050296788323e-05
3.408823581980327652e-05
3.408767632342780453e-05
3.408711682705233253e-05
3.408655733067686054e-05
3.408599783430138854e-05
3.408543833792591655e-05
3.408487884155044455e-05
3.408431934517497256e-05
3.408375984879950056e-05
3.408320035242402856e-05
3.408264085604855657e-05
3.408208135967308457e-05
3.408152186329761258e-05
3.408096236692214058e-05
3.408040287054666859e-05
3.407984337417119659e-05
3.407928387779572460e-05
3.408375661472914719e-05
3.409326158497147114e-05
3.410276655521379509e-05
3.411227152545611227e-05
3.412177649569843622e-05
3.413128146594076017e-05
3.414078643618308412e-05
3.415029140642540130e-05
3.415979637666772525e-05
3.416930134691004920e-05
3.417880631715236638e-05
3.418831128739469033e-05
3.419781625763701428e-05
3.420732122787933823e-05
3.421682619812165541e-05
3.422633116836397936e-05
3.423583613860630331e-05
3.422628307728042797e-05
3.419767198438636687e-05
3.416906089149229900e-05
3.414044979859823112e-05
3.411183870570417003e-05
3.408322761281010215e-05
3.405461651991603428e-05
3.402600542702197318e-05
3.399739433412790531e-05
3.396878324123383744e-05
3.394017214833977634e-05
3.391156105544570847e-05
3.388294996255164059e-05
3.385433886965757950e-05
3.382572777676351163e-05
3.379711668386944375e-05
3.376850559097538266e-05
3.376258230156091894e-05
3.377934681562605939e-05
3.379611132969119984e-05
3.381287584375634029e-05
3.382964035782148074e-05
3.384640487188662119e-05
3.386316938595176164e-05
3.387993390001690209e-05
3.389669841408204253e-05
3.391346292814718298e-05
3.393022744221232343e-05
3.394699195627746388e-05
3.396375647034260433e-05
3.398052098440774478e-05
3.399728549847288523e-05
3.401405001253802568e-05
3.403081452660316613e-05
3.402685126658996299e-05
3.402288800657676663e-05
3.401892474656356349e-05
3.401496148655036036e-05
3.401099822653715722e-05
3.400703496652396086e-05
3.400307170651075772e-05
3.399910844649755459e-05
3.399514518648435145e-05
3.399118192647115509e-05
3.398721866645795195e-05
3.398325540644474882e-05
3.397929214643155245e-05
3.397532888641834932e-05
3.397136562640514618e-05
3.396740236639194304e-05
3.396376265862477726e-05
3.396044650310364884e-05
3.395713034758251364e-05
3.395381419206138521e-05
3.395049803654025678e-05
3.394718188101912158e-05
3.394386572549799316e-05
3.394054956997685795e-05
3.393723341445572953e-05
3.393391725893460110e-05
3.393060110341346590e-05
3.392728494789233747e-05
3.392396879237120227e-05
3.392065263685007385e-05
3.391733648132894542e-05
3.391402032580781022e-05
3.391070417028668179e-05
3.391076298913225500e-05
3.391419678234453662e-05
3.391763057555682501e-05
3.392106436876910663e-05
3.392449816198138824e-05
3.392793195519367664e-05
3.393136574840595825e-05
3.393479954161823987e-05
3.393823333483052826e-05
3.394166712804280988e-05
3.394510092125509150e-05
3.394853471446737311e-05
3.395196850767966151e-05
3.395540230089194312e-05
3.395883609410422474e-05
3.396226988731651313e-05
3.396570368052879475e-05
3.394986743399802664e-05
3.393403118746726532e-05
3.391819494093649721e-05
3.390235869440572910e-05
3.388652244787496777e-05
3.387068620134419967e-05
3.385484995481343156e-05
3.383901370828266346e-05
3.382317746175190213e-05
3.380734121522113402e-05
3.379150496869036592e-05
3.377566872215960459e-05
3.375983247562883648e-05
3.374399622909806838e-05
3.372815998256730705e-05
3.371232373603653894e-05
3.371096940470086134e-05
3.372409698856028101e-05
3.373722457241969390e-05
3.375035215627911358e-05
3.376347974013853325e-05
3.377660732399794614e-05
3.378973490785736582e-05
3.380286249171677871e-05
3.381599007557619838e-05
3.382911765943561806e-05
3.384224524329503095e-05
3.385537282715445062e-05
3.386850041101386352e-05
3.388162799487328319e-05
3.389475557873270286e-05
3.390788316259211576e-05
3.392101074645153543e-05
3.392942470514945312e-05
3.393312503868588237e-05
3.393682537222230484e-05
3.394052570575873410e-05
3.394422603929515657e-05
3.394792637283158582e-05
3.395162670636800830e-05
3.395532703990443755e-05
3.395902737344086002e-05
3.396272770697728250e-05
3.396642804051371175e-05
3.397012837405013422e-05
3.397382870758656348e-05
3.397752904112298595e-05
3.398122937465941520e-05
3.398492970819583768e-05
3.398863004173226693e-05
3.399508755431516609e-05
3.400430224594454194e-05
3.401351693757391780e-05
3.402273162920329365e-05
3.403194632083266950e-05
3.404116101246204535e-05
3.405037570409142120e-05
3.405959039572079705e-05
3.406880508735016613e-05
3.407801977897954198e-05
3.408723447060891783e-05
3.409644916223829368e-05
3.410566385386766953e-05
3.411487854549704539e-05
3.412409323712642124e-05
3.413330792875579709e-05
3.414252262038517294e-05
3.412124867523169317e-05
3.409997473007821340e-05
3.407870078492473363e-05
3.405742683977125386e-05
3.403615289461777409e-05
3.401487894946429431e-05
3.399360500431081454e-05
3.397233105915733477e-05
3.395105711400385500e-05
3.392978316885037523e-05
3.390850922369689546e-05
3.388723527854341569e-05
3.386596133338993592e-05
3.384468738823645615e-05
3.382341344308297638e-05
3.380213949792949661e-05
3.379377831788847819e-05
3.379832990295990758e-05
3.380288148803133698e-05
3.380743307310276637e-05
3.381198465817419576e-05
3.381653624324562515e-05
3.382108782831705454e-05
3.382563941338848394e-05
3.383019099845991333e-05
3.383474258353134272e-05
3.383929416860277211e-05
3.384384575367420150e-05
3.384839733874563090e-05
3.385294892381706029e-05
3.385750050888848968e-05
3.386205209395991907e-05
3.386660367903134846e-05
3.386381473515561336e-05
3.385368526233270022e-05
3.384355578950978707e-05
3.383342631668688071e-05
3.382329684386396756e-05
3.381316737104106120e-05
3.380303789821814805e-05
3.379290842539523491e-05
3.378277895257232854e-05
3.377264947974941540e-05
3.376252000692650903e-05
3.375239053410359588e-05
3.374226106128068274e-05
3.373213158845777637e-05
3.372200211563486323e-05
3.371187264281195686e-05
3.370174316998904372e-05
3.371855627347567196e-05
3.373536937696230021e-05
3.375218248044892846e-05
3.376899558393555670e-05
3.378580868742218495e-05
3.380262179090881997e-05
3.381943489439544822e-05
3.383624799788207646e-05
3.385306110136870471e-05
3.386987420485533296e-05
3.388668730834196120e-05
3.390350041182858945e-05
3.392031351531521769e-05
3.393712661880184594e-05
3.395393972228847419e-05
3.397075282577510243e-05
3.397321599085640709e-05
3.396132921753237461e-05
3.394944244420834212e-05
3.393755567088431642e-05
3.392566889756028393e-05
3.391378212423625145e-05
3.390189535091222574e-05
3.389000857758819326e-05
3.387812180426416078e-05
3.386623503094013507e-05
3.385434825761610259e-05
3.384246148429207688e-05
3.383057471096804440e-05
3.381868793764401191e-05
3.380680116431998620e-05
3.379491439099595372e-05
3.378302761767192124e-05
3.377518196264240355e-05
3.377137742590738032e-05
3.376757288917237065e-05
3.376376835243734742e-05
3.375996381570233774e-05
3.375615927896731452e-05
3.375235474223230484e-05
3.374855020549728162e-05
3.374474566876227194e-05
3.374094113202724871e-05
3.373713659529223904e-05
3.373333205855721581e-05
3.372952752182220614e-05
3.372572298508718291e-05
3.372191844835217324e-05
3.371811391161715001e-05
3.371430937488214034e-05
3.371573539626742592e-05
3.372239197577302033e-05
3.372904855527862150e-05
3.373570513478421591e-05
3.374236171428981031e-05
3.374901829379541149e-05
3.375567487330100589e-05
3.376233145280660029e-05
3.376898803231220147e-05
3.377564461181779587e-05
3.378230119132339028e-05
3.378895777082898468e-05
3.379561435033458586e-05
3.380227092984018026e-05
3.380892750934577466e-05
3.381558408885137584e-05
3.382224066835697024e-05
3.382415275025435340e-05
3.382606483215173655e-05
3.382797691404911970e-05
3.382988899594650286e-05
3.383180107784389279e-05
3.383371315974127594e-05
3.383562524163865909e-05
3.383753732353604225e-05
3.383944940543342540e-05
3.384136148733080855e-05
3.384327356922819171e-05
3.384518565112557486e-05
3.384709773302296479e-05
3.384900981492034794e-05
3.385092189681773110e-05
3.385283397871511425e-05
3.385688541730176240e-05
3.386307621257767555e-05
3.386926700785359548e-05
3.387545780312950863e-05
3.388164859840542178e-05
3.388783939368134171e-05
3.389403018895725486e-05
3.390022098423316801e-05
3.390641177950908794e-05
3.391260257478500109e-05
3.391879337006091424e-05
3.392498416533682739e-05
3.393117496061274731e-05
3.393736575588866047e-05
3.394355655116457362e-05
3.394974734644049354e-05
3.395593814171640669e-05
3.395286791181511247e-05
3.394053665673661089e-05
3.392820540165810930e-05
3.391587414657960771e-05
3.390354289150110612e-05
3.389121163642260453e-05
3.387888038134410294e-05
3.386654912626560135e-05
3.385421787118710654e-05
3.384188661610860495e-05
3.382955536103010336e-05
3.381722410595160177e-05
3.380489285087310018e-05
3.379256159579459859e-05
3.378023034071609700e-05
3.376789908563759541e-05
3.375556783055909383e-05
3.376528870590703347e-05
3.377500958125497990e-05
3.378473045660291955e-05
3.379445133195086597e-05
3.380417220729880562e-05
3.381389308264674527e-05
3.382361395799469170e-05
3.383333483334263135e-05
3.384305570869057777e-05
3.385277658403851742e-05
3.386249745938645707e-05
3.387221833473440350e-05
3.388193921008234315e-05
3.389166008543028957e-05
3.390138096077822922e-05
3.391110183612616887e-05
3.390452234349021759e-05
3.388164248287036181e-05
3.385876262225050604e-05
3.383588276163065705e-05
3.381300290101080128e-05
3.379012304039094550e-05
3.376724317977109651e-05
3.374436331915124074e-05
3.372148345853138497e-05
3.369860359791153597e-05
3.367572373729168020e-05
3.365284387667183120e-05
3.362996401605197543e-05
3.360708415543211966e-05
3.358420429481227067e-05
3.356132443419241490e-05
3.353844457357255912e-05
3.353685792403746102e-05
3.355656448558711380e-05
3.357627104713676658e-05
3.359597760868641259e-05
3.361568417023606538e-05
3.363539073178571816e-05
3.365509729333537094e-05
3.367480385488502373e-05
3.369451041643466973e-05
3.371421697798432252e-05
3.373392353953397530e-05
3.375363010108362808e-05
3.377333666263328087e-05
3.379304322418293365e-05
3.381274978573257966e-05
3.383245634728223244e-05
3.385216290883188522e-05
3.385504574956987032e-05
3.384110486949619450e-05
3.382716398942251868e-05
3.381322310934884286e-05
3.379928222927516704e-05
3.378534134920149122e-05
3.377140046912781540e-05
3.375745958905413958e-05
3.374351870898046376e-05
3.372957782890678794e-05
3.371563694883311212e-05
3.370169606875943630e-05
3.368775518868576048e-05
3.367381430861208466e-05
3.365987342853840885e-05
3.364593254846473303e-05
3.363199166839105721e-05
3.364497773341267040e-05
3.365796379843428358e-05
3.367094986345590355e-05
3.368393592847751674e-05
3.369692199349912993e-05
3.370990805852074312e-05
3.372289412354235631e-05
3.373588018856396950e-05
3.374886625358558946e-05
3.376185231860720265e-05
3.377483838362881584e-05
3.378782444865042903e-05
3.380081051367204222e-05
3.381379657869366219e-05
3.382678264371527537e-05
3.383976870873688856e-05
3.384265346358221471e-05
3.383543690825126059e-05
3.382822035292030647e-05
3.382100379758935235e-05
3.381378724225839145e-05
3.380657068692743733e-05
3.379935413159648321e-05
3.379213757626552909e-05
3.378492102093456819e-05
3.377770446560361407e-05
3.377048791027265995e-05
3.376327135494170583e-05
3.375605479961075171e-05
3.374883824427979081e-05
3.374162168894883669e-05
3.373440513361788257e-05
3.372718857828692845e-05
3.372285533987707824e-05
3.372140541838833871e-05
3.371995549689959918e-05
3.371850557541085965e-05
3.371705565392212013e-05
3.371560573243338060e-05
3.371415581094464107e-05
3.371270588945590155e-05
3.371125596796716202e-05
3.370980604647842249e-05
3.370835612498968297e-05
3.370690620350094344e-05
3.370545628201220391e-05
3.370400636052346438e-05
3.370255643903472486e-05
3.370110651754598533e-05
3.369965659605724580e-05
3.371917005245599682e-05
3.373868350885474783e-05
3.375819696525349885e-05
3.377771042165224986e-05
3.379722387805099410e-05
3.381673733444974511e-05
3.383625079084849613e-05
3.385576424724724714e-05
3.387527770364599816e-05
3.389479116004474917e-05
3.391430461644350018e-05
3.393381807284225120e-05
3.395333152924099544e-05
3.397284498563974645e-05
3.399235844203849746e-05
3.401187189843724848e-05
3.401799552724230373e-05
3.401072932845366321e-05
3.400346312966502269e-05
3.399619693087637540e-05
3.398893073208773488e-05
3.398166453329909436e-05
3.397439833451045384e-05
3.396713213572181332e-05
3.395986593693316603e-05
3.395259973814452551e-05
3.394533353935588499e-05
3.393806734056724447e-05
3.393080114177860396e-05
3.392353494298996344e-05
3.391626874420131614e-05
3.390900254541267563e-05
3.390173634662403511e-05
3.389598184892857657e-05
3.389173905232630680e-05
3.388749625572403702e-05
3.388325345912176725e-05
3.387901066251949747e-05
3.387476786591722770e-05
3.387052506931495792e-05
3.386628227271268815e-05
3.386203947611041837e-05
3.385779667950814182e-05
3.385355388290587204e-05
3.384931108630360227e-05
3.384506828970133249e-05
3.384082549309906272e-05
3.383658269649679294e-05
3.383233989989452317e-05
3.382809710329225339e-05
3.383140981345658898e-05
3.384227803038754350e-05
3.385314624731849124e-05
3.386401446424944575e-05
3.387488268118039349e-05
3.388575089811134800e-05
3.389661911504230252e-05
3.390748733197325026e-05
3.391835554890420477e-05
3.392922376583515251e-05
3.394009198276610702e-05
3.395096019969705476e-05
3.396182841662800928e-05
3.397269663355895701e-05
3.398356485048991153e-05
3.399443306742085927e-05
3.400530128435181378e-05
3.400214547242791076e-05
3.399898966050400096e-05
3.399583384858009794e-05
3.399267803665619492e-05
3.398952222473228512e-05
3.398636641280838210e-05
3.398321060088447908e-05
3.398005478896057606e-05
3.397689897703666626e-05
3.397374316511276324e-05
3.397058735318886022e-05
3.396743154126495042e-05
3.396427572934104740e-05
3.396111991741714438e-05
3.395796410549323458e-05
3.395480829356933156e-05
3.395110869931082423e-05
3.394686532271770581e-05
3.394262194612458739e-05
3.393837856953147575e-05
3.393413519293835733e-05
3.392989181634523891e-05
3.392564843975212727e-05
3.392140506315900885e-05
3.391716168656589044e-05
3.391291830997277879e-05
3.390867493337966038e-05
3.390443155678654873e-05
3.390018818019343032e-05
3.389594480360031190e-05
3.389170142700720026e-05
3.388745805041408184e-05
3.388321467382096342e-05
3.388197838636141236e-05
3.388374918803543543e-05
3.388551998970944495e-05
3.388729079138346801e-05
3.388906159305747753e-05
3.389083239473150060e-05
3.389260319640551012e-05
3.389437399807953318e-05
3.389614479975354270e-05
3.389791560142756577e-05
3.389968640310157529e-05
3.390145720477559836e-05
3.390322800644960787e-05
3.390499880812363094e-05
3.390676960979764046e-05
3.390854041147166353e-05
3.391031121314567304e-05
3.391470193953746129e-05
3.392171259064702150e-05
3.392872324175658170e-05
3.393573389286614191e-05
3.394274454397570211e-05
3.394975519508526231e-05
3.395676584619482252e-05
3.396377649730438272e-05
3.397078714841394293e-05
3.397779779952350313e-05
3.398480845063306334e-05
3.399181910174261677e-05
3.399882975285217697e-05
3.400584040396173718e-05
3.401285105507129738e-05
3.401986170618085759e-05
3.402687235729041779e-05
3.401098025698823300e-05
3.399508815668604822e-05
3.397919605638386343e-05
3.396330395608168542e-05
3.394741185577950063e-05
3.393151975547731584e-05
3.391562765517513106e-05
3.389973555487294627e-05
3.388384345457076148e-05
3.386795135426858347e-05
3.385205925396639868e-05
3.383616715366421390e-05
3.382027505336202911e-05
3.380438295305984432e-05
3.378849085275765953e-05
3.377259875245547475e-05
3.377268791159871857e-05
3.378875833018739100e-05
3.380482874877605666e-05
3.382089916736472231e-05
3.383696958595339474e-05
3.385304000454206040e-05
3.386911042313073283e-05
3.388518084171939849e-05
3.390125126030806414e-05
3.391732167889673657e-05
3.393339209748540223e-05
3.394946251607407466e-05
3.396553293466274032e-05
3.398160335325141275e-05
3.399767377184007841e-05
3.401374419042874406e-05
3.402981460901741649e-05
3.404072343863277653e-05
3.404647067927482417e-05
3.405221791991687181e-05
3.405796516055892623e-05
3.406371240120097387e-05
3.406945964184302829e-05
3.407520688248507593e-05
3.408095412312712357e-05
3.408670136376917799e-05
3.409244860441122563e-05
3.409819584505328004e-05
3.410394308569532769e-05
3.410969032633737533e-05
3.411543756697942974e-05
3.412118480762147739e-05
3.412693204826353180e-05
3.413267928890557944e-05
3.415730726332766082e-05
3.418193523774974219e-05
3.420656321217183034e-05
3.423119118659391171e-05
3.425581916101599309e-05
3.428044713543807446e-05
3.430507510986015584e-05
3.432970308428223721e-05
3.435433105870432536e-05
3.437895903312640673e-05
3.440358700754848811e-05
3.442821498197056948e-05
3.445284295639265085e-05
3.447747093081473900e-05
3.450209890523682038e-05
3.452672687965890175e-05
3.453874760933491300e-05
3.453816109426486089e-05
3.453757457919480201e-05
3.453698806412474991e-05
3.453640154905469103e-05
3.453581503398463892e-05
3.453522851891458004e-05
3.453464200384452794e-05
3.453405548877446906e-05
3.453346897370441018e-05
3.453288245863435807e-05
3.453229594356429919e-05
3.453170942849424709e-05
3.453112291342418821e-05
3.453053639835413610e-05
3.452994988328407722e-05
3.452936336821402512e-05
3.454102329595264403e-05
3.456492966649993395e-05
3.458883603704722388e-05
3.461274240759451380e-05
3.463664877814181051e-05
3.466055514868910043e-05
3.468446151923639036e-05
3.470836788978368028e-05
3.473227426033097698e-05
3.475618063087826691e-05
3.478008700142555683e-05
3.480399337197284676e-05
3.482789974252013668e-05
3.485180611306743339e-05
3.487571248361472331e-05
3.489961885416201324e-05
3.492352522470930316e-05
3.494525803693877218e-05
3.496481729085040673e-05
3.498437654476204128e-05
3.500393579867367583e-05
3.502349505258531038e-05
3.504305430649694492e-05
3.506261356040857947e-05
3.508217281432021402e-05
3.510173206823184857e-05
3.512129132214348312e-05
3.514085057605511767e-05
3.516040982996675222e-05
3.517996908387838677e-05
3.519952833779002132e-05
3.521908759170165587e-05
3.523864684561329042e-05
3.525820609952492497e-05
3.525024576195083211e-05
3.524228542437673247e-05
3.523432508680263961e-05
3.522636474922853997e-05
3.521840441165444710e-05
3.521044407408034746e-05
3.520248373650625460e-05
3.519452339893215496e-05
3.518656306135806210e-05
3.517860272378396246e-05
3.517064238620986959e-05
3.516268204863577673e-05
3.515472171106167709e-05
3.514676137348758423e-05
3.513880103591348459e-05
3.513084069833939172e-05
3.513419858653236993e-05
3.514887470049242598e-05
3.516355081445248203e-05
3.517822692841253809e-05
3.519290304237259414e-05
3.520757915633265019e-05
3.522225527029270624e-05
3.523693138425276229e-05
3.525160749821281835e-05
3.526628361217287440e-05
3.528095972613293045e-05
3.529563584009298650e-05
3.531031195405304256e-05
3.532498806801309861e-05
3.533966418197315466e-05
3.535434029593321071e-05
3.536901640989326676e-05
3.538414628752455950e-05
3.539972992882709570e-05
3.541531357012962512e-05
3.543089721143215454e-05
3.544648085273469074e-05
3.546206449403722016e-05
3.547764813533974958e-05
3.549323177664228578e-05
3.550881541794481520e-05
3.552439905924734462e-05
3.553998270054988082e-05
3.555556634185241024e-05
3.557114998315494644e-05
3.558673362445747586e-05
3.560231726576000528e-05
3.561790090706254148e-05
3.563348454836507090e-05
3.563959378793361973e-05
3.564570302750217533e-05
3.565181226707072416e-05
3.565792150663927299e-05
3.566403074620782859e-05
3.567013998577637742e-05
3.567624922534493303e-05
3.568235846491348186e-05
3.568846770448203068e-05
3.569457694405058629e-05
3.570068618361913512e-05
3.570679542318768395e-05
3.571290466275623955e-05
3.571901390232478838e-05
3.572512314189333721e-05
3.573123238146189281e-05
3.573508456650578496e-05
3.573667969702502042e-05
3.573827482754425588e-05
3.573986995806348457e-05
3.574146508858272003e-05
3.574306021910195549e-05
3.574465534962119095e-05
3.574625048014042642e-05
3.574784561065965510e-05
3.574944074117889056e-05
3.575103587169812603e-05
3.575263100221736149e-05
3.575422613273659695e-05
3.575582126325583241e-05
3.575741639377506110e-05
3.575901152429429656e-05
3.576060665481353202e-05
3.576537775646899622e-05
3.577332482926069593e-05
3.578127190205238886e-05
3.578921897484408857e-05
3.579716604763578827e-05
3.580511312042748120e-05
3.581306019321918091e-05
3.582100726601087384e-05
3.582895433880257355e-05
3.583690141159427326e-05
3.584484848438596619e-05
3.585279555717766590e-05
3.586074262996935883e-05
3.586868970276105853e-05
3.587663677555275824e-05
3.588458384834445117e-05
3.589253092113615088e-05
3.588408566377624748e-05
3.585924807626474098e-05
3.583441048875324125e-05
3.580957290124174152e-05
3.578473531373023501e-05
3.575989772621873528e-05
3.573506013870723555e-05
3.571022255119572905e-05
3.568538496368422932e-05
3.566054737617272959e-05
3.563570978866122308e-05
3.561087220114972335e-05
3.558603461363821685e-05
3.556119702612671712e-05
3.553635943861521739e-05
3.551152185110371089e-05
3.548668426359221116e-05
3.546761877818685633e-05
3.544855329278149474e-05
3.542948780737613992e-05
3.541042232197078509e-05
3.539135683656543027e-05
3.537229135116006868e-05
3.535322586575471385e-05
3.533416038034935903e-05
3.531509489494400421e-05
3.529602940953864261e-05
3.527696392413328779e-05
3.525789843872793297e-05
3.523883295332257137e-05
3.521976746791721655e-05
3.520070198251186173e-05
3.518163649710650691e-05
3.517373690548858509e-05
3.517700320765809627e-05
3.518026950982760745e-05
3.518353581199711863e-05
3.518680211416662981e-05
3.519006841633614098e-05
3.519333471850565216e-05
3.519660102067516334e-05
3.519986732284467452e-05
3.520313362501418570e-05
3.520639992718369688e-05
3.520966622935320806e-05
3.521293253152271924e-05
3.521619883369223042e-05
3.521946513586174160e-05
3.522273143803125278e-05
3.522599774020076396e-05
3.522382624424205629e-05
3.521621695015512976e-05
3.520860765606819646e-05
3.520099836198126994e-05
3.519338906789433664e-05
3.518577977380741011e-05
3.517817047972048359e-05
3.517056118563355029e-05
3.516295189154662376e-05
3.515534259745969046e-05
3.514773330337276394e-05
3.514012400928583063e-05
3.513251471519890411e-05
3.512490542111197081e-05
3.511729612702504428e-05
3.510968683293811098e-05
3.510207753885118446e-05
3.511286003615513831e-05
3.512364253345909217e-05
3.513442503076303925e-05
3.514520752806699310e-05
3.515599002537094696e-05
3.516677252267490082e-05
3.517755501997884789e-05
3.518833751728280175e-05
3.519912001458675561e-05
3.520990251189070946e-05
3.522068500919465654e-05
3.523146750649861040e-05
3.524225000380256425e-05
3.525303250110651811e-05
3.526381499841046519e-05
3.527459749571441904e-05
3.527637868834393318e-05
3.526915857629900081e-05
3.526193846425406845e-05
3.525471835220913609e-05
3.524749824016421050e-05
3.524027812811927814e-05
3.523305801607434578e-05
3.522583790402941342e-05
3.521861779198448106e-05
3.521139767993955547e-05
3.520417756789462311e-05
3.519695745584969075e-05
3.518973734380475838e-05
3.518251723175983280e-05
3.517529711971490044e-05
3.516807700766996807e-05
3.516085689562503571e-05
3.515564322648702535e-05
3.515243600025593699e-05
3.514922877402484864e-05
3.514602154779375350e-05
3.514281432156266514e-05
3.513960709533157678e-05
3.513639986910048842e-05
3.513319264286939329e-05
3.512998541663830493e-05
3.512677819040721657e-05
3.512357096417612144e-05
3.512036373794503308e-05
3.511715651171394472e-05
3.511394928548285636e-05
3.511074205925176123e-05
3.510753483302067287e-05
3.510432760678958451e-05
3.510561664273400298e-05
3.511140194085392828e-05
3.511718723897385358e-05
3.512297253709378565e-05
3.512875783521371095e-05
3.513454313333363625e-05
3.514032843145356832e-05
3.514611372957349362e-05
3.515189902769341892e-05
3.515768432581335099e-05
3.516346962393327629e-05
3.516925492205320159e-05
3.517504022017313366e-05
3.518082551829305896e-05
3.518661081641298426e-05
3.519239611453291633e-05
3.519818141265284163e-05
3.519306647207091671e-05
3.518795153148899856e-05
3.518283659090707364e-05
3.517772165032515550e-05
3.517260670974323058e-05
3.516749176916131244e-05
3.516237682857938752e-05
3.515726188799746937e-05
3.515214694741554445e-05
3.514703200683362631e-05
3.514191706625170139e-05
3.513680212566978325e-05
3.513168718508785833e-05
3.512657224450594018e-05
3.512145730392401526e-05
3.511634236334209712e-05
3.511360849261146235e-05
3.511325569173211095e-05
3.511290289085276632e-05
3.511255008997341492e-05
3.511219728909407029e-05
3.511184448821471889e-05
3.511149168733537426e-05
3.511113888645602286e-05
3.511078608557667823e-05
3.511043328469733361e-05
3.511008048381798221e-05
3.510972768293863758e-05
3.510937488205928618e-05
3.510902208117994155e-05
3.510866928030059015e-05
3.510831647942124552e-05
3.510796367854189412e-05
3.510609974785088109e-05
3.510272468734819287e-05
3.509934962684550466e-05
3.509597456634282322e-05
3.509259950584013501e-05
3.508922444533744679e-05
3.508584938483475858e-05
3.508247432433207714e-05
3.507909926382938892e-05
3.507572420332670071e-05
3.507234914282401927e-05
3.506897408232133106e-05
3.506559902181864284e-05
3.506222396131595463e-05
3.505884890081327319e-05
3.505547384031058498e-05
3.505209877980789676e-05
0.000000000000000000e+00
0.000000000000000000e+00
0.000000000000000000e+00
0.000000000000000000e+00
0.000000000000000000e+00
0.000000000000000000e+00
0.000000000000000000e+00
0.000000000000000000e+00
