0.000000000000000000e+00
0.000000000000000000e+00
0.000000000000000000e+00
0.000000000000000000e+00
0.000000000000000000e+00
0.000000000000000000e+00
0.000000000000000000e+00
0.000000000000000000e+00
0.000000000000000000e+00
0.000000000000000000e+00
1.197911221015437246e-35
1.202660045324926295e-35
1.207408869634415343e-35
1.212157693943904526e-35
1.216906518253393441e-35
1.221655342562882623e-35
1.226404166872371538e-35
1.231152991181860720e-35
1.235901815491349635e-35
1.240650639800838818e-35
1.245399464110327733e-35
1.250148288419816915e-35
1.254897112729306097e-35
1.259645937038795012e-35
1.264394761348284195e-35
1.269143585657773110e-35
1.273892409967262292e-35
1.326777169528676647e-35
1.427797864342016442e-35
1.528818559155356504e-35
1.629839253968696299e-35
1.730859948782036361e-35
1.831880643595376156e-35
1.932901338408715951e-35
2.033922033222056013e-35
2.134942728035395808e-35
2.235963422848735871e-35
2.336984117662075666e-35
2.438004812475415461e-35
2.539025507288755256e-35
2.640046202102095051e-35
2.741066896915434846e-35
2.842087591728775175e-35
2.943108286542114970e-35
3.591344505098156985e-35
4.786796247396901754e-35
5.982247989695647059e-35
7.177699731994391293e-35
8.373151474293135528e-35
9.568603216591880832e-35
1.076405495889062614e-34
1.195950670118936930e-34
1.315495844348811461e-34
1.435041018578685991e-34
1.554586192808560308e-34
1.674131367038434838e-34
1.793676541268309368e-34
1.913221715498183685e-34
2.032766889728058002e-34
2.152312063957932746e-34
2.271857238187807062e-34
5.081207256141355169e-08
1.016241451228271034e-07
1.524362176842406485e-07
2.032482902456542068e-07
2.540603628070677386e-07
3.048724353684812969e-07
3.556845079298948552e-07
4.064965804913084135e-07
4.573086530527219718e-07
5.081207256141354772e-07
5.589327981755490885e-07
6.097448707369625938e-07
6.605569432983762051e-07
7.113690158597897104e-07
7.621810884212033217e-07
8.129931609826168271e-07
2.092079358318232939e-04
6.259470091009432680e-04
1.042686082370063161e-03
1.459425155639183054e-03
1.876164228908303163e-03
2.292903302177423056e-03
2.709642375446543166e-03
3.126381448715662842e-03
3.543120521984782952e-03
3.959859595253903061e-03
4.376598668523023171e-03
4.793337741792142413e-03
5.210076815061262523e-03
5.626815888330382633e-03
6.043554961599502742e-03
6.460294034868622852e-03
6.877033108137742094e-03
8.249887383485057096e-03
1.057885686091056612e-02
1.290782633833607515e-02
1.523679581576158418e-02
1.756576529318709320e-02
1.989473477061260223e-02
2.222370424803811126e-02
2.455267372546362029e-02
2.688164320288912931e-02
2.921061268031463834e-02
3.153958215774015084e-02
3.386855163516565292e-02
3.619752111259116889e-02
3.852649059001667792e-02
4.085546006744218001e-02
4.318442954486769597e-02
4.551339902229319806e-02
4.864445947339585824e-02
5.257761089817566957e-02
5.651076232295548091e-02
6.044391374773529224e-02
6.437706517251509664e-02
6.831021659729491491e-02
7.224336802207471930e-02
7.617651944685453758e-02
8.010967087163434197e-02
8.404282229641416024e-02
8.797597372119396464e-02
9.190912514597376903e-02
9.584227657075358731e-02
9.977542799553340558e-02
1.037085794203132100e-01
1.076417308450930144e-01
1.115748822698728326e-01
1.127699238908092955e-01
1.139649655117457722e-01
1.151600071326822350e-01
1.163550487536186978e-01
1.175500903745551606e-01
1.187451319954916373e-01
1.199401736164281002e-01
1.211352152373645630e-01
1.223302568583010258e-01
1.235252984792375025e-01
1.247203401001739653e-01
1.259153817211104420e-01
1.271104233420468910e-01
1.283054649629833677e-01
1.295005065839198166e-01
1.306955482048562933e-01
1.314013400356732475e-01
1.316178820763707069e-01
1.318344241170681663e-01
1.320509661577656257e-01
1.322675081984630852e-01
1.324840502391605446e-01
1.327005922798580040e-01
1.329171343205554634e-01
1.331336763612529228e-01
1.333502184019503822e-01
1.335667604426478416e-01
1.337833024833453011e-01
1.339998445240427605e-01
1.342163865647402199e-01
1.344329286054376793e-01
1.346494706461351387e-01
1.348660126868325981e-01
1.348866060216942775e-01
1.347112506507202323e-01
1.345358952797461871e-01
1.343605399087721419e-01
1.341851845377980690e-01
1.340098291668240238e-01
1.338344737958499786e-01
1.336591184248759057e-01
1.334837630539018605e-01
1.333084076829278153e-01
1.331330523119537701e-01
1.329576969409796972e-01
1.327823415700056520e-01
1.326069861990316068e-01
1.324316308280575616e-01
1.322562754570834886e-01
1.320809200861094435e-01
1.305150111696149473e-01
1.289491022531204512e-01
1.273831933366259828e-01
1.258172844201314866e-01
1.242513755036369905e-01
1.226854665871425082e-01
1.211195576706480120e-01
1.195536487541535298e-01
1.179877398376590336e-01
1.164218309211645513e-01
1.148559220046700552e-01
1.132900130881755729e-01
1.117241041716810768e-01
1.101581952551865945e-01
1.085922863386920983e-01
1.070263774221976161e-01
1.056620745567331543e-01
1.044993777422987408e-01
1.033366809278643134e-01
1.021739841134298860e-01
1.010112872989954724e-01
9.984859048456104502e-02
9.868589367012661762e-02
9.752319685569220409e-02
9.636050004125777668e-02
9.519780322682334928e-02
9.403510641238893575e-02
9.287240959795450834e-02
9.170971278352008094e-02
9.054701596908566741e-02
8.938431915465124000e-02
8.822162234021682647e-02
8.705892552578239907e-02
8.602252220565036189e-02
8.511241237982070107e-02
8.420230255399105412e-02
8.329219272816140718e-02
8.238208290233174635e-02
8.147197307650209941e-02
8.056186325067243859e-02
7.965175342484279164e-02
7.874164359901314469e-02
7.783153377318348387e-02
7.692142394735383693e-02
7.601131412152417610e-02
7.510120429569452916e-02
7.419109446986486833e-02
7.328098464403522139e-02
7.237087481820557444e-02
7.146076499237591362e-02
7.058576887283396495e-02
6.974588645957970068e-02
6.890600404632543641e-02
6.806612163307117214e-02
6.722623921981690787e-02
6.638635680656264360e-02
6.554647439330837932e-02
6.470659198005411505e-02
6.386670956679985078e-02
6.302682715354558651e-02
6.218694474029132224e-02
6.134706232703705797e-02
6.050717991378279370e-02
5.966729750052853637e-02
5.882741508727427210e-02
5.798753267402000783e-02
5.714765026076574356e-02
5.651252460376621906e-02
5.587739894676669455e-02
5.524227328976717699e-02
5.460714763276765249e-02
5.397202197576812799e-02
5.333689631876860349e-02
5.270177066176907898e-02
5.206664500476955448e-02
5.143151934777003692e-02
5.079639369077051242e-02
5.016126803377098792e-02
4.952614237677146342e-02
4.889101671977194585e-02
4.825589106277242135e-02
4.762076540577289685e-02
4.698563974877337235e-02
4.644987598490696312e-02
4.601347411417367611e-02
4.557707224344038216e-02
4.514067037270709515e-02
4.470426850197380814e-02
4.426786663124051419e-02
4.383146476050722717e-02
4.339506288977393322e-02
4.295866101904064621e-02
4.252225914830735920e-02
4.208585727757406525e-02
4.164945540684077824e-02
4.121305353610748429e-02
4.077665166537419728e-02
4.034024979464090332e-02
3.990384792390761631e-02
3.946744605317432930e-02
3.905993834422804428e-02
3.868132479706876820e-02
3.830271124990949211e-02
3.792409770275021602e-02
3.754548415559093993e-02
3.716687060843166385e-02
3.678825706127238776e-02
3.640964351411310473e-02
3.603102996695382865e-02
3.565241641979455256e-02
3.527380287263527647e-02
3.489518932547600039e-02
3.451657577831672430e-02
3.413796223115744821e-02
3.375934868399817212e-02
3.338073513683889604e-02
3.300212158967961995e-02
3.262506661931226237e-02
3.224801164894491173e-02
3.187095667857755416e-02
3.149390170821019658e-02
3.111684673784284594e-02
3.073979176747548836e-02
3.036273679710813425e-02
2.998568182674078014e-02
2.960862685637342603e-02
2.923157188600606846e-02
2.885451691563871435e-02
2.847746194527136024e-02
2.810040697490400613e-02
2.772335200453664855e-02
2.734629703416929444e-02
2.696924206380194033e-02
2.667070825892221136e-02
2.645069561953011100e-02
2.623068298013801064e-02
2.601067034074591028e-02
2.579065770135380992e-02
2.557064506196170955e-02
2.535063242256960919e-02
2.513061978317750883e-02
2.491060714378540847e-02
2.469059450439330811e-02
2.447058186500120774e-02
2.425056922560910738e-02
2.403055658621700702e-02
2.381054394682490666e-02
2.359053130743280630e-02
2.337051866804070593e-02
2.315050602864860557e-02
2.293107398156200502e-02
2.271222252678090081e-02
2.249337107199980007e-02
2.227451961721869586e-02
2.205566816243759512e-02
2.183681670765649091e-02
2.161796525287539017e-02
2.139911379809428596e-02
2.118026234331318175e-02
2.096141088853208101e-02
2.074255943375097680e-02
2.052370797896987606e-02
2.030485652418877185e-02
2.008600506940767111e-02
1.986715361462656690e-02
1.964830215984546616e-02
1.942945070506436195e-02
1.923124277047600500e-02
1.905367835608039184e-02
1.887611394168477869e-02
1.869854952728916553e-02
1.852098511289355237e-02
1.834342069849793921e-02
1.816585628410232606e-02
1.798829186970671290e-02
1.781072745531109974e-02
1.763316304091548659e-02
1.745559862651987343e-02
1.727803421212426027e-02
1.710046979772864711e-02
1.692290538333303396e-02
1.674534096893742080e-02
1.656777655454180764e-02
1.639021214014619449e-02
1.622166870795904367e-02
1.605312527577189285e-02
1.588458184358474551e-02
1.571603841139759469e-02
1.554749497921044388e-02
1.537895154702329306e-02
1.521040811483614225e-02
1.504186468264899317e-02
1.487332125046184235e-02
1.470477781827469327e-02
1.453623438608754245e-02
1.436769095390039164e-02
1.419914752171324256e-02
1.403060408952609174e-02
1.386206065733894266e-02
1.369351722515179184e-02
1.354675594684648376e-02
1.342177682242301842e-02
1.329679769799955481e-02
1.317181857357608947e-02
1.304683944915262413e-02
1.292186032472915878e-02
1.279688120030569518e-02
1.267190207588222983e-02
1.254692295145876449e-02
1.242194382703529915e-02
1.229696470261183380e-02
1.217198557818837019e-02
1.204700645376490485e-02
1.192202732934143951e-02
1.179704820491797417e-02
1.167206908049451056e-02
1.154708995607104521e-02
1.143765407962918368e-02
1.134376145116892422e-02
1.124986882270866649e-02
1.115597619424840703e-02
1.106208356578814930e-02
1.096819093732788984e-02
1.087429830886763212e-02
1.078040568040737265e-02
1.068651305194711493e-02
1.059262042348685547e-02
1.049872779502659774e-02
1.040483516656633828e-02
1.031094253810608055e-02
1.021704990964582282e-02
1.012315728118556336e-02
1.002926465272530390e-02
9.935372024265046176e-03
9.866874134583494826e-03
9.798376244901943477e-03
9.729878355220392128e-03
9.661380465538840778e-03
9.592882575857289429e-03
9.524384686175738080e-03
9.455886796494186730e-03
9.387388906812635381e-03
9.318891017131084031e-03
9.250393127449532682e-03
9.181895237767981333e-03
9.113397348086429983e-03
9.044899458404878634e-03
8.976401568723327284e-03
8.907903679041775935e-03
8.839405789360224586e-03
8.765320444096273700e-03
8.685647643249925012e-03
8.605974842403576325e-03
8.526302041557227637e-03
8.446629240710878950e-03
8.366956439864530262e-03
8.287283639018181575e-03
8.207610838171832887e-03
8.127938037325484200e-03
8.048265236479133777e-03
7.968592435632785090e-03
7.888919634786436402e-03
7.809246833940087715e-03
7.729574033093739027e-03
7.649901232247390340e-03
7.570228431401040785e-03
7.490555630554692097e-03
7.429445170628806022e-03
7.386897051623382560e-03
7.344348932617959097e-03
7.301800813612534767e-03
7.259252694607111304e-03
7.216704575601687842e-03
7.174156456596264379e-03
7.131608337590840917e-03
7.089060218585416587e-03
7.046512099579993124e-03
7.003963980574569662e-03
6.961415861569146199e-03
6.918867742563722736e-03
6.876319623558299274e-03
6.833771504552874944e-03
6.791223385547451481e-03
6.748675266542028019e-03
6.700303569899115214e-03
6.646108295618713933e-03
6.591913021338312653e-03
6.537717747057910506e-03
6.483522472777509225e-03
6.429327198497107078e-03
6.375131924216705798e-03
6.320936649936304517e-03
6.266741375655902370e-03
6.212546101375501090e-03
6.158350827095098942e-03
6.104155552814697662e-03
6.049960278534296382e-03
5.995765004253894234e-03
5.941569729973492954e-03
5.887374455693091674e-03
5.833179181412689526e-03
5.789649227028628546e-03
5.746119272644567566e-03
5.702589318260506586e-03
5.659059363876446473e-03
5.615529409492385493e-03
5.571999455108324513e-03
5.528469500724263533e-03
5.484939546340202553e-03
5.441409591956141573e-03
5.397879637572081460e-03
5.354349683188020480e-03
5.310819728803959500e-03
5.267289774419898520e-03
5.223759820035837539e-03
5.180229865651776559e-03
5.136699911267715579e-03
5.102022655318963484e-03
5.076198097805520275e-03
5.050373540292076198e-03
5.024548982778632121e-03
4.998724425265188911e-03
4.972899867751744835e-03
4.947075310238300758e-03
4.921250752724857548e-03
4.895426195211413471e-03
4.869601637697969394e-03
4.843777080184526185e-03
4.817952522671082108e-03
4.792127965157638031e-03
4.766303407644194821e-03
4.740478850130750745e-03
4.714654292617306668e-03
4.688829735103863458e-03
4.660286312192066065e-03
4.629024023881915355e-03
4.597761735571765512e-03
4.566499447261614802e-03
4.535237158951464093e-03
4.503974870641313383e-03
4.472712582331163540e-03
4.441450294021012830e-03
4.410188005710862121e-03
4.378925717400711411e-03
4.347663429090560701e-03
4.316401140780410858e-03
4.285138852470260148e-03
4.253876564160109439e-03
4.222614275849958729e-03
4.191351987539808886e-03
4.160089699229658176e-03
4.129871278894184025e-03
4.100696726533387300e-03
4.071522174172589707e-03
4.042347621811792982e-03
4.013173069450995389e-03
3.983998517090198664e-03
3.954823964729401939e-03
3.925649412368604346e-03
3.896474860007807187e-03
3.867300307647010028e-03
3.838125755286213303e-03
3.808951202925416144e-03
3.779776650564618985e-03
3.750602098203821826e-03
3.721427545843024667e-03
3.692252993482227508e-03
3.663078441121430349e-03
3.639393984535414014e-03
3.615709527949397244e-03
3.592025071363380909e-03
3.568340614777364573e-03
3.544656158191348237e-03
3.520971701605331468e-03
3.497287245019315132e-03
3.473602788433298796e-03
3.449918331847282461e-03
3.426233875261265691e-03
3.402549418675249356e-03
3.378864962089233020e-03
3.355180505503216684e-03
3.331496048917199915e-03
3.307811592331183579e-03
3.284127135745167243e-03
3.265122759942829661e-03
3.250798464924171700e-03
3.236474169905513738e-03
3.222149874886855777e-03
3.207825579868197816e-03
3.193501284849539854e-03
3.179176989830881893e-03
3.164852694812223931e-03
3.150528399793565970e-03
3.136204104774908009e-03
3.121879809756250047e-03
3.107555514737592086e-03
3.093231219718934125e-03
3.078906924700276163e-03
3.064582629681618202e-03
3.050258334662960241e-03
3.035934039644302279e-03
3.019459924779052760e-03
3.000835990067211682e-03
2.982212055355371039e-03
2.963588120643529961e-03
2.944964185931689318e-03
2.926340251219848240e-03
2.907716316508007163e-03
2.889092381796166519e-03
2.870468447084325442e-03
2.851844512372484798e-03
2.833220577660643721e-03
2.814596642948803077e-03
2.795972708236962000e-03
2.777348773525121356e-03
2.758724838813280279e-03
2.740100904101439201e-03
2.721476969389598558e-03
2.709076699587572266e-03
2.696676429785545975e-03
2.684276159983519684e-03
2.671875890181493393e-03
2.659475620379466668e-03
2.647075350577440377e-03
2.634675080775414086e-03
2.622274810973387795e-03
2.609874541171361504e-03
2.597474271369335213e-03
2.585074001567308922e-03
2.572673731765282631e-03
2.560273461963255906e-03
2.547873192161229615e-03
2.535472922359203324e-03
2.523072652557177033e-03
2.508956874422649860e-03
2.493125587955621805e-03
2.477294301488593749e-03
2.461463015021565694e-03
2.445631728554537639e-03
2.429800442087509584e-03
2.413969155620481529e-03
2.398137869153453474e-03
2.382306582686425853e-03
2.366475296219397798e-03
2.350644009752369742e-03
2.334812723285341687e-03
2.318981436818313632e-03
2.303150150351285577e-03
2.287318863884257522e-03
2.271487577417229467e-03
2.255656290950201412e-03
2.241512151054823789e-03
2.229055157731096165e-03
2.216598164407368975e-03
2.204141171083641784e-03
2.191684177759914160e-03
2.179227184436186970e-03
2.166770191112459779e-03
2.154313197788732155e-03
2.141856204465004965e-03
2.129399211141277774e-03
2.116942217817550150e-03
2.104485224493822960e-03
2.092028231170095769e-03
2.079571237846368145e-03
2.067114244522640955e-03
2.054657251198913764e-03
2.042200257875186140e-03
2.030632601448331773e-03
2.019954281918350664e-03
2.009275962388369120e-03
1.998597642858388011e-03
1.987919323328406901e-03
1.977241003798425358e-03
1.966562684268444248e-03
1.955884364738462704e-03
1.945206045208481595e-03
1.934527725678500268e-03
1.923849406148518942e-03
1.913171086618537615e-03
1.902492767088556289e-03
1.891814447558575179e-03
1.881136128028593852e-03
1.870457808498612526e-03
1.859779488968631199e-03
1.852535501880749839e-03
1.845291514792868261e-03
1.838047527704986901e-03
1.830803540617105540e-03
1.823559553529224180e-03
1.816315566441342602e-03
1.809071579353461242e-03
1.801827592265579881e-03
1.794583605177698521e-03
1.787339618089816944e-03
1.780095631001935583e-03
1.772851643914054223e-03
1.765607656826172645e-03
1.758363669738291285e-03
1.751119682650409924e-03
1.743875695562528564e-03
1.737548111544097310e-03
1.732136930595116380e-03
1.726725749646135450e-03
1.721314568697154303e-03
1.715903387748173373e-03
1.710492206799192443e-03
1.705081025850211512e-03
1.699669844901230582e-03
1.694258663952249652e-03
1.688847483003268505e-03
1.683436302054287575e-03
1.678025121105306645e-03
1.672613940156325715e-03
1.667202759207344785e-03
1.661791578258363638e-03
1.656380397309382708e-03
1.650969216360401778e-03
1.644552845968812443e-03
1.637131286134614920e-03
1.629709726300417180e-03
1.622288166466219657e-03
1.614866606632021917e-03
1.607445046797824394e-03
1.600023486963626654e-03
1.592601927129429131e-03
1.585180367295231391e-03
1.577758807461033868e-03
1.570337247626836128e-03
1.562915687792638605e-03
1.555494127958440866e-03
1.548072568124243343e-03
1.540651008290045603e-03
1.533229448455848080e-03
1.525807888621650340e-03
1.519065649864513329e-03
1.512323411107376319e-03
1.505581172350239525e-03
1.498838933593102515e-03
1.492096694835965505e-03
1.485354456078828494e-03
1.478612217321691701e-03
1.471869978564554690e-03
1.465127739807417680e-03
1.458385501050280669e-03
1.451643262293143876e-03
1.444901023536006865e-03
1.438158784778869855e-03
1.431416546021732844e-03
1.424674307264596051e-03
1.417932068507459040e-03
1.412707555872232817e-03
1.409000769358917382e-03
1.405293982845601947e-03
1.401587196332286294e-03
1.397880409818970859e-03
1.394173623305655424e-03
1.390466836792339988e-03
1.386760050279024553e-03
1.383053263765708901e-03
1.379346477252393465e-03
1.375639690739078030e-03
1.371932904225762594e-03
1.368226117712447159e-03
1.364519331199131724e-03
1.360812544685816071e-03
1.357105758172500636e-03
1.353398971659185200e-03
1.349084829127307787e-03
1.344163330576868612e-03
1.339241832026429220e-03
1.334320333475990045e-03
1.329398834925550653e-03
1.324477336375111478e-03
1.319555837824672086e-03
1.314634339274232695e-03
1.309712840723793520e-03
1.304791342173354128e-03
1.299869843622914953e-03
1.294948345072475561e-03
1.290026846522036386e-03
1.285105347971596994e-03
1.280183849421157819e-03
1.275262350870718427e-03
1.270340852320279252e-03
1.264244099136917297e-03
1.256972091320632994e-03
1.249700083504348474e-03
1.242428075688064171e-03
1.235156067871779652e-03
1.227884060055495349e-03
1.220612052239211046e-03
1.213340044422926527e-03
1.206068036606642224e-03
1.198796028790357704e-03
1.191524020974073401e-03
1.184252013157788882e-03
1.176980005341504579e-03
1.169707997525220059e-03
1.162435989708935757e-03
1.155163981892651237e-03
1.147891974076366934e-03
1.144104266292402796e-03
1.140316558508438658e-03
1.136528850724474521e-03
1.132741142940510383e-03
1.128953435156546028e-03
1.125165727372581890e-03
1.121378019588617752e-03
1.117590311804653614e-03
1.113802604020689476e-03
1.110014896236725338e-03
1.106227188452761200e-03
1.102439480668797062e-03
1.098651772884832708e-03
1.094864065100868570e-03
1.091076357316904432e-03
1.087288649532940294e-03
1.084003331884997399e-03
1.081220404373075747e-03
1.078437476861154095e-03
1.075654549349232660e-03
1.072871621837311008e-03
1.070088694325389356e-03
1.067305766813467704e-03
1.064522839301546052e-03
1.061739911789624617e-03
1.058956984277702965e-03
1.056174056765781313e-03
1.053391129253859661e-03
1.050608201741938010e-03
1.047825274230016358e-03
1.045042346718094923e-03
1.042259419206173271e-03
1.039476491694251619e-03
1.036072022031936032e-03
1.032046010219226512e-03
1.028019998406516991e-03
1.023993986593807254e-03
1.019967974781097733e-03
1.015941962968388212e-03
1.011915951155678691e-03
1.007889939342969171e-03
1.003863927530259433e-03
9.998379157175499125e-04
9.958119039048403918e-04
9.917858920921308712e-04
9.877598802794213505e-04
9.837338684667118298e-04
9.797078566540020923e-04
9.756818448412925716e-04
9.716558330285830509e-04
9.691516503259066427e-04
9.666474676232302346e-04
9.641432849205539349e-04
9.616391022178775267e-04
9.591349195152011186e-04
9.566307368125247105e-04
9.541265541098483023e-04
9.516223714071720026e-04
9.491181887044955945e-04
9.466140060018191863e-04
9.441098232991427782e-04
9.416056405964664784e-04
9.391014578937900703e-04
9.365972751911136622e-04
9.340930924884372540e-04
9.315889097857608459e-04
9.288229606869426950e-04
9.257952451919826929e-04
9.227675296970227993e-04
9.197398142020627972e-04
9.167120987071027951e-04
9.136843832121429015e-04
9.106566677171828994e-04
9.076289522222228973e-04
9.046012367272628953e-04
9.015735212323030016e-04
8.985458057373429995e-04
8.955180902423829975e-04
8.924903747474231038e-04
8.894626592524631017e-04
8.864349437575030997e-04
8.834072282625432060e-04
8.803795127675832040e-04
8.774626403830366062e-04
8.746566111089034128e-04
8.718505818347702194e-04
8.690445525606370260e-04
8.662385232865038327e-04
8.634324940123706393e-04
8.606264647382374459e-04
8.578204354641042525e-04
8.550144061899710591e-04
8.522083769158378657e-04
8.494023476417046723e-04
8.465963183675714789e-04
8.437902890934382855e-04
8.409842598193050921e-04
8.381782305451718987e-04
8.353722012710387054e-04
8.325661719969055120e-04
8.297711335260466456e-04
8.269870858584621063e-04
8.242030381908776755e-04
8.214189905232931362e-04
8.186349428557085969e-04
8.158508951881241660e-04
8.130668475205396267e-04
8.102827998529550874e-04
8.074987521853706565e-04
8.047147045177861172e-04
8.019306568502015779e-04
7.991466091826170386e-04
7.963625615150326078e-04
7.935785138474480685e-04
7.907944661798635292e-04
7.880104185122790983e-04
7.852263708446945590e-04
7.827075560060315794e-04
7.801887411673685997e-04
7.776699263287056201e-04
7.751511114900425320e-04
7.726322966513795524e-04
7.701134818127165728e-04
7.675946669740535931e-04
7.650758521353906135e-04
7.625570372967276338e-04
7.600382224580645458e-04
7.575194076194015661e-04
7.550005927807385865e-04
7.524817779420756069e-04
7.499629631034126272e-04
7.474441482647496476e-04
7.449253334260866680e-04
7.426400338633210333e-04
7.405882495764529606e-04
7.385364652895847794e-04
7.364846810027165982e-04
7.344328967158485254e-04
7.323811124289803442e-04
7.303293281421121630e-04
7.282775438552440903e-04
7.262257595683759091e-04
7.241739752815077279e-04
7.221221909946396551e-04
7.200704067077714739e-04
7.180186224209032927e-04
7.159668381340352199e-04
7.139150538471670387e-04
7.118632695602988576e-04
7.098114852734307848e-04
7.076142521525799218e-04
7.052715701977464854e-04
7.029288882429130490e-04
7.005862062880796126e-04
6.982435243332461763e-04
6.959008423784127399e-04
6.935581604235793035e-04
6.912154784687458671e-04
6.888727965139124308e-04
6.865301145590789944e-04
6.841874326042455580e-04
6.818447506494121216e-04
6.795020686945786852e-04
6.771593867397452489e-04
6.748167047849118125e-04
6.724740228300783761e-04
6.701313408752449397e-04
6.687408821175190284e-04
6.673504233597930086e-04
6.659599646020670973e-04
6.645695058443411860e-04
6.631790470866151662e-04
6.617885883288892549e-04
6.603981295711633436e-04
6.590076708134373238e-04
6.576172120557114125e-04
6.562267532979855012e-04
6.548362945402594814e-04
6.534458357825335701e-04
6.520553770248076588e-04
6.506649182670816390e-04
6.492744595093557277e-04
6.478840007516298164e-04
6.463456550844638802e-04
6.446594225078580275e-04
6.429731899312522833e-04
6.412869573546464306e-04
6.396007247780405780e-04
6.379144922014348337e-04
6.362282596248289811e-04
6.345420270482231284e-04
6.328557944716172758e-04
6.311695618950115315e-04
6.294833293184056789e-04
6.277970967417998262e-04
6.261108641651940820e-04
6.244246315885882293e-04
6.227383990119823767e-04
6.210521664353766324e-04
6.193659338587707798e-04
6.177927944596860090e-04
6.163327482381224286e-04
6.148727020165588482e-04
6.134126557949952678e-04
6.119526095734315789e-04
6.104925633518679985e-04
6.090325171303044181e-04
6.075724709087408377e-04
6.061124246871771488e-04
6.046523784656135684e-04
6.031923322440499880e-04
6.017322860224864076e-04
6.002722398009228272e-04
5.988121935793591383e-04
5.973521473577955579e-04
5.958921011362319775e-04
5.944320549146683971e-04
5.929733068296436180e-04
5.915158568811578572e-04
5.900584069326720964e-04
5.886009569841862271e-04
5.871435070357004663e-04
5.856860570872145970e-04
5.842286071387288362e-04
5.827711571902430754e-04
5.813137072417572061e-04
5.798562572932714453e-04
5.783988073447855760e-04
5.769413573962998152e-04
5.754839074478140543e-04
5.740264574993281851e-04
5.725690075508424242e-04
5.711115576023565550e-04
5.696541076538707941e-04
5.679205730764599544e-04
5.661870384990491147e-04
5.644535039216382749e-04
5.627199693442274352e-04
5.609864347668165954e-04
5.592529001894057557e-04
5.575193656119949159e-04
5.557858310345840762e-04
5.540522964571732364e-04
5.523187618797623967e-04
5.505852273023515570e-04
5.488516927249407172e-04
5.471181581475298775e-04
5.453846235701190377e-04
5.436510889927081980e-04
5.419175544152973582e-04
5.405034844291140223e-04
5.394088790341582985e-04
5.383142736392024664e-04
5.372196682442467426e-04
5.361250628492909105e-04
5.350304574543351867e-04
5.339358520593793546e-04
5.328412466644236309e-04
5.317466412694679071e-04
5.306520358745120750e-04
5.295574304795563512e-04
5.284628250846005191e-04
5.273682196896447953e-04
5.262736142946889632e-04
5.251790088997332394e-04
5.240844035047774073e-04
5.229897981098216835e-04
5.217586768636421624e-04
5.203910397662388438e-04
5.190234026688356336e-04
5.176557655714323150e-04
5.162881284740291048e-04
5.149204913766257862e-04
5.135528542792225761e-04
5.121852171818192575e-04
5.108175800844160473e-04
5.094499429870128372e-04
5.080823058896095186e-04
5.067146687922063084e-04
5.053470316948029898e-04
5.039793945973997796e-04
5.026117574999964610e-04
5.012441204025932509e-04
4.998764833051899323e-04
4.986255384334530331e-04
4.974912857873824449e-04
4.963570331413117483e-04
4.952227804952411602e-04
4.940885278491705720e-04
4.929542752030999838e-04
4.918200225570292872e-04
4.906857699109586990e-04
4.895515172648881108e-04
4.884172646188175227e-04
4.872830119727468803e-04
4.861487593266762379e-04
4.850145066806056497e-04
4.838802540345350073e-04
4.827460013884644192e-04
4.816117487423937768e-04
4.804774960963231886e-04
4.795296724350399647e-04
4.785818487737567408e-04
4.776340251124735711e-04
4.766862014511903472e-04
4.757383777899071233e-04
4.747905541286238994e-04
4.738427304673407297e-04
4.728949068060575057e-04
4.719470831447742818e-04
4.709992594834910579e-04
4.700514358222078882e-04
4.691036121609246643e-04
4.681557884996414404e-04
4.672079648383582165e-04
4.662601411770750468e-04
4.653123175157918229e-04
4.641706659332081228e-04
4.628351864293239466e-04
4.614997069254397704e-04
4.601642274215555941e-04
4.588287479176714179e-04
4.574932684137872417e-04
4.561577889099030655e-04
4.548223094060188892e-04
4.534868299021347672e-04
4.521513503982505910e-04
4.508158708943664147e-04
4.494803913904822385e-04
4.481449118865980623e-04
4.468094323827138861e-04
4.454739528788297098e-04
4.441384733749455336e-04
4.428029938710613574e-04
4.418746889429846160e-04
4.413535585907153096e-04
4.408324282384460031e-04
4.403112978861766424e-04
4.397901675339073359e-04
4.392690371816380295e-04
4.387479068293687230e-04
4.382267764770994166e-04
4.377056461248300559e-04
4.371845157725607494e-04
4.366633854202914430e-04
4.361422550680221365e-04
4.356211247157528300e-04
4.350999943634835236e-04
4.345788640112141629e-04
4.340577336589448564e-04
4.335366033066755500e-04
4.324275991755813686e-04
4.313185950444872415e-04
4.302095909133930602e-04
4.291005867822988789e-04
4.279915826512047518e-04
4.268825785201105704e-04
4.257735743890163891e-04
4.246645702579222620e-04
4.235555661268280807e-04
4.224465619957338994e-04
4.213375578646397722e-04
4.202285537335455909e-04
4.191195496024514096e-04
4.180105454713572825e-04
4.169015413402631012e-04
4.157925372091689198e-04
4.146899931034740087e-04
4.135939090231783677e-04
4.124978249428827267e-04
4.114017408625870857e-04
4.103056567822914447e-04
4.092095727019958037e-04
4.081134886217001627e-04
4.070174045414045217e-04
4.059213204611088806e-04
4.048252363808132396e-04
4.037291523005175986e-04
4.026330682202219576e-04
4.015369841399263166e-04
4.004409000596306756e-04
3.993448159793350346e-04
3.982487318990393936e-04
3.971526478187437526e-04
3.961836454956873220e-04
3.953417249298702102e-04
3.944998043640530984e-04
3.936578837982359865e-04
3.928159632324188747e-04
3.919740426666017629e-04
3.911321221007845969e-04
3.902902015349674850e-04
3.894482809691503732e-04
3.886063604033332614e-04
3.877644398375161496e-04
3.869225192716989835e-04
3.860805987058818717e-04
3.852386781400647599e-04
3.843967575742476481e-04
3.835548370084305362e-04
3.827129164426134244e-04
3.819273048465202645e-04
3.811980022201511106e-04
3.804686995937820110e-04
3.797393969674128572e-04
3.790100943410437033e-04
3.782807917146746037e-04
3.775514890883054499e-04
3.768221864619362960e-04
3.760928838355671964e-04
3.753635812091980425e-04
3.746342785828288887e-04
3.739049759564597349e-04
3.731756733300906352e-04
3.724463707037214814e-04
3.717170680773523275e-04
3.709877654509832279e-04
3.702584628246140741e-04
3.696116269910550991e-04
3.689647911574961241e-04
3.683179553239372033e-04
3.676711194903782283e-04
3.670242836568192533e-04
3.663774478232602783e-04
3.657306119897013033e-04
3.650837761561423825e-04
3.644369403225834075e-04
3.637901044890244325e-04
3.631432686554654575e-04
3.624964328219065367e-04
3.618495969883475617e-04
3.612027611547885867e-04
3.605559253212296117e-04
3.599090894876706367e-04
3.593304086416267118e-04
3.588198827830978372e-04
3.583093569245689625e-04
3.577988310660400336e-04
3.572883052075111589e-04
3.567777793489822842e-04
3.562672534904533553e-04
3.557567276319244806e-04
3.552462017733955518e-04
3.547356759148666771e-04
3.542251500563378024e-04
3.537146241978088735e-04
3.532040983392799988e-04
3.526935724807511241e-04
3.521830466222221952e-04
3.516725207636933206e-04
3.511619949051644459e-04
3.504940932309542293e-04
3.496688157410626709e-04
3.488435382511711124e-04
3.480182607612796082e-04
3.471929832713880498e-04
3.463677057814965455e-04
3.455424282916049871e-04
3.447171508017134287e-04
3.438918733118219244e-04
3.430665958219303660e-04
3.422413183320388618e-04
3.414160408421473033e-04
3.405907633522557449e-04
3.397654858623642407e-04
3.389402083724726822e-04
3.381149308825811780e-04
3.372896533926896196e-04
3.366196371456080532e-04
3.359496208985265409e-04
3.352796046514449745e-04
3.346095884043634081e-04
3.339395721572818417e-04
3.332695559102003295e-04
3.325995396631187631e-04
3.319295234160371966e-04
3.312595071689556302e-04
3.305894909218741180e-04
3.299194746747925516e-04
3.292494584277109852e-04
3.285794421806294730e-04
3.279094259335479065e-04
3.272394096864663401e-04
3.265693934393847737e-04
3.258606129366482416e-04
3.251130681782566896e-04
3.243655234198651377e-04
3.236179786614735857e-04
3.228704339030820337e-04
3.221228891446904817e-04
3.213753443862989298e-04
3.206277996279073778e-04
3.198802548695158258e-04
3.191327101111242738e-04
3.183851653527327219e-04
3.176376205943411699e-04
3.168900758359496179e-04
3.161425310775580659e-04
3.153949863191665140e-04
3.146474415607749620e-04
3.138998968023834100e-04
3.133182039032581944e-04
3.129023628633993150e-04
3.124865218235404357e-04
3.120706807836815563e-04
3.116548397438226228e-04
3.112389987039637434e-04
3.108231576641048641e-04
3.104073166242459847e-04
3.099914755843871054e-04
3.095756345445282260e-04
3.091597935046693467e-04
3.087439524648104673e-04
3.083281114249515880e-04
3.079122703850926544e-04
3.074964293452337751e-04
3.070805883053748958e-04
3.066647472655160164e-04
3.060806115229572420e-04
3.053281810776985183e-04
3.045757506324398489e-04
3.038233201871811794e-04
3.030708897419224558e-04
3.023184592966637863e-04
3.015660288514050626e-04
3.008135984061463932e-04
3.000611679608876695e-04
2.993087375156290001e-04
2.985563070703703306e-04
2.978038766251116069e-04
2.970514461798529375e-04
2.962990157345942138e-04
2.955465852893355443e-04
2.947941548440768207e-04
2.940417243988181512e-04
2.936606275211938659e-04
2.932795306435695805e-04
2.928984337659452952e-04
2.925173368883210098e-04
2.921362400106967245e-04
2.917551431330724933e-04
2.913740462554482080e-04
2.909929493778239226e-04
2.906118525001996373e-04
2.902307556225753519e-04
2.898496587449510666e-04
2.894685618673267812e-04
2.890874649897024959e-04
2.887063681120782105e-04
2.883252712344539252e-04
2.879441743568296398e-04
2.874696436384215265e-04
2.869016790792295853e-04
2.863337145200375898e-04
2.857657499608455944e-04
2.851977854016536531e-04
2.846298208424616577e-04
2.840618562832697164e-04
2.834938917240777210e-04
2.829259271648857255e-04
2.823579626056937843e-04
2.817899980465017888e-04
2.812220334873098476e-04
2.806540689281178521e-04
2.800861043689259109e-04
2.795181398097339154e-04
2.789501752505419200e-04
2.783822106913499787e-04
2.777180885716851828e-04
2.769578088915475864e-04
2.761975292114100442e-04
2.754372495312724478e-04
2.746769698511348514e-04
2.739166901709972550e-04
2.731564104908597128e-04
2.723961308107221164e-04
2.716358511305845200e-04
2.708755714504469236e-04
2.701152917703093814e-04
2.693550120901717850e-04
2.685947324100341886e-04
2.678344527298965922e-04
2.670741730497590500e-04
2.663138933696214536e-04
2.655536136894838571e-04
2.654451745881241807e-04
2.653367354867644501e-04
2.652282963854047737e-04
2.651198572840450431e-04
2.650114181826853667e-04
2.649029790813256903e-04
2.647945399799659597e-04
2.646861008786062833e-04
2.645776617772465527e-04
2.644692226758868763e-04
2.643607835745271999e-04
2.642523444731674693e-04
2.641439053718077929e-04
2.640354662704480623e-04
2.639270271690883859e-04
2.638185880677287095e-04
2.634559675417687133e-04
2.628391655912085058e-04
2.622223636406482441e-04
2.616055616900879823e-04
2.609887597395277748e-04
2.603719577889675131e-04
2.597551558384073055e-04
2.591383538878470438e-04
2.585215519372868363e-04
2.579047499867265746e-04
2.572879480361663128e-04
2.566711460856061053e-04
2.560543441350458436e-04
2.554375421844856360e-04
2.548207402339253743e-04
2.542039382833651126e-04
2.535871363328049050e-04
2.530731532975195159e-04
2.526619891775089993e-04
2.522508250574985369e-04
2.518396609374880203e-04
2.514284968174775037e-04
2.510173326974669871e-04
2.506061685774565247e-04
2.501950044574460081e-04
2.497838403374354915e-04
2.493726762174249749e-04
2.489615120974144583e-04
2.485503479774039959e-04
2.481391838573934793e-04
2.477280197373829627e-04
2.473168556173724461e-04
2.469056914973619837e-04
2.464945273773514671e-04
2.460882896961282982e-04
2.456869784536925313e-04
2.452856672112567644e-04
2.448843559688209976e-04
2.444830447263851765e-04
2.440817334839494096e-04
2.436804222415136156e-04
2.432791109990778487e-04
2.428777997566420547e-04
2.424764885142062878e-04
2.420751772717704938e-04
2.416738660293347269e-04
2.412725547868989329e-04
2.408712435444631660e-04
2.404699323020273720e-04
2.400686210595916051e-04
2.396673098171558111e-04
2.394718679260439127e-04
2.392764260349320143e-04
2.390809841438201158e-04
2.388855422527082174e-04
2.386901003615963190e-04
2.384946584704844205e-04
2.382992165793725221e-04
2.381037746882606236e-04
2.379083327971487252e-04
2.377128909060368268e-04
2.375174490149249283e-04
2.373220071238130299e-04
2.371265652327011315e-04
2.369311233415892330e-04
2.367356814504773346e-04
2.365402395593654361e-04
2.362893255552171029e-04
2.359829394380323078e-04
2.356765533208475126e-04
2.353701672036627175e-04
2.350637810864779223e-04
2.347573949692931272e-04
2.344510088521083320e-04
2.341446227349235369e-04
2.338382366177387418e-04
2.335318505005539737e-04
2.332254643833691786e-04
2.329190782661843834e-04
2.326126921489995883e-04
2.323063060318147932e-04
2.319999199146299980e-04
2.316935337974452029e-04
2.313871476802604077e-04
2.310520060943636303e-04
2.306881090397548434e-04
2.303242119851460566e-04
2.299603149305372968e-04
2.295964178759285100e-04
2.292325208213197231e-04
2.288686237667109363e-04
2.285047267121021494e-04
2.281408296574933897e-04
2.277769326028846028e-04
2.274130355482758159e-04
2.270491384936670291e-04
2.266852414390582422e-04
2.263213443844494554e-04
2.259574473298406956e-04
2.255935502752319088e-04
2.252296532206231219e-04
2.246983754738821927e-04
2.241670977271412906e-04
2.236358199804003614e-04
2.231045422336594593e-04
2.225732644869185301e-04
2.220419867401776280e-04
2.215107089934366987e-04
2.209794312466957695e-04
2.204481534999548674e-04
2.199168757532139382e-04
2.193855980064730361e-04
2.188543202597321069e-04
2.183230425129912048e-04
2.177917647662502756e-04
2.172604870195093464e-04
2.167292092727684443e-04
2.162800932716693418e-04
2.159131390162120391e-04
2.155461847607547635e-04
2.151792305052974608e-04
2.148122762498401580e-04
2.144453219943828824e-04
2.140783677389255797e-04
2.137114134834683040e-04
2.133444592280110013e-04
2.129775049725536986e-04
2.126105507170964230e-04
2.122435964616391202e-04
2.118766422061818446e-04
2.115096879507245419e-04
2.111427336952672392e-04
2.107757794398099635e-04
2.104088251843526608e-04
2.101165154500702324e-04
2.098988502369626783e-04
2.096811850238550971e-04
2.094635198107475430e-04
2.092458545976399618e-04
2.090281893845324077e-04
2.088105241714248266e-04
2.085928589583172725e-04
2.083751937452096913e-04
2.081575285321021101e-04
2.079398633189945560e-04
2.077221981058869748e-04
2.075045328927794207e-04
2.072868676796718395e-04
2.070692024665642854e-04
2.068515372534567042e-04
2.066338720403491501e-04
2.064453075738439231e-04
2.062858438539410502e-04
2.061263801340382045e-04
2.059669164141353316e-04
2.058074526942324587e-04
2.056479889743295859e-04
2.054885252544267401e-04
2.053290615345238672e-04
2.051695978146209944e-04
2.050101340947181215e-04
2.048506703748152757e-04
2.046912066549124028e-04
2.045317429350095300e-04
2.043722792151066571e-04
2.042128154952038113e-04
2.040533517753009385e-04
2.038938880553980656e-04
2.034000939760738141e-04
2.029062998967495356e-04
2.024125058174252841e-04
2.019187117381010055e-04
2.014249176587767540e-04
2.009311235794524755e-04
2.004373295001282240e-04
1.999435354208039454e-04
1.994497413414796940e-04
1.989559472621554154e-04
1.984621531828311639e-04
1.979683591035069125e-04
1.974745650241826339e-04
1.969807709448583824e-04
1.964869768655341038e-04
1.959931827862098524e-04
1.957035459512449665e-04
1.956180663606394733e-04
1.955325867700339530e-04
1.954471071794284598e-04
1.953616275888229667e-04
1.952761479982174735e-04
1.951906684076119532e-04
1.951051888170064600e-04
1.950197092264009668e-04
1.949342296357954737e-04
1.948487500451899805e-04
1.947632704545844602e-04
1.946777908639789670e-04
1.945923112733734738e-04
1.945068316827679806e-04
1.944213520921624604e-04
1.943358725015569672e-04
1.941062809753812686e-04
1.937325775136353374e-04
1.933588740518894333e-04
1.929851705901435021e-04
1.926114671283975981e-04
1.922377636666516669e-04
1.918640602049057628e-04
1.914903567431598317e-04
1.911166532814139276e-04
1.907429498196680235e-04
1.903692463579220923e-04
1.899955428961761883e-04
1.896218394344302571e-04
1.892481359726843530e-04
1.888744325109384219e-04
1.885007290491925178e-04
1.881270255874465866e-04
1.877229555149966098e-04
1.872885188318425330e-04
1.868540821486884562e-04
1.864196454655344065e-04
1.859852087823803297e-04
1.855507720992262530e-04
1.851163354160722033e-04
1.846818987329181265e-04
1.842474620497640497e-04
1.838130253666100001e-04
1.833785886834559233e-04
1.829441520003018465e-04
1.825097153171477968e-04
1.820752786339937201e-04
1.816408419508396433e-04
1.812064052676855936e-04
1.807719685845315168e-04
1.806472397733322724e-04
1.805225109621330550e-04
1.803977821509338106e-04
1.802730533397345662e-04
1.801483245285353217e-04
1.800235957173361044e-04
1.798988669061368599e-04
1.797741380949376155e-04
1.796494092837383710e-04
1.795246804725391537e-04
1.793999516613399093e-04
1.792752228501406648e-04
1.791504940389414475e-04
1.790257652277422030e-04
1.789010364165429586e-04
1.787763076053437141e-04
1.785457849120514575e-04
1.782094683366661615e-04
1.778731517612808385e-04
1.775368351858955425e-04
1.772005186105102465e-04
1.768642020351249235e-04
1.765278854597396275e-04
1.761915688843543315e-04
1.758552523089690085e-04
1.755189357335837125e-04
1.751826191581984165e-04
1.748463025828131206e-04
1.745099860074277975e-04
1.741736694320425015e-04
1.738373528566572056e-04
1.735010362812718825e-04
1.731647197058865865e-04
1.729305406065782065e-04
1.727984989833467153e-04
1.726664573601152241e-04
1.725344157368837329e-04
1.724023741136522416e-04
1.722703324904207775e-04
1.721382908671892863e-04
1.720062492439577951e-04
1.718742076207263039e-04
1.717421659974948398e-04
1.716101243742633486e-04
1.714780827510318574e-04
1.713460411278003661e-04
1.712139995045688749e-04
1.710819578813374108e-04
1.709499162581059196e-04
1.708178746348744284e-04
1.704204018767706697e-04
1.700229291186669111e-04
1.696254563605631524e-04
1.692279836024593938e-04
1.688305108443556351e-04
1.684330380862518765e-04
1.680355653281481179e-04
1.676380925700443592e-04
1.672406198119406006e-04
1.668431470538368419e-04
1.664456742957330833e-04
1.660482015376293246e-04
1.656507287795255660e-04
1.652532560214218073e-04
1.648557832633180487e-04
1.644583105052142900e-04
1.641294459759930332e-04
1.638691896756542784e-04
1.636089333753155506e-04
1.633486770749768228e-04
1.630884207746380679e-04
1.628281644742993401e-04
1.625679081739606123e-04
1.623076518736218574e-04
1.620473955732831296e-04
1.617871392729444018e-04
1.615268829726056469e-04
1.612666266722669192e-04
1.610063703719281914e-04
1.607461140715894365e-04
1.604858577712507087e-04
1.602256014709119809e-04
1.599653451705732260e-04
1.597739705259367058e-04
1.596514775370023933e-04
1.595289845480680807e-04
1.594064915591337952e-04
1.592839985701994827e-04
1.591615055812651701e-04
1.590390125923308575e-04
1.589165196033965450e-04
1.587940266144622324e-04
1.586715336255279470e-04
1.585490406365936344e-04
1.584265476476593218e-04
1.583040546587250093e-04
1.581815616697906967e-04
1.580590686808564112e-04
1.579365756919220987e-04
1.578140827029877861e-04
1.576354963485252327e-04
1.574008166285344385e-04
1.571661369085436443e-04
1.569314571885528501e-04
1.566967774685620559e-04
1.564620977485712617e-04
1.562274180285804675e-04
1.559927383085896733e-04
1.557580585885988791e-04
1.555233788686080849e-04
1.552886991486172907e-04
1.550540194286264965e-04
1.548193397086357022e-04
1.545846599886449080e-04
1.543499802686541138e-04
1.541153005486633196e-04
1.538806208286725254e-04
1.536440879016600259e-04
1.534075549746475534e-04
1.531710220476350539e-04
1.529344891206225814e-04
1.526979561936100819e-04
1.524614232665976094e-04
1.522248903395851099e-04
1.519883574125726103e-04
1.517518244855601379e-04
1.515152915585476383e-04
1.512787586315351659e-04
1.510422257045226663e-04
1.508056927775101939e-04
1.505691598504976943e-04
1.503326269234851948e-04
1.500960939964727224e-04
1.498568484356787786e-04
1.496148902411033907e-04
1.493729320465279756e-04
1.491309738519525877e-04
1.488890156573771998e-04
1.486470574628018118e-04
1.484050992682263968e-04
1.481631410736510088e-04
1.479211828790756209e-04
1.476792246845002330e-04
1.474372664899248450e-04
1.471953082953494300e-04
1.469533501007740421e-04
1.467113919061986541e-04
1.464694337116232662e-04
1.462274755170478511e-04
1.459855173224724632e-04
1.457635777538493537e-04
1.455616568111785226e-04
1.453597358685076914e-04
1.451578149258368603e-04
1.449558939831660292e-04
1.447539730404951981e-04
1.445520520978243670e-04
1.443501311551535359e-04
1.441482102124827048e-04
1.439462892698118736e-04
1.437443683271410425e-04
1.435424473844702114e-04
1.433405264417993803e-04
1.431386054991285492e-04
1.429366845564577181e-04
1.427347636137868869e-04
1.425328426711160558e-04
1.425420950639122051e-04
1.425513474567083544e-04
1.425605998495045037e-04
1.425698522423006530e-04
1.425791046350968023e-04
1.425883570278929516e-04
1.425976094206891009e-04
1.426068618134852502e-04
1.426161142062814266e-04
1.426253665990775759e-04
1.426346189918737252e-04
1.426438713846698745e-04
1.426531237774660238e-04
1.426623761702621731e-04
1.426716285630583224e-04
1.426808809558544717e-04
1.425708742708951392e-04
1.423416085081802979e-04
1.421123427454654836e-04
1.418830769827506694e-04
1.416538112200358280e-04
1.414245454573210138e-04
1.411952796946061995e-04
1.409660139318913582e-04
1.407367481691765439e-04
1.405074824064617297e-04
1.402782166437468883e-04
1.400489508810320741e-04
1.398196851183172598e-04
1.395904193556024185e-04
1.393611535928876042e-04
1.391318878301727900e-04
1.389026220674579486e-04
1.386324221081004229e-04
1.383212879521002127e-04
1.380101537960999754e-04
1.376990196400997653e-04
1.373878854840995280e-04
1.370767513280993178e-04
1.367656171720990806e-04
1.364544830160988704e-04
1.361433488600986602e-04
1.358322147040984230e-04
1.355210805480982128e-04
1.352099463920979755e-04
1.348988122360977654e-04
1.345876780800975281e-04
1.342765439240973179e-04
1.339654097680970807e-04
1.336542756120968705e-04
1.333802322030812532e-04
1.331432795410502560e-04
1.329063268790192588e-04
1.326693742169882616e-04
1.324324215549572915e-04
1.321954688929262943e-04
1.319585162308952971e-04
1.317215635688642999e-04
1.314846109068333027e-04
1.312476582448023055e-04
1.310107055827713083e-04
1.307737529207403111e-04
1.305368002587093410e-04
1.302998475966783438e-04
1.300628949346473466e-04
1.298259422726163494e-04
1.295889896105853522e-04
1.294832271231288507e-04
1.293774646356723762e-04
1.292717021482158747e-04
1.291659396607593732e-04
1.290601771733028988e-04
1.289544146858463973e-04
1.288486521983899229e-04
1.287428897109334214e-04
1.286371272234769199e-04
1.285313647360204455e-04
1.284256022485639440e-04
1.283198397611074425e-04
1.282140772736509681e-04
1.281083147861944666e-04
1.280025522987379650e-04
1.278967898112814906e-04
1.277294025270540162e-04
1.275003904460555960e-04
1.272713783650571758e-04
1.270423662840587556e-04
1.268133542030603354e-04
1.265843421220619151e-04
1.263553300410634949e-04
1.261263179600650747e-04
1.258973058790666274e-04
1.256682937980682071e-04
1.254392817170697869e-04
1.252102696360713667e-04
1.249812575550729465e-04
1.247522454740745263e-04
1.245232333930761061e-04
1.242942213120776858e-04
1.240652092310792656e-04
1.239215870666982413e-04
1.238633548189346399e-04
1.238051225711710656e-04
1.237468903234074642e-04
1.236886580756438629e-04
1.236304258278802886e-04
1.235721935801166872e-04
1.235139613323530858e-04
1.234557290845895116e-04
1.233974968368259102e-04
1.233392645890623088e-04
1.232810323412987074e-04
1.232228000935351332e-04
1.231645678457715318e-04
1.231063355980079304e-04
1.230481033502443561e-04
1.229898711024807547e-04
1.228041093741703772e-04
1.226183476458599997e-04
1.224325859175496222e-04
1.222468241892392447e-04
1.220610624609288537e-04
1.218753007326184762e-04
1.216895390043080851e-04
1.215037772759977076e-04
1.213180155476873301e-04
1.211322538193769526e-04
1.209464920910665616e-04
1.207607303627561841e-04
1.205749686344458066e-04
1.203892069061354291e-04
1.202034451778250380e-04
1.200176834495146605e-04
1.198872460481378231e-04
1.198121329736945393e-04
1.197370198992512419e-04
1.196619068248079446e-04
1.195867937503646607e-04
1.195116806759213634e-04
1.194365676014780796e-04
1.193614545270347822e-04
1.192863414525914849e-04
1.192112283781482010e-04
1.191361153037049037e-04
1.190610022292616199e-04
1.189858891548183225e-04
1.189107760803750387e-04
1.188356630059317413e-04
1.187605499314884440e-04
1.186854368570451602e-04
1.185280983214783199e-04
1.182885343247879232e-04
1.180489703280975401e-04
1.178094063314071434e-04
1.175698423347167602e-04
1.173302783380263635e-04
1.170907143413359803e-04
1.168511503446455836e-04
1.166115863479551869e-04
1.163720223512648038e-04
1.161324583545744071e-04
1.158928943578840239e-04
1.156533303611936272e-04
1.154137663645032441e-04
1.151742023678128474e-04
1.149346383711224642e-04
1.146950743744320675e-04
1.144981040898168309e-04
1.143437275172767543e-04
1.141893509447366778e-04
1.140349743721965877e-04
1.138805977996565111e-04
1.137262212271164210e-04
1.135718446545763444e-04
1.134174680820362679e-04
1.132630915094961778e-04
1.131087149369561012e-04
1.129543383644160111e-04
1.127999617918759345e-04
1.126455852193358580e-04
1.124912086467957679e-04
1.123368320742556913e-04
1.121824555017156012e-04
1.120280789291755246e-04
1.118735351062377940e-04
1.117189912833000499e-04
1.115644474603623193e-04
1.114099036374245752e-04
1.112553598144868446e-04
1.111008159915491004e-04
1.109462721686113698e-04
1.107917283456736393e-04
1.106371845227358951e-04
1.104826406997981645e-04
1.103280968768604204e-04
1.101735530539226898e-04
1.100190092309849457e-04
1.098644654080472151e-04
1.097099215851094845e-04
1.095553777621717403e-04
1.094178730728015409e-04
1.092974075169988589e-04
1.091769419611961906e-04
1.090564764053935087e-04
1.089360108495908403e-04
1.088155452937881584e-04
1.086950797379854900e-04
1.085746141821828081e-04
1.084541486263801262e-04
1.083336830705774578e-04
1.082132175147747759e-04
1.080927519589721075e-04
1.079722864031694256e-04
1.078518208473667572e-04
1.077313552915640753e-04
1.076108897357614069e-04
1.074904241799587250e-04
1.073672951064382592e-04
1.072415025152000096e-04
1.071157099239617463e-04
1.069899173327234967e-04
1.068641247414852335e-04
1.067383321502469838e-04
1.066125395590087206e-04
1.064867469677704709e-04
1.063609543765322077e-04
1.062351617852939445e-04
1.061093691940556948e-04
1.059835766028174316e-04
1.058577840115791820e-04
1.057319914203409188e-04
1.056061988291026691e-04
1.054804062378644059e-04
1.053546136466261562e-04
1.052151466324175810e-04
1.050620051952386803e-04
1.049088637580597796e-04
1.047557223208808790e-04
1.046025808837019783e-04
1.044494394465230776e-04
1.042962980093441769e-04
1.041431565721652762e-04
1.039900151349863755e-04
1.038368736978074748e-04
1.036837322606285741e-04
1.035305908234496734e-04
1.033774493862707727e-04
1.032243079490918720e-04
1.030711665119129713e-04
1.029180250747340706e-04
1.027648836375551699e-04
1.026425188804581831e-04
1.025201541233611828e-04
1.023977893662641960e-04
1.022754246091671956e-04
1.021530598520702088e-04
1.020306950949732220e-04
1.019083303378762217e-04
1.017859655807792349e-04
1.016636008236822345e-04
1.015412360665852477e-04
1.014188713094882609e-04
1.012965065523912606e-04
1.011741417952942738e-04
1.010517770381972734e-04
1.009294122811002866e-04
1.008070475240032998e-04
1.007038481167240142e-04
1.006198140592624434e-04
1.005357800018008725e-04
1.004517459443393017e-04
1.003677118868777308e-04
1.002836778294161600e-04
1.001996437719545891e-04
1.001156097144930183e-04
1.000315756570314474e-04
9.994754159956986304e-05
9.986350754210829219e-05
9.977947348464672134e-05
9.969543942718515049e-05
9.961140536972357964e-05
9.952737131226200879e-05
9.944333725480043794e-05
9.935930319733886709e-05
9.924692145669202761e-05
9.910619203285990595e-05
9.896546260902779784e-05
9.882473318519568973e-05
9.868400376136356807e-05
9.854327433753145996e-05
9.840254491369935185e-05
9.826181548986723019e-05
9.812108606603512208e-05
9.798035664220301397e-05
9.783962721837089231e-05
9.769889779453878420e-05
9.755816837070666254e-05
9.741743894687455443e-05
9.727670952304244632e-05
9.713598009921032466e-05
9.699525067537821655e-05
9.688999793585832525e-05
9.678474519633842039e-05
9.667949245681852909e-05
9.657423971729863779e-05
9.646898697777873293e-05
9.636373423825884163e-05
9.625848149873895033e-05
9.615322875921904547e-05
9.604797601969915417e-05
9.594272328017926287e-05
9.583747054065935801e-05
9.573221780113946671e-05
9.562696506161957541e-05
9.552171232209967055e-05
9.541645958257977925e-05
9.531120684305988795e-05
9.520790527529698422e-05
9.510655487929109517e-05
9.500520448328520612e-05
9.490385408727930352e-05
9.480250369127341448e-05
9.470115329526752543e-05
9.459980289926163638e-05
9.449845250325573378e-05
9.439710210724984473e-05
9.429575171124395569e-05
9.419440131523805308e-05
9.409305091923216404e-05
9.399170052322627499e-05
9.389035012722038594e-05
9.378899973121448334e-05
9.368764933520859429e-05
9.358629893920270525e-05
9.351442711429674298e-05
9.347203386049070749e-05
9.342964060668468556e-05
9.338724735287866363e-05
9.334485409907262814e-05
9.330246084526660621e-05
9.326006759146058427e-05
9.321767433765454879e-05
9.317528108384852685e-05
9.313288783004250492e-05
9.309049457623646943e-05
9.304810132243044750e-05
9.300570806862442556e-05
9.296331481481839008e-05
9.292092156101236814e-05
9.287852830720634621e-05
9.283613505340031072e-05
9.275794948427408841e-05
9.264397159982766571e-05
9.252999371538124301e-05
9.241601583093482031e-05
9.230203794648839761e-05
9.218806006204197491e-05
9.207408217759555221e-05
9.196010429314912952e-05
9.184612640870270682e-05
9.173214852425628412e-05
9.161817063980986142e-05
9.150419275536343872e-05
9.139021487091701602e-05
9.127623698647059332e-05
9.116225910202417062e-05
9.104828121757774792e-05
9.093430333313132522e-05
9.078102862877092752e-05
9.062775392441051626e-05
9.047447922005011855e-05
9.032120451568970729e-05
9.016792981132930958e-05
9.001465510696889832e-05
8.986138040260850061e-05
8.970810569824808935e-05
8.955483099388769164e-05
8.940155628952728038e-05
8.924828158516688267e-05
8.909500688080648496e-05
8.894173217644607370e-05
8.878845747208567599e-05
8.863518276772526473e-05
8.848190806336486702e-05
8.837208619698589632e-05
8.830571716858837974e-05
8.823934814019084960e-05
8.817297911179333301e-05
8.810661008339580288e-05
8.804024105499828629e-05
8.797387202660075615e-05
8.790750299820323957e-05
8.784113396980570943e-05
8.777476494140817930e-05
8.770839591301066271e-05
8.764202688461313257e-05
8.757565785621561599e-05
8.750928882781808585e-05
8.744291979942056927e-05
8.737655077102303913e-05
8.731018174262552254e-05
8.726611743455731877e-05
8.724435784681844135e-05
8.722259825907956394e-05
8.720083867134068652e-05
8.717907908360182266e-05
8.715731949586294524e-05
8.713555990812406782e-05
8.711380032038519041e-05
8.709204073264631299e-05
8.707028114490743557e-05
8.704852155716855816e-05
8.702676196942968074e-05
8.700500238169081688e-05
8.698324279395193946e-05
8.696148320621306205e-05
8.693972361847418463e-05
8.691796403073530721e-05
8.676741232020214207e-05
8.661686060966897692e-05
8.646630889913582533e-05
8.631575718860266019e-05
8.616520547806949505e-05
8.601465376753632990e-05
8.586410205700316476e-05
8.571355034646999961e-05
8.556299863593684802e-05
8.541244692540368288e-05
8.526189521487051773e-05
8.511134350433735259e-05
8.496079179380418745e-05
8.481024008327103585e-05
8.465968837273787071e-05
8.450913666220470557e-05
8.437716400960684846e-05
8.426377041494429940e-05
8.415037682028175033e-05
8.403698322561918772e-05
8.392358963095663865e-05
8.381019603629408959e-05
8.369680244163154052e-05
8.358340884696899146e-05
8.347001525230642884e-05
8.335662165764387978e-05
8.324322806298133071e-05
8.312983446831878165e-05
8.301644087365623258e-05
8.290304727899368352e-05
8.278965368433112090e-05
8.267626008966857184e-05
8.256286649500602277e-05
8.246608214376808512e-05
8.238590703595477245e-05
8.230573192814145977e-05
8.222555682032814709e-05
8.214538171251483441e-05
8.206520660470152174e-05
8.198503149688820906e-05
8.190485638907489638e-05
8.182468128126158370e-05
8.174450617344825747e-05
8.166433106563494480e-05
8.158415595782163212e-05
8.150398085000831944e-05
8.142380574219500677e-05
8.134363063438169409e-05
8.126345552656838141e-05
8.118328041875506873e-05
8.112607358069455195e-05
8.109183501238683106e-05
8.105759644407911017e-05
8.102335787577138928e-05
8.098911930746366839e-05
8.095488073915594750e-05
8.092064217084822661e-05
8.088640360254050572e-05
8.085216503423278483e-05
8.081792646592506394e-05
8.078368789761734305e-05
8.074944932930963571e-05
8.071521076100191482e-05
8.068097219269419393e-05
8.064673362438647304e-05
8.061249505607875215e-05
8.057825648777103126e-05
8.052377681562612169e-05
8.046929714348122567e-05
8.041481747133631609e-05
8.036033779919142007e-05
8.030585812704651050e-05
8.025137845490161448e-05
8.019689878275670491e-05
8.014241911061180889e-05
8.008793943846689932e-05
8.003345976632200329e-05
7.997898009417709372e-05
7.992450042203218415e-05
7.987002074988728813e-05
7.981554107774237856e-05
7.976106140559748254e-05
7.970658173345257296e-05
7.963544293858333255e-05
7.954764502098976130e-05
7.945984710339617650e-05
7.937204918580260525e-05
7.928425126820903401e-05
7.919645335061544921e-05
7.910865543302187796e-05
7.902085751542829316e-05
7.893305959783472191e-05
7.884526168024115066e-05
7.875746376264756586e-05
7.866966584505399461e-05
7.858186792746040981e-05
7.849407000986683856e-05
7.840627209227326731e-05
7.831847417467968251e-05
7.823067625708611127e-05
7.814760024341806208e-05
7.806924613367556207e-05
7.799089202393304850e-05
7.791253791419053493e-05
7.783418380444803491e-05
7.775582969470552135e-05
7.767747558496300778e-05
7.759912147522050776e-05
7.752076736547799420e-05
7.744241325573548063e-05
7.736405914599298061e-05
7.728570503625046704e-05
7.720735092650796703e-05
7.712899681676545346e-05
7.705064270702293989e-05
7.697228859728043988e-05
7.689393448753792631e-05
7.678876141842295186e-05
7.668358834930797741e-05
7.657841528019300296e-05
7.647324221107802851e-05
7.636806914196305406e-05
7.626289607284807961e-05
7.615772300373310516e-05
7.605254993461813072e-05
7.594737686550314271e-05
7.584220379638816826e-05
7.573703072727319381e-05
7.563185765815821937e-05
7.552668458904324492e-05
7.542151151992827047e-05
7.531633845081329602e-05
7.521116538169832157e-05
7.514205752900129053e-05
7.510901489272220290e-05
7.507597225644311526e-05
7.504292962016402763e-05
7.500988698388494000e-05
7.497684434760585237e-05
7.494380171132676474e-05
7.491075907504767711e-05
7.487771643876857592e-05
7.484467380248948829e-05
7.481163116621040066e-05
7.477858852993131303e-05
7.474554589365222539e-05
7.471250325737313776e-05
7.467946062109405013e-05
7.464641798481496250e-05
7.461337534853587487e-05
7.457341730271035084e-05
7.452654384733837687e-05
7.447967039196640290e-05
7.443279693659444248e-05
7.438592348122246851e-05
7.433905002585049454e-05
7.429217657047853412e-05
7.424530311510656015e-05
7.419842965973458618e-05
7.415155620436262576e-05
7.410468274899065179e-05
7.405780929361869137e-05
7.401093583824671740e-05
7.396406238287474343e-05
7.391718892750278301e-05
7.387031547213080904e-05
7.382344201675883507e-05
7.375933145269292516e-05
7.367798377993307933e-05
7.359663610717323350e-05
7.351528843441338767e-05
7.343394076165354184e-05
7.335259308889369601e-05
7.327124541613385018e-05
7.318989774337400435e-05
7.310855007061415852e-05
7.302720239785431269e-05
7.294585472509446686e-05
7.286450705233460748e-05
7.278315937957476165e-05
7.270181170681491581e-05
7.262046403405506998e-05
7.253911636129522415e-05
7.245776868853537832e-05
7.242605087599151724e-05
7.239433306344765615e-05
7.236261525090379506e-05
7.233089743835993397e-05
7.229917962581605933e-05
7.226746181327219824e-05
7.223574400072833716e-05
7.220402618818447607e-05
7.217230837564061498e-05
7.214059056309675389e-05
7.210887275055289280e-05
7.207715493800903172e-05
7.204543712546515708e-05
7.201371931292129599e-05
7.198200150037743490e-05
7.195028368783357381e-05
7.190574344533305672e-05
7.184838077287587007e-05
7.179101810041868341e-05
7.173365542796151031e-05
7.167629275550432366e-05
7.161893008304713701e-05
7.156156741058996391e-05
7.150420473813277726e-05
7.144684206567559061e-05
7.138947939321841751e-05
7.133211672076123085e-05
7.127475404830405775e-05
7.121739137584687110e-05
7.116002870338968445e-05
7.110266603093251135e-05
7.104530335847532470e-05
7.098794068601813805e-05
7.097351385165500575e-05
7.100202285538592781e-05
7.103053185911684987e-05
7.105904086284777193e-05
7.108754986657869399e-05
7.111605887030960250e-05
7.114456787404052455e-05
7.117307687777144661e-05
7.120158588150236867e-05
7.123009488523327718e-05
7.125860388896419924e-05
7.128711289269512130e-05
7.131562189642604336e-05
7.134413090015696542e-05
7.137263990388787393e-05
7.140114890761879599e-05
7.142965791134971805e-05
7.136869893256492594e-05
7.130773995378014739e-05
7.124678097499535529e-05
7.118582199621056319e-05
7.112486301742578464e-05
7.106390403864099254e-05
7.100294505985620043e-05
7.094198608107142188e-05
7.088102710228662978e-05
7.082006812350183768e-05
7.075910914471705913e-05
7.069815016593226703e-05
7.063719118714747492e-05
7.057623220836269637e-05
7.051527322957790427e-05
7.045431425079311217e-05
7.041155443217859446e-05
7.038699377373433758e-05
7.036243311529009426e-05
7.033787245684583738e-05
7.031331179840158050e-05
7.028875113995733718e-05
7.026419048151308030e-05
7.023962982306882342e-05
7.021506916462456655e-05
7.019050850618032322e-05
7.016594784773606634e-05
7.014138718929180947e-05
7.011682653084756614e-05
7.009226587240330927e-05
7.006770521395905239e-05
7.004314455551480907e-05
7.001858389707055219e-05
6.996716295090685332e-05
6.988888171702372601e-05
6.981060048314059871e-05
6.973231924925747140e-05
6.965403801537434409e-05
6.957575678149121679e-05
6.949747554760808948e-05
6.941919431372496217e-05
6.934091307984183486e-05
6.926263184595870756e-05
6.918435061207558025e-05
6.910606937819245294e-05
6.902778814430932564e-05
6.894950691042619833e-05
6.887122567654307102e-05
6.879294444265994372e-05
6.871466320877681641e-05
6.865527742436283254e-05
6.861478708941801921e-05
6.857429675447319233e-05
6.853380641952836545e-05
6.849331608458355213e-05
6.845282574963872525e-05
6.841233541469391192e-05
6.837184507974908504e-05
6.833135474480427172e-05
6.829086440985944484e-05
6.825037407491461796e-05
6.820988373996980463e-05
6.816939340502497775e-05
6.812890307008016442e-05
6.808841273513533755e-05
6.804792240019052422e-05
6.800743206524569734e-05
6.795790259531649439e-05
6.790837312538727788e-05
6.785884365545807493e-05
6.780931418552885843e-05
6.775978471559965547e-05
6.771025524567043897e-05
6.766072577574123602e-05
6.761119630581203307e-05
6.756166683588281656e-05
6.751213736595361361e-05
6.746260789602439710e-05
6.741307842609519415e-05
6.736354895616597765e-05
6.731401948623677470e-05
6.726449001630757174e-05
6.721496054637835524e-05
6.717142057297759204e-05
6.713387009610525505e-05
6.709631961923291806e-05
6.705876914236058106e-05
6.702121866548825762e-05
6.698366818861592063e-05
6.694611771174358364e-05
6.690856723487124665e-05
6.687101675799890965e-05
6.683346628112658621e-05
6.679591580425424922e-05
6.675836532738191223e-05
6.672081485050957524e-05
6.668326437363725180e-05
6.664571389676491480e-05
6.660816341989257781e-05
6.657061294302024082e-05
6.653043487628178319e-05
6.648762921967720494e-05
6.644482356307262669e-05
6.640201790646804844e-05
6.635921224986347019e-05
6.631640659325889193e-05
6.627360093665430013e-05
6.623079528004972188e-05
6.618798962344514362e-05
6.614518396684056537e-05
6.610237831023598712e-05
6.605957265363139532e-05
6.601676699702681706e-05
6.597396134042223881e-05
6.593115568381766056e-05
6.588835002721308231e-05
6.584554437060850406e-05
6.580341721558307917e-05
6.576196856213682121e-05
6.572051990869056325e-05
6.567907125524431885e-05
6.563762260179806089e-05
6.559617394835180293e-05
6.555472529490554497e-05
6.551327664145928701e-05
6.547182798801304260e-05
6.543037933456678464e-05
6.538893068112052668e-05
6.534748202767426872e-05
6.530603337422801076e-05
6.526458472078175280e-05
6.522313606733550840e-05
6.518168741388925044e-05
6.514023876044299248e-05
6.510794550741011693e-05
6.507565225437724138e-05
6.504335900134436584e-05
6.501106574831149029e-05
6.497877249527860119e-05
6.494647924224572564e-05
6.491418598921285010e-05
6.488189273617997455e-05
6.484959948314709900e-05
6.481730623011422345e-05
6.478501297708134791e-05
6.475271972404847236e-05
6.472042647101558326e-05
6.468813321798270771e-05
6.465583996494983217e-05
6.462354671191695662e-05
6.461088314333597430e-05
6.461784925920687167e-05
6.462481537507778259e-05
6.463178149094867995e-05
6.463874760681959087e-05
6.464571372269048823e-05
6.465267983856139915e-05
6.465964595443229651e-05
6.466661207030320743e-05
6.467357818617411834e-05
6.468054430204501571e-05
6.468751041791592662e-05
6.469447653378682399e-05
6.470144264965773490e-05
6.470840876552863227e-05
6.471537488139954318e-05
6.472234099727044055e-05
6.468593329695760188e-05
6.460615178046102719e-05
6.452637026396443895e-05
6.444658874746785071e-05
6.436680723097127602e-05
6.428702571447468777e-05
6.420724419797809953e-05
6.412746268148152484e-05
6.404768116498493660e-05
6.396789964848834836e-05
6.388811813199177366e-05
6.380833661549518542e-05
6.372855509899861073e-05
6.364877358250202249e-05
6.356899206600543425e-05
6.348921054950885955e-05
6.340942903301227131e-05
6.344231633664453517e-05
6.347520364027678548e-05
6.350809094390904934e-05
6.354097824754131321e-05
6.357386555117356351e-05
6.360675285480582738e-05
6.363964015843809124e-05
6.367252746207034155e-05
6.370541476570260541e-05
6.373830206933486927e-05
6.377118937296711958e-05
6.380407667659938344e-05
6.383696398023164730e-05
6.386985128386389761e-05
6.390273858749616147e-05
6.393562589112842533e-05
6.394378347800702071e-05
6.392721134813197470e-05
6.391063921825692869e-05
6.389406708838188268e-05
6.387749495850683667e-05
6.386092282863179066e-05
6.384435069875673109e-05
6.382777856888168508e-05
6.381120643900663907e-05
6.379463430913159306e-05
6.377806217925654705e-05
6.376149004938148749e-05
6.374491791950644148e-05
6.372834578963139547e-05
6.371177365975634946e-05
6.369520152988130345e-05
6.367862940000625744e-05
6.364800406352406469e-05
6.360332552043473876e-05
6.355864697734542638e-05
6.351396843425610045e-05
6.346928989116677451e-05
6.342461134807746213e-05
6.337993280498813620e-05
6.333525426189881027e-05
6.329057571880948433e-05
6.324589717572017195e-05
6.320121863263084602e-05
6.315654008954152009e-05
6.311186154645220770e-05
6.306718300336288177e-05
6.302250446027355584e-05
6.297782591718424346e-05
6.293314737409491752e-05
6.287418843558170820e-05
6.280094910164462903e-05
6.272770976770754986e-05
6.265447043377047069e-05
6.258123109983339152e-05
6.250799176589631235e-05
6.243475243195923318e-05
6.236151309802214046e-05
6.228827376408506129e-05
6.221503443014798213e-05
6.214179509621090296e-05
6.206855576227382379e-05
6.199531642833674462e-05
6.192207709439965190e-05
6.184883776046257273e-05
6.177559842652549356e-05
6.170235909258841439e-05
6.168732503211275017e-05
6.167229097163708595e-05
6.165725691116142172e-05
6.164222285068577105e-05
6.162718879021010683e-05
6.161215472973444261e-05
6.159712066925877839e-05
6.158208660878311416e-05
6.156705254830744994e-05
6.155201848783179927e-05
6.153698442735613505e-05
6.152195036688047083e-05
6.150691630640480660e-05
6.149188224592914238e-05
6.147684818545347816e-05
6.146181412497781394e-05
6.142398274627721691e-05
6.136335404935167352e-05
6.130272535242614368e-05
6.124209665550060030e-05
6.118146795857505691e-05
6.112083926164952707e-05
6.106021056472398368e-05
6.099958186779844707e-05
6.093895317087291046e-05
6.087832447394736707e-05
6.081769577702183046e-05
6.075706708009628707e-05
6.069643838317075046e-05
6.063580968624521385e-05
6.057518098931967046e-05
6.051455229239413385e-05
6.045392359546859724e-05
6.042770131567873744e-05
6.043588545302456123e-05
6.044406959037038502e-05
6.045225372771621559e-05
6.046043786506203937e-05
6.046862200240786316e-05
6.047680613975368695e-05
6.048499027709951074e-05
6.049317441444534131e-05
6.050135855179116510e-05
6.050954268913698889e-05
6.051772682648281267e-05
6.052591096382863646e-05
6.053409510117446025e-05
6.054227923852029082e-05
6.055046337586611461e-05
6.055864751321193840e-05
6.055368567211606452e-05
6.054872383102019064e-05
6.054376198992431676e-05
6.053880014882844288e-05
6.053383830773256900e-05
6.052887646663669512e-05
6.052391462554082124e-05
6.051895278444494736e-05
6.051399094334908025e-05
6.050902910225320637e-05
6.050406726115733249e-05
6.049910542006145861e-05
6.049414357896558473e-05
6.048918173786971085e-05
6.048421989677383697e-05
6.047925805567796309e-05
6.048561327849807484e-05
6.050328556523416543e-05
6.052095785197026279e-05
6.053863013870635338e-05
6.055630242544245075e-05
6.057397471217854134e-05
6.059164699891463870e-05
6.060931928565072929e-05
6.062699157238682666e-05
6.064466385912292403e-05
6.066233614585901462e-05
6.068000843259511198e-05
6.069768071933120257e-05
6.071535300606729994e-05
6.073302529280339053e-05
6.075069757953948789e-05
6.076836986627557848e-05
6.075964106570822746e-05
6.072451117783743483e-05
6.068938128996664220e-05
6.065425140209584957e-05
6.061912151422505017e-05
6.058399162635425754e-05
6.054886173848346491e-05
6.051373185061267228e-05
6.047860196274187287e-05
6.044347207487108024e-05
6.040834218700028761e-05
6.037321229912949498e-05
6.033808241125870235e-05
6.030295252338790295e-05
6.026782263551711032e-05
6.023269274764631769e-05
6.019756285977552506e-05
6.015293343026905580e-05
6.009880445912691669e-05
6.004467548798477080e-05
5.999054651684263169e-05
5.993641754570049258e-05
5.988228857455835346e-05
5.982815960341620758e-05
5.977403063227406847e-05
5.971990166113192935e-05
5.966577268998979024e-05
5.961164371884764435e-05
5.955751474770550524e-05
5.950338577656336613e-05
5.944925680542122702e-05
5.939512783427908113e-05
5.934099886313694202e-05
5.928686989199480291e-05
5.928900492680379156e-05
5.929113996161278021e-05
5.929327499642176886e-05
5.929541003123076429e-05
5.929754506603975294e-05
5.929968010084874159e-05
5.930181513565773024e-05
5.930395017046671889e-05
5.930608520527570754e-05
5.930822024008470297e-05
5.931035527489369162e-05
5.931249030970268027e-05
5.931462534451166892e-05
5.931676037932065757e-05
5.931889541412964622e-05
5.932103044893863487e-05
5.930287477287351854e-05
5.926442838593429723e-05
5.922598199899506915e-05
5.918753561205584784e-05
5.914908922511661975e-05
5.911064283817739844e-05
5.907219645123817036e-05
5.903375006429894905e-05
5.899530367735972096e-05
5.895685729042049965e-05
5.891841090348127834e-05
5.887996451654205026e-05
5.884151812960282895e-05
5.880307174266360086e-05
5.876462535572437955e-05
5.872617896878515147e-05
5.868773258184593016e-05
5.865040985208936941e-05
5.861421077951546924e-05
5.857801170694157584e-05
5.854181263436767567e-05
5.850561356179378227e-05
5.846941448921988210e-05
5.843321541664598192e-05
5.839701634407208853e-05
5.836081727149818835e-05
5.832461819892429495e-05
5.828841912635039478e-05
5.825222005377650138e-05
5.821602098120260121e-05
5.817982190862870781e-05
5.814362283605480764e-05
5.810742376348091424e-05
5.807122469090701406e-05
5.807887502199663468e-05
5.808652535308625529e-05
5.809417568417586913e-05
5.810182601526548974e-05
5.810947634635511036e-05
5.811712667744473097e-05
5.812477700853435159e-05
5.813242733962396542e-05
5.814007767071358604e-05
5.814772800180320665e-05
5.815537833289282727e-05
5.816302866398244110e-05
5.817067899507206172e-05
5.817832932616168233e-05
5.818597965725130295e-05
5.819362998834092356e-05
5.818288988700194325e-05
5.815375935323436880e-05
5.812462881946680113e-05
5.809549828569922667e-05
5.806636775193165222e-05
5.803723721816408455e-05
5.800810668439651009e-05
5.797897615062893564e-05
5.794984561686136119e-05
5.792071508309379351e-05
5.789158454932621906e-05
5.786245401555864461e-05
5.783332348179107693e-05
5.780419294802350248e-05
5.777506241425592803e-05
5.774593188048836035e-05
5.771680134672078590e-05
5.768007195398741556e-05
5.763574370228825611e-05
5.759141545058909666e-05
5.754708719888993043e-05
5.750275894719077097e-05
5.745843069549161152e-05
5.741410244379244529e-05
5.736977419209328584e-05
5.732544594039411961e-05
5.728111768869496016e-05
5.723678943699580070e-05
5.719246118529663447e-05
5.714813293359747502e-05
5.710380468189831557e-05
5.705947643019914934e-05
5.701514817849998989e-05
5.697081992680083043e-05
5.695091920750534111e-05
5.695544602061352192e-05
5.695997283372170272e-05
5.696449964682989030e-05
5.696902645993807111e-05
5.697355327304625869e-05
5.697808008615443950e-05
5.698260689926262031e-05
5.698713371237080789e-05
5.699166052547898869e-05
5.699618733858717628e-05
5.700071415169535708e-05
5.700524096480353789e-05
5.700976777791172547e-05
5.701429459101990628e-05
5.701882140412809386e-05
5.702334821723627467e-05
5.700322203498303349e-05
5.698309585272979231e-05
5.696296967047655792e-05
5.694284348822331674e-05
5.692271730597007557e-05
5.690259112371683439e-05
5.688246494146359321e-05
5.686233875921035882e-05
5.684221257695711764e-05
5.682208639470387647e-05
5.680196021245063529e-05
5.678183403019740089e-05
5.676170784794415972e-05
5.674158166569091854e-05
5.672145548343767737e-05
5.670132930118443619e-05
5.668222474767301098e-05
5.666414182290340173e-05
5.664605889813379249e-05
5.662797597336418324e-05
5.660989304859457400e-05
5.659181012382496475e-05
5.657372719905535551e-05
5.655564427428574626e-05
5.653756134951613702e-05
5.651947842474652100e-05
5.650139549997691175e-05
5.648331257520730251e-05
5.646522965043769326e-05
5.644714672566808402e-05
5.642906380089847477e-05
5.641098087612886553e-05
5.639289795135925628e-05
5.637184372400255570e-05
5.634781819405877733e-05
5.632379266411499896e-05
5.629976713417122059e-05
5.627574160422744222e-05
5.625171607428366386e-05
5.622769054433988549e-05
5.620366501439610712e-05
5.617963948445232875e-05
5.615561395450855038e-05
5.613158842456477201e-05
5.610756289462099364e-05
5.608353736467721527e-05
5.605951183473343691e-05
5.603548630478965854e-05
5.601146077484588017e-05
5.598743524490210180e-05
5.600149905572538925e-05
5.601556286654866992e-05
5.602962667737195737e-05
5.604369048819524482e-05
5.605775429901852549e-05
5.607181810984181294e-05
5.608588192066509361e-05
5.609994573148838106e-05
5.611400954231166851e-05
5.612807335313494919e-05
5.614213716395823663e-05
5.615620097478152408e-05
5.617026478560480476e-05
5.618432859642809220e-05
5.619839240725137965e-05
5.621245621807466033e-05
5.620851709160708297e-05
5.618657502784864081e-05
5.616463296409019188e-05
5.614269090033174972e-05
5.612074883657330757e-05
5.609880677281485863e-05
5.607686470905641647e-05
5.605492264529797432e-05
5.603298058153953216e-05
5.601103851778108323e-05
5.598909645402264107e-05
5.596715439026419891e-05
5.594521232650574998e-05
5.592327026274730782e-05
5.590132819898886566e-05
5.587938613523041673e-05
5.585744407147197457e-05
5.583986914441011422e-05
5.582666135404483568e-05
5.581345356367956392e-05
5.580024577331428538e-05
5.578703798294900684e-05
5.577383019258372830e-05
5.576062240221845654e-05
5.574741461185317800e-05
5.573420682148789946e-05
5.572099903112262093e-05
5.570779124075734239e-05
5.569458345039207062e-05
5.568137566002679209e-05
5.566816786966151355e-05
5.565496007929623501e-05
5.564175228893096325e-05
5.562854449856568471e-05
5.560393915814632119e-05
5.556793626767286593e-05
5.553193337719941066e-05
5.549593048672596217e-05
5.545992759625250690e-05
5.542392470577905164e-05
5.538792181530560315e-05
5.535191892483214788e-05
5.531591603435869262e-05
5.527991314388524413e-05
5.524391025341178886e-05
5.520790736293833360e-05
5.517190447246488511e-05
5.513590158199142984e-05
5.509989869151797457e-05
5.506389580104452608e-05
5.502789291057107082e-05
5.501130515584519215e-05
5.499471740111930670e-05
5.497812964639342803e-05
5.496154189166754258e-05
5.494495413694166391e-05
5.492836638221577846e-05
5.491177862748989979e-05
5.489519087276402111e-05
5.487860311803813567e-05
5.486201536331225699e-05
5.484542760858637155e-05
5.482883985386049287e-05
5.481225209913460743e-05
5.479566434440872875e-05
5.477907658968285008e-05
5.476248883495696463e-05
5.474810921252286681e-05
5.473593772238054305e-05
5.472376623223821929e-05
5.471159474209590231e-05
5.469942325195357855e-05
5.468725176181125480e-05
5.467508027166893104e-05
5.466290878152661406e-05
5.465073729138429030e-05
5.463856580124196654e-05
5.462639431109964956e-05
5.461422282095732580e-05
5.460205133081500205e-05
5.458987984067267829e-05
5.457770835053036131e-05
5.456553686038803755e-05
5.455336537024571379e-05
5.454450062551817089e-05
5.453894262620540207e-05
5.453338462689262647e-05
5.452782662757985765e-05
5.452226862826708883e-05
5.451671062895432001e-05
5.451115262964154442e-05
5.450559463032877560e-05
5.450003663101600677e-05
5.449447863170323795e-05
5.448892063239046913e-05
5.448336263307769354e-05
5.447780463376492472e-05
5.447224663445215590e-05
5.446668863513938708e-05
5.446113063582661148e-05
5.445557263651384266e-05
5.443967949612996116e-05
5.441345121467497376e-05
5.438722293321998635e-05
5.436099465176499895e-05
5.433476637031001155e-05
5.430853808885502415e-05
5.428230980740003674e-05
5.425608152594504257e-05
5.422985324449005516e-05
5.420362496303506776e-05
5.417739668158008036e-05
5.415116840012509296e-05
5.412494011867010555e-05
5.409871183721511138e-05
5.407248355576012397e-05
5.404625527430513657e-05
5.402002699285014917e-05
5.399684775867197420e-05
5.397366852449380601e-05
5.395048929031563104e-05
5.392731005613745607e-05
5.390413082195928788e-05
5.388095158778111291e-05
5.385777235360293794e-05
5.383459311942476974e-05
5.381141388524659478e-05
5.378823465106841981e-05
5.376505541689025161e-05
5.374187618271207664e-05
5.371869694853390168e-05
5.369551771435573348e-05
5.367233848017755851e-05
5.364915924599938354e-05
5.363794139410805453e-05
5.363868492450355791e-05
5.363942845489906808e-05
5.364017198529457824e-05
5.364091551569008162e-05
5.364165904608559179e-05
5.364240257648109517e-05
5.364314610687660533e-05
5.364388963727210872e-05
5.364463316766761888e-05
5.364537669806312904e-05
5.364612022845863243e-05
5.364686375885414259e-05
5.364760728924964598e-05
5.364835081964515614e-05
5.364909435004066630e-05
5.364983788043616969e-05
5.364395198745342821e-05
5.363143667109243509e-05
5.361892135473144875e-05
5.360640603837045563e-05
5.359389072200946251e-05
5.358137540564846939e-05
5.356886008928748305e-05
5.355634477292648993e-05
5.354382945656549681e-05
5.353131414020450370e-05
5.351879882384351735e-05
5.350628350748252423e-05
5.349376819112153112e-05
5.348125287476053800e-05
5.346873755839955166e-05
5.345622224203855854e-05
5.344370692567756542e-05
5.345391866224424881e-05
5.346413039881092543e-05
5.347434213537760882e-05
5.348455387194428544e-05
5.349476560851096883e-05
5.350497734507764545e-05
5.351518908164432884e-05
5.352540081821101223e-05
5.353561255477768885e-05
5.354582429134437224e-05
5.355603602791104886e-05
5.356624776447773225e-05
5.357645950104440887e-05
5.358667123761109226e-05
5.359688297417777565e-05
5.360709471074445227e-05
5.361568844744000052e-05
5.362266418426442041e-05
5.362963992108884029e-05
5.363661565791325340e-05
5.364359139473767328e-05
5.365056713156209317e-05
5.365754286838651305e-05
5.366451860521092616e-05
5.367149434203534605e-05
5.367847007885976593e-05
5.368544581568417904e-05
5.369242155250859893e-05
5.369939728933301881e-05
5.370637302615743870e-05
5.371334876298185180e-05
5.372032449980627169e-05
5.372730023663069157e-05
5.370417125687764284e-05
5.365093756054713903e-05
5.359770386421662845e-05
5.354447016788611786e-05
5.349123647155561406e-05
5.343800277522510348e-05
5.338476907889459967e-05
5.333153538256408909e-05
5.327830168623358528e-05
5.322506798990307470e-05
5.317183429357256411e-05
5.311860059724206031e-05
5.306536690091154972e-05
5.301213320458104592e-05
5.295889950825053533e-05
5.290566581192002475e-05
5.285243211558952094e-05
5.281165711760886142e-05
5.278334081797804618e-05
5.275502451834723094e-05
5.272670821871641570e-05
5.269839191908560046e-05
5.267007561945478522e-05
5.264175931982396998e-05
5.261344302019315474e-05
5.258512672056233950e-05
5.255681042093152426e-05
5.252849412130070902e-05
5.250017782166989378e-05
5.247186152203907854e-05
5.244354522240826330e-05
5.241522892277744806e-05
5.238691262314663282e-05
5.235859632351581757e-05
5.234849011900073073e-05
5.233838391448563711e-05
5.232827770997055026e-05
5.231817150545545664e-05
5.230806530094036979e-05
5.229795909642527617e-05
5.228785289191018932e-05
5.227774668739509570e-05
5.226764048288000885e-05
5.225753427836491523e-05
5.224742807384982838e-05
5.223732186933474153e-05
5.222721566481964791e-05
5.221710946030456106e-05
5.220700325578946744e-05
5.219689705127438060e-05
5.218161136305830307e-05
5.216114619114124165e-05
5.214068101922417344e-05
5.212021584730711202e-05
5.209975067539005059e-05
5.207928550347298239e-05
5.205882033155592096e-05
5.203835515963885954e-05
5.201788998772179811e-05
5.199742481580472991e-05
5.197695964388766848e-05
5.195649447197060706e-05
5.193602930005353886e-05
5.191556412813647743e-05
5.189509895621941600e-05
5.187463378430234780e-05
5.185416861238528638e-05
5.185892370286367267e-05
5.188889905573751345e-05
5.191887440861134745e-05
5.194884976148518146e-05
5.197882511435902224e-05
5.200880046723285624e-05
5.203877582010669025e-05
5.206875117298053103e-05
5.209872652585436503e-05
5.212870187872819904e-05
5.215867723160203982e-05
5.218865258447587382e-05
5.221862793734971460e-05
5.224860329022354861e-05
5.227857864309738261e-05
5.230855399597122339e-05
5.233852934884505740e-05
5.230423165951654730e-05
5.226993397018803720e-05
5.223563628085952710e-05
5.220133859153101700e-05
5.216704090220250690e-05
5.213274321287399680e-05
5.209844552354548670e-05
5.206414783421697660e-05
5.202985014488846651e-05
5.199555245555995641e-05
5.196125476623144631e-05
5.192695707690293621e-05
5.189265938757442611e-05
5.185836169824591601e-05
5.182406400891740591e-05
5.178976631958889581e-05
5.177903336537720654e-05
5.179186514628234488e-05
5.180469692718747644e-05
5.181752870809261478e-05
5.183036048899775311e-05
5.184319226990288467e-05
5.185602405080802301e-05
5.186885583171316135e-05
5.188168761261829291e-05
5.189451939352343124e-05
5.190735117442856958e-05
5.192018295533370792e-05
5.193301473623883948e-05
5.194584651714397782e-05
5.195867829804911615e-05
5.197151007895424771e-05
5.198434185985938605e-05
5.198593114804112990e-05
5.197627794349948604e-05
5.196662473895784218e-05
5.195697153441619154e-05
5.194731832987454768e-05
5.193766512533290382e-05
5.192801192079125319e-05
5.191835871624960933e-05
5.190870551170796547e-05
5.189905230716631483e-05
5.188939910262467097e-05
5.187974589808302034e-05
5.187009269354137648e-05
5.186043948899973262e-05
5.185078628445808198e-05
5.184113307991643812e-05
5.183147987537479426e-05
5.182614469273745479e-05
5.182512753200441971e-05
5.182411037127138462e-05
5.182309321053834954e-05
5.182207604980532123e-05
5.182105888907228615e-05
5.182004172833925106e-05
5.181902456760622275e-05
5.181800740687318767e-05
5.181699024614015259e-05
5.181597308540711750e-05
5.181495592467408919e-05
5.181393876394105411e-05
5.181292160320801903e-05
5.181190444247498394e-05
5.181088728174195563e-05
5.180987012100892055e-05
5.176315273277993378e-05
5.171643534455094702e-05
5.166971795632195347e-05
5.162300056809296671e-05
5.157628317986397994e-05
5.152956579163499317e-05
5.148284840340599963e-05
5.143613101517701287e-05
5.138941362694802610e-05
5.134269623871903933e-05
5.129597885049004579e-05
5.124926146226105902e-05
5.120254407403207226e-05
5.115582668580308549e-05
5.110910929757409195e-05
5.106239190934510518e-05
5.103411919402658307e-05
5.102429115161853239e-05
5.101446310921047494e-05
5.100463506680242426e-05
5.099480702439436680e-05
5.098497898198631613e-05
5.097515093957825867e-05
5.096532289717020799e-05
5.095549485476215054e-05
5.094566681235409986e-05
5.093583876994604918e-05
5.092601072753799173e-05
5.091618268512994105e-05
5.090635464272188360e-05
5.089652660031383292e-05
5.088669855790577546e-05
5.087687051549772478e-05
5.087539214204410041e-05
5.088226343754490233e-05
5.088913473304570426e-05
5.089600602854651296e-05
5.090287732404731488e-05
5.090974861954812358e-05
5.091661991504892550e-05
5.092349121054972743e-05
5.093036250605053613e-05
5.093723380155133805e-05
5.094410509705214675e-05
5.095097639255294868e-05
5.095784768805375060e-05
5.096471898355455930e-05
5.097159027905536123e-05
5.097846157455616993e-05
5.098533287005697185e-05
5.095856720524463479e-05
5.093180154043229772e-05
5.090503587561996066e-05
5.087827021080761682e-05
5.085150454599527976e-05
5.082473888118294270e-05
5.079797321637060563e-05
5.077120755155826857e-05
5.074444188674593151e-05
5.071767622193358767e-05
5.069091055712125060e-05
5.066414489230891354e-05
5.063737922749657648e-05
5.061061356268423941e-05
5.058384789787190235e-05
5.055708223305956529e-05
5.054482379342634677e-05
5.054707257897224679e-05
5.054932136451814682e-05
5.055157015006404685e-05
5.055381893560994687e-05
5.055606772115584690e-05
5.055831650670174692e-05
5.056056529224764695e-05
5.056281407779354697e-05
5.056506286333944700e-05
5.056731164888534703e-05
5.056956043443124705e-05
5.057180921997714708e-05
5.057405800552304710e-05
5.057630679106894713e-05
5.057855557661484715e-05
5.058080436216074718e-05
5.058422763403931270e-05
5.058882539225053015e-05
5.059342315046174760e-05
5.059802090867296506e-05
5.060261866688418251e-05
5.060721642509539997e-05
5.061181418330662420e-05
5.061641194151784165e-05
5.062100969972905911e-05
5.062560745794027656e-05
5.063020521615149401e-05
5.063480297436271824e-05
5.063940073257393570e-05
5.064399849078515315e-05
5.064859624899637061e-05
5.065319400720758806e-05
5.065779176541880551e-05
5.065350833443743448e-05
5.064034371426346141e-05
5.062717909408949511e-05
5.061401447391552204e-05
5.060084985374155574e-05
5.058768523356758267e-05
5.057452061339361637e-05
5.056135599321964330e-05
5.054819137304567700e-05
5.053502675287170392e-05
5.052186213269773763e-05
5.050869751252376455e-05
5.049553289234979826e-05
5.048236827217582518e-05
5.046920365200185889e-05
5.045603903182788581e-05
5.044287441165391952e-05
5.042741354269713986e-05
5.041195267374035344e-05
5.039649180478357379e-05
5.038103093582679414e-05
5.036557006687000771e-05
5.035010919791322806e-05
5.033464832895644841e-05
5.031918745999966198e-05
5.030372659104288233e-05
5.028826572208610268e-05
5.027280485312931625e-05
5.025734398417253660e-05
5.024188311521575695e-05
5.022642224625897052e-05
5.021096137730219087e-05
5.019550050834541122e-05
5.017964101554262966e-05
5.016338289889384620e-05
5.014712478224506951e-05
5.013086666559628604e-05
5.011460854894750935e-05
5.009835043229872589e-05
5.008209231564994920e-05
5.006583419900116573e-05
5.004957608235238904e-05
5.003331796570361235e-05
5.001705984905482888e-05
5.000080173240605219e-05
4.998454361575726873e-05
4.996828549910849204e-05
4.995202738245970857e-05
4.993576926581093188e-05
4.991951114916214842e-05
4.991872850835556830e-05
4.993342134339118476e-05
4.994811417842679444e-05
4.996280701346241090e-05
4.997749984849802736e-05
4.999219268353363705e-05
5.000688551856925351e-05
5.002157835360486997e-05
5.003627118864047965e-05
5.005096402367609611e-05
5.006565685871171257e-05
5.008034969374732903e-05
5.009504252878293871e-05
5.010973536381855517e-05
5.012442819885417163e-05
5.013912103388978132e-05
5.015381386892539778e-05
5.016377965103231332e-05
5.016901838021052117e-05
5.017425710938872902e-05
5.017949583856693688e-05
5.018473456774514473e-05
5.018997329692335258e-05
5.019521202610156043e-05
5.020045075527977506e-05
5.020568948445798291e-05
5.021092821363619076e-05
5.021616694281439862e-05
5.022140567199260647e-05
5.022664440117081432e-05
5.023188313034902895e-05
5.023712185952723680e-05
5.024236058870544465e-05
5.024759931788365250e-05
5.023192027436036570e-05
5.021624123083707889e-05
5.020056218731379209e-05
5.018488314379050528e-05
5.016920410026721848e-05
5.015352505674393167e-05
5.013784601322064487e-05
5.012216696969735806e-05
5.010648792617407126e-05
5.009080888265078445e-05
5.007512983912749765e-05
5.005945079560421084e-05
5.004377175208092404e-05
5.002809270855763723e-05
5.001241366503435043e-05
4.999673462151106362e-05
4.997447114658380983e-05
4.994562324025257551e-05
4.991677533392134119e-05
4.988792742759010686e-05
4.985907952125887932e-05
4.983023161492764499e-05
4.980138370859641067e-05
4.977253580226517635e-05
4.974368789593394203e-05
4.971483998960271448e-05
4.968599208327148016e-05
4.965714417694024583e-05
4.962829627060901151e-05
4.959944836427778396e-05
4.957060045794654964e-05
4.954175255161531532e-05
4.951290464528408100e-05
4.949818864646978941e-05
4.949760455517242702e-05
4.949702046387506463e-05
4.949643637257770224e-05
4.949585228128033985e-05
4.949526818998297746e-05
4.949468409868561507e-05
4.949410000738825268e-05
4.949351591609089029e-05
4.949293182479352790e-05
4.949234773349616551e-05
4.949176364219880312e-05
4.949117955090144073e-05
4.949059545960407834e-05
4.949001136830671595e-05
4.948942727700935356e-05
4.948884318571199117e-05
4.947686603125825427e-05
4.946488887680451738e-05
4.945291172235078049e-05
4.944093456789705037e-05
4.942895741344331348e-05
4.941698025898957658e-05
4.940500310453583969e-05
4.939302595008210280e-05
4.938104879562836590e-05
4.936907164117463579e-05
4.935709448672089889e-05
4.934511733226716200e-05
4.933314017781342511e-05
4.932116302335968821e-05
4.930918586890595132e-05
4.929720871445221443e-05
4.929903651163853760e-05
4.931466926046492084e-05
4.933030200929130408e-05
4.934593475811768732e-05
4.936156750694406379e-05
4.937720025577044703e-05
4.939283300459683027e-05
4.940846575342321351e-05
4.942409850224958998e-05
4.943973125107597322e-05
4.945536399990235646e-05
4.947099674872873970e-05
4.948662949755512294e-05
4.950226224638149940e-05
4.951789499520788265e-05
4.953352774403426589e-05
4.954916049286064913e-05
4.955004199432353059e-05
4.953617224842291029e-05
4.952230250252229676e-05
4.950843275662167645e-05
4.949456301072106292e-05
4.948069326482044261e-05
4.946682351891982908e-05
4.945295377301920877e-05
4.943908402711859524e-05
4.942521428121798171e-05
4.941134453531736140e-05
4.939747478941674787e-05
4.938360504351612756e-05
4.936973529761551403e-05
4.935586555171489373e-05
4.934199580581428020e-05
4.932812605991365989e-05
4.930958155669358116e-05
4.928636229615403723e-05
4.926314303561449330e-05
4.923992377507495615e-05
4.921670451453541222e-05
4.919348525399586830e-05
4.917026599345632437e-05
4.914704673291678044e-05
4.912382747237724329e-05
4.910060821183769936e-05
4.907738895129815543e-05
4.905416969075861150e-05
4.903095043021906758e-05
4.900773116967952365e-05
4.898451190913998650e-05
4.896129264860044257e-05
4.893807338806089864e-05
4.892918304938316521e-05
4.892029271070542500e-05
4.891140237202769157e-05
4.890251203334995136e-05
4.889362169467221793e-05
4.888473135599447772e-05
4.887584101731674429e-05
4.886695067863901085e-05
4.885806033996127065e-05
4.884917000128353721e-05
4.884027966260579701e-05
4.883138932392806357e-05
4.882249898525032336e-05
4.881360864657258993e-05
4.880471830789485650e-05
4.879582796921711629e-05
4.878775491265469185e-05
4.878049913820757641e-05
4.877324336376046097e-05
4.876598758931334552e-05
4.875873181486623008e-05
4.875147604041911464e-05
4.874422026597199920e-05
4.873696449152488375e-05
4.872970871707776831e-05
4.872245294263065287e-05
4.871519716818353742e-05
4.870794139373642198e-05
4.870068561928930654e-05
4.869342984484219109e-05
4.868617407039507565e-05
4.867891829594796021e-05
4.867166252150084476e-05
4.866676641707171839e-05
4.866422998266058787e-05
4.866169354824945056e-05
4.865915711383831326e-05
4.865662067942718274e-05
4.865408424501604543e-05
4.865154781060490813e-05
4.864901137619377761e-05
4.864647494178264030e-05
4.864393850737150300e-05
4.864140207296037248e-05
4.863886563854923518e-05
4.863632920413810465e-05
4.863379276972696735e-05
4.863125633531583005e-05
4.862871990090469952e-05
4.862618346649356222e-05
4.862087389717654567e-05
4.861556432785952913e-05
4.861025475854251259e-05
4.860494518922549604e-05
4.859963561990847950e-05
4.859432605059145618e-05
4.858901648127443964e-05
4.858370691195742309e-05
4.857839734264040655e-05
4.857308777332339000e-05
4.856777820400637346e-05
4.856246863468935692e-05
4.855715906537234037e-05
4.855184949605532383e-05
4.854653992673830729e-05
4.854123035742129074e-05
4.854160235398251750e-05
4.854765591642200111e-05
4.855370947886147794e-05
4.855976304130096155e-05
4.856581660374043838e-05
4.857187016617992199e-05
4.857792372861939882e-05
4.858397729105888243e-05
4.859003085349836604e-05
4.859608441593784287e-05
4.860213797837732648e-05
4.860819154081680332e-05
4.861424510325628692e-05
4.862029866569576376e-05
4.862635222813524737e-05
4.863240579057472420e-05
4.863845935301420781e-05
4.864077448128512938e-05
4.863935117538748892e-05
4.863792786948985524e-05
4.863650456359221478e-05
4.863508125769457432e-05
4.863365795179694064e-05
4.863223464589930018e-05
4.863081134000166649e-05
4.862938803410402604e-05
4.862796472820638558e-05
4.862654142230875189e-05
4.862511811641111143e-05
4.862369481051347775e-05
4.862227150461583729e-05
4.862084819871819683e-05
4.861942489282056315e-05
4.861800158692292269e-05
4.859639605510869217e-05
4.855460829737786482e-05
4.851282053964703068e-05
4.847103278191620333e-05
4.842924502418537598e-05
4.838745726645454862e-05
4.834566950872371449e-05
4.830388175099288714e-05
4.826209399326205978e-05
4.822030623553123243e-05
4.817851847780039830e-05
4.813673072006957094e-05
4.809494296233874359e-05
4.805315520460791623e-05
4.801136744687708210e-05
4.796957968914625475e-05
4.792779193141542739e-05
4.794997641694508463e-05
4.797216090247474187e-05
4.799434538800440589e-05
4.801652987353406313e-05
4.803871435906372037e-05
4.806089884459337761e-05
4.808308333012303485e-05
4.810526781565269209e-05
4.812745230118235611e-05
4.814963678671201335e-05
4.817182127224167059e-05
4.819400575777132783e-05
4.821619024330098507e-05
4.823837472883064909e-05
4.826055921436030633e-05
4.828274369988996357e-05
4.828549900417238369e-05
4.826882512720757348e-05
4.825215125024276327e-05
4.823547737327795305e-05
4.821880349631314284e-05
4.820212961934833263e-05
4.818545574238352242e-05
4.816878186541871220e-05
4.815210798845389521e-05
4.813543411148908500e-05
4.811876023452427479e-05
4.810208635755946457e-05
4.808541248059465436e-05
4.806873860362984415e-05
4.805206472666503394e-05
4.803539084970022372e-05
4.801871697273541351e-05
4.801704931675584320e-05
4.803038788176152633e-05
4.804372644676720269e-05
4.805706501177288583e-05
4.807040357677856219e-05
4.808374214178424532e-05
4.809708070678992846e-05
4.811041927179560482e-05
4.812375783680128795e-05
4.813709640180696431e-05
4.815043496681264745e-05
4.816377353181832381e-05
4.817711209682400695e-05
4.819045066182968331e-05
4.820378922683536644e-05
4.821712779184104280e-05
4.823046635684672594e-05
4.821101934136327156e-05
4.819157232587981040e-05
4.817212531039635602e-05
4.815267829491290164e-05
4.813323127942944048e-05
4.811378426394598610e-05
4.809433724846253172e-05
4.807489023297907733e-05
4.805544321749561618e-05
4.803599620201216180e-05
4.801654918652870741e-05
4.799710217104524626e-05
4.797765515556179187e-05
4.795820814007833749e-05
4.793876112459487634e-05
4.791931410911142195e-05
4.791383864943660583e-05
4.792233474557043473e-05
4.793083084170426364e-05
4.793932693783808577e-05
4.794782303397191468e-05
4.795631913010574358e-05
4.796481522623957249e-05
4.797331132237339462e-05
4.798180741850722352e-05
4.799030351464105243e-05
4.799879961077487456e-05
4.800729570690870346e-05
4.801579180304253237e-05
4.802428789917636127e-05
4.803278399531018340e-05
4.804128009144401231e-05
4.804977618757784121e-05
4.804701730626379907e-05
4.803300344750189264e-05
4.801898958873998622e-05
4.800497572997807980e-05
4.799096187121618015e-05
4.797694801245427372e-05
4.796293415369236730e-05
4.794892029493046088e-05
4.793490643616855445e-05
4.792089257740664803e-05
4.790687871864474160e-05
4.789286485988283518e-05
4.787885100112092876e-05
4.786483714235902911e-05
4.785082328359712269e-05
4.783680942483521626e-05
4.782279556607330984e-05
4.781597900989506615e-05
4.781635975630048519e-05
4.781674050270591102e-05
4.781712124911133006e-05
4.781750199551674911e-05
4.781788274192216815e-05
4.781826348832759398e-05
4.781864423473301302e-05
4.781902498113843207e-05
4.781940572754385111e-05
4.781978647394927694e-05
4.782016722035469598e-05
4.782054796676011503e-05
4.782092871316553407e-05
4.782130945957095990e-05
4.782169020597637894e-05
4.782207095238179799e-05
4.780191768391792238e-05
4.778176441545405355e-05
4.776161114699017794e-05
4.774145787852630910e-05
4.772130461006243349e-05
4.770115134159856466e-05
4.768099807313468905e-05
4.766084480467082022e-05
4.764069153620694461e-05
4.762053826774307577e-05
4.760038499927920016e-05
4.758023173081532455e-05
4.756007846235145572e-05
4.753992519388758011e-05
4.751977192542371128e-05
4.749961865695983567e-05
4.749539822128754773e-05
4.750711061840684067e-05
4.751882301552613362e-05
4.753053541264542657e-05
4.754224780976471274e-05
4.755396020688400569e-05
4.756567260400329863e-05
4.757738500112259158e-05
4.758909739824188453e-05
4.760080979536117748e-05
4.761252219248047042e-05
4.762423458959976337e-05
4.763594698671905632e-05
4.764765938383834249e-05
4.765937178095763544e-05
4.767108417807692838e-05
4.768279657519622133e-05
4.769593153761525733e-05
4.771048906533403638e-05
4.772504659305282221e-05
4.773960412077160126e-05
4.775416164849038031e-05
4.776871917620915936e-05
4.778327670392794519e-05
4.779783423164672424e-05
4.781239175936550330e-05
4.782694928708428235e-05
4.784150681480306818e-05
4.785606434252184723e-05
4.787062187024062628e-05
4.788517939795940533e-05
4.789973692567819116e-05
4.791429445339697021e-05
4.792885198111574926e-05
4.788292165742989330e-05
4.783699133374403733e-05
4.779106101005817459e-05
4.774513068637231862e-05
4.769920036268646265e-05
4.765327003900060669e-05
4.760733971531475072e-05
4.756140939162888798e-05
4.751547906794303201e-05
4.746954874425717604e-05
4.742361842057132008e-05
4.737768809688545733e-05
4.733175777319960137e-05
4.728582744951374540e-05
4.723989712582788944e-05
4.719396680214203347e-05
4.718313320683155019e-05
4.720739633989643282e-05
4.723165947296132901e-05
4.725592260602621165e-05
4.728018573909110783e-05
4.730444887215599047e-05
4.732871200522088665e-05
4.735297513828576929e-05
4.737723827135066547e-05
4.740150140441554811e-05
4.742576453748044429e-05
4.745002767054532693e-05
4.747429080361022311e-05
4.749855393667510575e-05
4.752281706974000194e-05
4.754708020280488457e-05
4.757134333586978076e-05
4.757132972794971248e-05
4.754703937904468651e-05
4.752274903013966055e-05
4.749845868123463459e-05
4.747416833232961540e-05
4.744987798342458943e-05
4.742558763451956347e-05
4.740129728561453751e-05
4.737700693670951154e-05
4.735271658780449235e-05
4.732842623889946639e-05
4.730413588999444043e-05
4.727984554108941446e-05
4.725555519218439527e-05
4.723126484327936931e-05
4.720697449437434335e-05
4.718268414546931738e-05
4.717524566989256583e-05
4.718465906764407513e-05
4.719407246539559120e-05
4.720348586314710050e-05
4.721289926089861658e-05
4.722231265865012588e-05
4.723172605640163518e-05
4.724113945415315126e-05
4.725055285190466056e-05
4.725996624965617663e-05
4.726937964740768593e-05
4.727879304515920201e-05
4.728820644291071131e-05
4.729761984066222738e-05
4.730703323841373669e-05
4.731644663616525276e-05
4.732586003391676206e-05
4.733312422262572528e-05
4.734038841133468849e-05
4.734765260004365848e-05
4.735491678875262169e-05
4.736218097746158491e-05
4.736944516617054812e-05
4.737670935487951133e-05
4.738397354358848132e-05
4.739123773229744454e-05
4.739850192100640775e-05
4.740576610971537096e-05
4.741303029842434095e-05
4.742029448713330417e-05
4.742755867584226738e-05
4.743482286455123059e-05
4.744208705326019381e-05
4.745596621080511602e-05
4.747646033718598367e-05
4.749695446356685133e-05
4.751744858994771898e-05
4.753794271632858664e-05
4.755843684270945430e-05
4.757893096909032195e-05
4.759942509547118961e-05
4.761991922185205726e-05
4.764041334823292492e-05
4.766090747461379257e-05
4.768140160099466023e-05
4.770189572737552788e-05
4.772238985375639554e-05
4.774288398013726319e-05
4.776337810651813085e-05
4.778387223289899850e-05
4.777802368727642650e-05
4.774583246965041484e-05
4.771364125202440319e-05
4.768145003439839153e-05
4.764925881677237987e-05
4.761706759914636822e-05
4.758487638152035656e-05
4.755268516389434490e-05
4.752049394626833324e-05
4.748830272864232159e-05
4.745611151101630993e-05
4.742392029339029827e-05
4.739172907576428661e-05
4.735953785813827496e-05
4.732734664051226330e-05
4.729515542288625164e-05
4.726296420526023999e-05
4.724935218405393447e-05
4.725431935926734865e-05
4.725928653448076283e-05
4.726425370969417023e-05
4.726922088490758441e-05
4.727418806012099859e-05
4.727915523533440600e-05
4.728412241054782018e-05
4.728908958576123436e-05
4.729405676097464176e-05
4.729902393618805594e-05
4.730399111140147012e-05
4.730895828661487752e-05
4.731392546182829170e-05
4.731889263704170588e-05
4.732385981225511329e-05
4.732882698746852747e-05
4.732449289834806202e-05
4.732015880922758980e-05
4.731582472010712435e-05
4.731149063098665891e-05
4.730715654186619346e-05
4.730282245274572124e-05
4.729848836362525580e-05
4.729415427450479035e-05
4.728982018538432490e-05
4.728548609626385268e-05
4.728115200714338724e-05
4.727681791802292179e-05
4.727248382890244957e-05
4.726814973978198412e-05
4.726381565066151868e-05
4.725948156154105323e-05
4.725800619821145959e-05
4.725938956067274451e-05
4.726077292313402944e-05
4.726215628559531437e-05
4.726353964805660607e-05
4.726492301051789100e-05
4.726630637297917593e-05
4.726768973544046086e-05
4.726907309790174579e-05
4.727045646036303071e-05
4.727183982282431564e-05
4.727322318528560057e-05
4.727460654774688550e-05
4.727598991020817720e-05
4.727737327266946213e-05
4.727875663513074706e-05
4.728013999759203198e-05
4.728510468428183102e-05
4.729365069520014415e-05
4.730219670611845729e-05
4.731074271703676365e-05
4.731928872795507679e-05
4.732783473887338993e-05
4.733638074979170307e-05
4.734492676071001621e-05
4.735347277162832257e-05
4.736201878254663570e-05
4.737056479346494884e-05
4.737911080438326198e-05
4.738765681530157512e-05
4.739620282621988826e-05
4.740474883713819462e-05
4.741329484805650776e-05
4.742184085897482089e-05
4.739078285612595209e-05
4.735972485327708328e-05
4.732866685042821448e-05
4.729760884757934567e-05
4.726655084473047687e-05
4.723549284188161484e-05
4.720443483903274604e-05
4.717337683618387723e-05
4.714231883333500843e-05
4.711126083048613962e-05
4.708020282763727082e-05
4.704914482478840201e-05
4.701808682193953321e-05
4.698702881909066440e-05
4.695597081624179559e-05
4.692491281339292679e-05
4.691513406368946488e-05
4.692663456713139632e-05
4.693813507057332775e-05
4.694963557401525919e-05
4.696113607745719062e-05
4.697263658089912206e-05
4.698413708434105349e-05
4.699563758778298493e-05
4.700713809122491636e-05
4.701863859466685457e-05
4.703013909810878601e-05
4.704163960155071744e-05
4.705314010499264888e-05
4.706464060843458031e-05
4.707614111187651175e-05
4.708764161531844318e-05
4.709914211876037462e-05
4.710696272580087979e-05
4.711110343643994515e-05
4.711524414707901729e-05
4.711938485771808942e-05
4.712352556835715478e-05
4.712766627899622691e-05
4.713180698963529905e-05
4.713594770027436441e-05
4.714008841091343654e-05
4.714422912155250868e-05
4.714836983219157404e-05
4.715251054283064617e-05
4.715665125346971831e-05
4.716079196410878367e-05
4.716493267474785580e-05
4.716907338538692794e-05
4.717321409602599330e-05
4.716865173254592141e-05
4.715538629494670550e-05
4.714212085734748958e-05
4.712885541974827367e-05
4.711558998214905776e-05
4.710232454454984184e-05
4.708905910695062593e-05
4.707579366935141002e-05
4.706252823175218733e-05
4.704926279415297142e-05
4.703599735655375550e-05
4.702273191895453959e-05
4.700946648135532368e-05
4.699620104375610777e-05
4.698293560615689185e-05
4.696967016855767594e-05
4.695640473095846003e-05
4.697808938051360018e-05
4.699977403006874033e-05
4.702145867962388047e-05
4.704314332917902062e-05
4.706482797873416077e-05
4.708651262828930092e-05
4.710819727784444107e-05
4.712988192739958122e-05
4.715156657695471459e-05
4.717325122650985474e-05
4.719493587606499489e-05
4.721662052562013503e-05
4.723830517517527518e-05
4.725998982473041533e-05
4.728167447428555548e-05
4.730335912384069563e-05
4.730520449773816248e-05
4.728721059597794927e-05
4.726921669421773605e-05
4.725122279245752284e-05
4.723322889069730962e-05
4.721523498893709641e-05
4.719724108717688997e-05
4.717924718541667675e-05
4.716125328365646354e-05
4.714325938189625032e-05
4.712526548013603711e-05
4.710727157837583067e-05
4.708927767661561745e-05
4.707128377485540424e-05
4.705328987309519102e-05
4.703529597133497781e-05
4.701730206957476459e-05
4.701099159195248840e-05
4.701636453846814924e-05
4.702173748498381008e-05
4.702711043149947093e-05
4.703248337801513177e-05
4.703785632453079261e-05
4.704322927104645345e-05
4.704860221756211429e-05
4.705397516407777513e-05
4.705934811059343597e-05
4.706472105710909681e-05
4.707009400362475088e-05
4.707546695014041172e-05
4.708083989665607256e-05
4.708621284317173340e-05
4.709158578968739424e-05
4.709695873620305508e-05
4.710291644804331858e-05
4.710887415988358886e-05
4.711483187172385237e-05
4.712078958356412264e-05
4.712674729540438615e-05
4.713270500724465643e-05
4.713866271908491993e-05
4.714462043092519021e-05
4.715057814276545371e-05
4.715653585460572399e-05
4.716249356644598749e-05
4.716845127828625777e-05
4.717440899012652128e-05
4.718036670196679156e-05
4.718632441380705506e-05
4.719228212564732534e-05
4.719383114965405911e-05
4.719097148582726314e-05
4.718811182200046041e-05
4.718525215817366444e-05
4.718239249434686848e-05
4.717953283052006574e-05
4.717667316669326978e-05
4.717381350286647382e-05
4.717095383903967785e-05
4.716809417521287512e-05
4.716523451138607915e-05
4.716237484755928319e-05
4.715951518373248045e-05
4.715665551990568449e-05
4.715379585607888853e-05
4.715093619225208579e-05
4.714807652842528983e-05
4.714395465906776641e-05
4.713857058417950878e-05
4.713318650929125114e-05
4.712780243440299350e-05
4.712241835951473586e-05
4.711703428462647822e-05
4.711165020973822059e-05
4.710626613484996295e-05
4.710088205996170531e-05
4.709549798507344767e-05
4.709011391018519003e-05
4.708472983529693240e-05
4.707934576040867476e-05
4.707396168552041712e-05
4.706857761063215948e-05
4.706319353574390184e-05
4.705780946085564421e-05
4.706059188129658538e-05
4.707154079706671860e-05
4.708248971283685860e-05
4.709343862860699182e-05
4.710438754437712503e-05
4.711533646014725825e-05
4.712628537591739825e-05
4.713723429168753147e-05
4.714818320745766468e-05
4.715913212322779790e-05
4.717008103899793790e-05
4.718102995476807112e-05
4.719197887053820433e-05
4.720292778630833755e-05
4.721387670207847755e-05
4.722482561784861077e-05
4.723577453361874398e-05
4.723654041391744588e-05
4.723730629421614099e-05
4.723807217451484288e-05
4.723883805481353799e-05
4.723960393511223989e-05
4.724036981541093500e-05
4.724113569570963689e-05
4.724190157600833200e-05
4.724266745630703389e-05
4.724343333660572901e-05
4.724419921690443090e-05
4.724496509720312601e-05
4.724573097750182790e-05
4.724649685780052302e-05
4.724726273809922491e-05
4.724802861839792002e-05
4.724644420510316250e-05
4.724250949821494556e-05
4.723857479132672184e-05
4.723464008443850490e-05
4.723070537755028796e-05
4.722677067066206424e-05
4.722283596377384730e-05
4.721890125688563036e-05
4.721496654999741342e-05
4.721103184310918970e-05
4.720709713622097276e-05
4.720316242933275582e-05
4.719922772244453211e-05
4.719529301555631517e-05
4.719135830866809822e-05
4.718742360177987451e-05
4.718348889489165757e-05
4.717996119477023778e-05
4.717684050141562191e-05
4.717371980806100604e-05
4.717059911470639018e-05
4.716747842135177431e-05
4.716435772799715845e-05
4.716123703464254258e-05
4.715811634128791994e-05
4.715499564793330407e-05
4.715187495457868821e-05
4.714875426122407234e-05
4.714563356786945648e-05
4.714251287451484061e-05
4.713939218116021797e-05
4.713627148780560210e-05
4.713315079445098624e-05
4.713003010109637037e-05
4.712980130496523414e-05
4.712957250883410468e-05
4.712934371270296845e-05
4.712911491657183221e-05
4.712888612044069598e-05
4.712865732430956652e-05
4.712842852817843029e-05
4.712819973204729405e-05
4.712797093591615782e-05
4.712774213978502836e-05
4.712751334365389213e-05
4.712728454752275589e-05
4.712705575139162643e-05
4.712682695526049020e-05
4.712659815912935397e-05
4.712636936299821773e-05
4.712473106138604750e-05
4.712168325429284328e-05
4.711863544719963905e-05
4.711558764010643482e-05
4.711253983301323060e-05
4.710949202592002637e-05
4.710644421882682214e-05
4.710339641173361792e-05
4.710034860464041369e-05
4.709730079754720946e-05
4.709425299045400524e-05
4.709120518336080101e-05
4.708815737626759678e-05
4.708510956917439256e-05
4.708206176208118833e-05
4.707901395498798410e-05
4.707596614789477988e-05
4.705748407160843393e-05
4.702356772612895981e-05
4.698965138064948568e-05
4.695573503517000479e-05
4.692181868969053066e-05
4.688790234421105654e-05
4.685398599873158242e-05
4.682006965325210152e-05
4.678615330777262740e-05
4.675223696229315328e-05
4.671832061681367238e-05
4.668440427133419826e-05
4.665048792585472414e-05
4.661657158037525001e-05
4.658265523489576912e-05
4.654873888941629499e-05
4.651482254393682087e-05
4.650997399974364288e-05
4.653419325683676779e-05
4.655841251392989270e-05
4.658263177102301762e-05
4.660685102811614253e-05
4.663107028520926744e-05
4.665528954230239235e-05
4.667950879939551727e-05
4.670372805648863540e-05
4.672794731358176031e-05
4.675216657067488523e-05
4.677638582776801014e-05
4.680060508486113505e-05
4.682482434195425996e-05
4.684904359904738488e-05
4.687326285614050979e-05
4.689748211323363470e-05
4.691174554751790588e-05
4.692600898180217028e-05
4.694027241608644146e-05
4.695453585037071264e-05
4.696879928465498382e-05
4.698306271893924822e-05
4.699732615322351940e-05
4.701158958750779058e-05
4.702585302179206175e-05
4.704011645607632616e-05
4.705437989036059733e-05
4.706864332464486851e-05
4.708290675892913291e-05
4.709717019321340409e-05
4.711143362749767527e-05
4.712569706178194645e-05
4.712044128658747451e-05
4.709566630191426622e-05
4.707089131724105793e-05
4.704611633256785641e-05
4.702134134789464812e-05
4.699656636322143983e-05
4.697179137854823154e-05
4.694701639387502325e-05
4.692224140920181496e-05
4.689746642452861345e-05
4.687269143985540516e-05
4.684791645518219687e-05
4.682314147050898858e-05
4.679836648583578029e-05
4.677359150116257877e-05
4.674881651648937048e-05
4.672404153181616219e-05
4.673022061673513447e-05
4.676735377124629410e-05
4.680448692575745373e-05
4.684162008026861336e-05
4.687875323477977299e-05
4.691588638929093262e-05
4.695301954380209225e-05
4.699015269831325188e-05
4.702728585282441151e-05
4.706441900733557114e-05
4.710155216184673077e-05
4.713868531635789040e-05
4.717581847086905003e-05
4.721295162538020966e-05
4.725008477989136929e-05
4.728721793440252892e-05
4.732435108891368855e-05
4.729687869892178009e-05
4.726940630892987162e-05
4.724193391893796316e-05
4.721446152894605470e-05
4.718698913895414624e-05
4.715951674896223778e-05
4.713204435897032932e-05
4.710457196897842086e-05
4.707709957898651240e-05
4.704962718899460394e-05
4.702215479900269548e-05
4.699468240901078701e-05
4.696721001901887855e-05
4.693973762902697009e-05
4.691226523903506163e-05
4.688479284904315317e-05
4.687400915433465130e-05
4.687991415490955601e-05
4.688581915548446072e-05
4.689172415605935866e-05
4.689762915663426337e-05
4.690353415720916808e-05
4.690943915778406602e-05
4.691534415835897073e-05
4.692124915893387544e-05
4.692715415950877338e-05
4.693305916008367809e-05
4.693896416065857603e-05
4.694486916123348074e-05
4.695077416180838545e-05
4.695667916238328339e-05
4.696258416295818810e-05
4.696848916353309281e-05
4.698808315527199322e-05
4.702136613817490288e-05
4.705464912107781253e-05
4.708793210398072219e-05
4.712121508688363184e-05
4.715449806978654149e-05
4.718778105268945115e-05
4.722106403559236080e-05
4.725434701849527046e-05
4.728763000139817334e-05
4.732091298430108299e-05
4.735419596720399265e-05
4.738747895010690230e-05
4.742076193300981196e-05
4.745404491591272161e-05
4.748732789881563126e-05
4.752061088171854092e-05
4.752404485829235433e-05
4.749762982853707150e-05
4.747121479878179545e-05
4.744479976902651940e-05
4.741838473927123657e-05
4.739196970951596051e-05
4.736555467976068446e-05
4.733913965000540163e-05
4.731272462025012558e-05
4.728630959049484953e-05
4.725989456073956670e-05
4.723347953098429064e-05
4.720706450122900781e-05
4.718064947147373176e-05
4.715423444171845571e-05
4.712781941196317288e-05
4.710140438220789682e-05
4.712154900086036195e-05
4.714169361951282708e-05
4.716183823816529899e-05
4.718198285681776411e-05
4.720212747547022924e-05
4.722227209412269437e-05
4.724241671277516628e-05
4.726256133142763140e-05
4.728270595008009653e-05
4.730285056873256166e-05
4.732299518738503357e-05
4.734313980603749869e-05
4.736328442468996382e-05
4.738342904334242895e-05
4.740357366199490086e-05
4.742371828064736598e-05
4.742501702360090674e-05
4.740746989085552990e-05
4.738992275811015306e-05
4.737237562536476945e-05
4.735482849261939261e-05
4.733728135987401577e-05
4.731973422712863894e-05
4.730218709438325532e-05
4.728463996163787848e-05
4.726709282889250165e-05
4.724954569614711803e-05
4.723199856340174119e-05
4.721445143065636436e-05
4.719690429791098752e-05
4.717935716516560390e-05
4.716181003242022707e-05
4.714426289967485023e-05
4.713959754514100979e-05
4.714781396881870577e-05
4.715603039249640174e-05
4.716424681617409771e-05
4.717246323985179368e-05
4.718067966352948965e-05
4.718889608720718562e-05
4.719711251088488159e-05
4.720532893456257757e-05
4.721354535824028031e-05
4.722176178191797629e-05
4.722997820559567226e-05
4.723819462927336823e-05
4.724641105295106420e-05
4.725462747662876017e-05
4.726284390030645614e-05
4.727106032398415211e-05
4.728245881932929660e-05
4.729703938634187606e-05
4.731161995335445551e-05
4.732620052036703496e-05
4.734078108737961441e-05
4.735536165439220064e-05
4.736994222140478009e-05
4.738452278841735955e-05
4.739910335542993900e-05
4.741368392244252523e-05
4.742826448945510468e-05
4.744284505646768413e-05
4.745742562348026359e-05
4.747200619049284304e-05
4.748658675750542927e-05
4.750116732451800872e-05
4.751574789153058817e-05
4.748947347379352984e-05
4.746319905605646472e-05
4.743692463831940639e-05
4.741065022058234805e-05
4.738437580284528294e-05
4.735810138510822460e-05
4.733182696737116626e-05
4.730555254963410793e-05
4.727927813189704282e-05
4.725300371415998448e-05
4.722672929642292614e-05
4.720045487868586103e-05
4.717418046094880269e-05
4.714790604321174436e-05
4.712163162547467924e-05
4.709535720773762091e-05
4.709446151034168190e-05
4.711894453328686221e-05
4.714342755623204931e-05
4.716791057917722963e-05
4.719239360212240994e-05
4.721687662506759026e-05
4.724135964801277736e-05
4.726584267095795767e-05
4.729032569390313799e-05
4.731480871684831831e-05
4.733929173979349863e-05
4.736377476273868572e-05
4.738825778568386604e-05
4.741274080862904636e-05
4.743722383157422667e-05
4.746170685451941377e-05
4.748618987746459409e-05
4.748160657767909172e-05
4.744795695516289990e-05
4.741430733264670808e-05
4.738065771013051625e-05
4.734700808761432443e-05
4.731335846509813261e-05
4.727970884258194078e-05
4.724605922006575574e-05
4.721240959754956392e-05
4.717875997503337209e-05
4.714511035251718027e-05
4.711146073000098845e-05
4.707781110748479662e-05
4.704416148496861158e-05
4.701051186245241975e-05
4.697686223993622793e-05
4.694321261742003611e-05
4.697674412531197262e-05
4.701027563320390914e-05
4.704380714109585243e-05
4.707733864898778895e-05
4.711087015687972547e-05
4.714440166477166198e-05
4.717793317266359850e-05
4.721146468055554179e-05
4.724499618844747831e-05
4.727852769633941483e-05
4.731205920423135134e-05
4.734559071212329464e-05
4.737912222001523115e-05
4.741265372790716767e-05
4.744618523579910419e-05
4.747971674369104070e-05
4.749923013679645413e-05
4.750472541511533770e-05
4.751022069343422126e-05
4.751571597175310483e-05
4.752121125007198840e-05
4.752670652839087196e-05
4.753220180670975553e-05
4.753769708502863909e-05
4.754319236334752943e-05
4.754868764166641300e-05
4.755418291998529657e-05
4.755967819830418013e-05
4.756517347662306370e-05
4.757066875494194726e-05
4.757616403326083083e-05
4.758165931157971439e-05
4.758715458989859796e-05
4.759568858461323232e-05
4.760726129572361747e-05
4.761883400683400262e-05
4.763040671794438778e-05
4.764197942905476615e-05
4.765355214016515130e-05
4.766512485127553646e-05
4.767669756238592161e-05
4.768827027349630676e-05
4.769984298460669192e-05
4.771141569571707707e-05
4.772298840682746222e-05
4.773456111793784737e-05
4.774613382904822575e-05
4.775770654015861090e-05
4.776927925126899606e-05
4.778085196237938121e-05
4.778041686246972078e-05
4.776797395154001478e-05
4.775553104061030878e-05
4.774308812968060955e-05
4.773064521875090355e-05
4.771820230782119755e-05
4.770575939689149155e-05
4.769331648596178555e-05
4.768087357503208632e-05
4.766843066410238032e-05
4.765598775317267432e-05
4.764354484224296831e-05
4.763110193131326231e-05
4.761865902038355631e-05
4.760621610945385708e-05
4.759377319852415108e-05
4.758133028759444508e-05
4.759207790742483616e-05
4.760282552725522725e-05
4.761357314708561833e-05
4.762432076691600942e-05
4.763506838674640050e-05
4.764581600657679159e-05
4.765656362640718267e-05
4.766731124623757376e-05
4.767805886606795807e-05
4.768880648589834915e-05
4.769955410572874024e-05
4.771030172555913132e-05
4.772104934538952241e-05
4.773179696521991349e-05
4.774254458505030458e-05
4.775329220488069566e-05
4.776228610053590934e-05
4.776952627201595239e-05
4.777676644349599543e-05
4.778400661497603170e-05
4.779124678645607475e-05
4.779848695793611780e-05
4.780572712941616085e-05
4.781296730089619712e-05
4.782020747237624017e-05
4.782744764385628321e-05
4.783468781533631948e-05
4.784192798681636253e-05
4.784916815829640558e-05
4.785640832977644863e-05
4.786364850125648490e-05
4.787088867273652795e-05
4.787812884421657099e-05
4.790200238635072306e-05
4.794250929913899771e-05
4.798301621192726558e-05
4.802352312471554023e-05
4.806403003750380810e-05
4.810453695029208275e-05
4.814504386308035740e-05
4.818555077586862527e-05
4.822605768865689991e-05
4.826656460144516779e-05
4.830707151423344243e-05
4.834757842702171030e-05
4.838808533980998495e-05
4.842859225259825282e-05
4.846909916538652747e-05
4.850960607817479534e-05
4.855011299096306999e-05
4.855657001159977048e-05
4.856302703223647096e-05
4.856948405287316468e-05
4.857594107350986516e-05
4.858239809414656565e-05
4.858885511478326614e-05
4.859531213541996663e-05
4.860176915605666034e-05
4.860822617669336083e-05
4.861468319733006131e-05
4.862114021796676180e-05
4.862759723860345551e-05
4.863405425924015600e-05
4.864051127987685649e-05
4.864696830051355698e-05
4.865342532115025747e-05
4.866082830349309420e-05
4.866917724754208074e-05
4.867752619159106727e-05
4.868587513564005381e-05
4.869422407968904034e-05
4.870257302373802688e-05
4.871092196778701341e-05
4.871927091183599995e-05
4.872761985588498648e-05
4.873596879993397302e-05
4.874431774398295955e-05
4.875266668803194609e-05
4.876101563208093263e-05
4.876936457612991916e-05
4.877771352017890570e-05
4.878606246422789223e-05
4.879441140827687877e-05
4.881168841038132982e-05
4.883789347054126573e-05
4.886409853070118809e-05
4.889030359086112400e-05
4.891650865102104635e-05
4.894271371118098226e-05
4.896891877134090462e-05
4.899512383150084053e-05
4.902132889166076288e-05
4.904753395182069879e-05
4.907373901198062115e-05
4.909994407214055706e-05
4.912614913230047941e-05
4.915235419246041532e-05
4.917855925262033768e-05
4.920476431278027359e-05
4.923096937294019594e-05
4.925923868906753155e-05
4.928957226116226686e-05
4.931990583325700217e-05
4.935023940535173748e-05
4.938057297744647279e-05
4.941090654954120810e-05
4.944124012163594341e-05
4.947157369373067872e-05
4.950190726582542081e-05
4.953224083792015612e-05
4.956257441001489142e-05
4.959290798210962673e-05
4.962324155420436204e-05
4.965357512629909735e-05
4.968390869839383266e-05
4.971424227048856797e-05
4.974457584258330328e-05
4.973981309155072595e-05
4.973505034051814861e-05
4.973028758948557128e-05
4.972552483845299394e-05
4.972076208742042338e-05
4.971599933638784605e-05
4.971123658535526871e-05
4.970647383432269138e-05
4.970171108329011404e-05
4.969694833225753671e-05
4.969218558122495937e-05
4.968742283019238204e-05
4.968266007915981148e-05
4.967789732812723415e-05
4.967313457709465681e-05
4.966837182606207948e-05
4.968094311709144763e-05
4.971084845018276127e-05
4.974075378327407490e-05
4.977065911636538854e-05
4.980056444945669540e-05
4.983046978254800904e-05
4.986037511563932268e-05
4.989028044873063632e-05
4.992018578182194996e-05
4.995009111491326359e-05
4.997999644800457723e-05
5.000990178109589087e-05
5.003980711418720451e-05
5.006971244727851137e-05
5.009961778036982501e-05
5.012952311346113865e-05
5.015942844655245229e-05
5.016461208303181778e-05
5.014507402289923512e-05
5.012553596276665246e-05
5.010599790263406980e-05
5.008645984250149392e-05
5.006692178236891126e-05
5.004738372223632861e-05
5.002784566210374595e-05
5.000830760197116329e-05
4.998876954183858063e-05
4.996923148170599797e-05
4.994969342157341532e-05
4.993015536144083943e-05
4.991061730130825678e-05
4.989107924117567412e-05
4.987154118104309146e-05
4.985200312091050880e-05
4.986074844927389834e-05
4.986949377763729465e-05
4.987823910600068419e-05
4.988698443436408050e-05
4.989572976272747004e-05
4.990447509109086636e-05
4.991322041945425589e-05
4.992196574781764543e-05
4.993071107618104174e-05
4.993945640454443128e-05
4.994820173290782760e-05
4.995694706127121713e-05
4.996569238963461345e-05
4.997443771799800298e-05
4.998318304636139252e-05
4.999192837472478883e-05
4.999723336577885894e-05
4.999909801952360285e-05
5.000096267326834676e-05
5.000282732701309744e-05
5.000469198075784135e-05
5.000655663450258526e-05
5.000842128824733594e-05
5.001028594199207985e-05
5.001215059573683053e-05
5.001401524948157444e-05
5.001587990322631835e-05
5.001774455697106903e-05
5.001960921071581294e-05
5.002147386446055685e-05
5.002333851820530753e-05
5.002520317195005144e-05
5.002706782569479535e-05
5.001559235946070555e-05
4.999077677324778205e-05
4.996596118703485178e-05
4.994114560082192828e-05
4.991633001460899801e-05
4.989151442839607451e-05
4.986669884218314423e-05
4.984188325597022073e-05
4.981706766975729046e-05
4.979225208354436018e-05
4.976743649733143669e-05
4.974262091111850641e-05
4.971780532490558291e-05
4.969298973869265264e-05
4.966817415247972914e-05
4.964335856626679887e-05
4.961854298005387537e-05
4.960935319571795814e-05
4.961578921325905396e-05
4.962222523080015655e-05
4.962866124834125237e-05
4.963509726588234819e-05
4.964153328342345078e-05
4.964796930096454660e-05
4.965440531850564242e-05
4.966084133604674501e-05
4.966727735358784083e-05
4.967371337112893665e-05
4.968014938867003246e-05
4.968658540621113506e-05
4.969302142375223088e-05
4.969945744129332669e-05
4.970589345883442929e-05
4.971232947637552511e-05
4.966763577414576997e-05
4.962294207191601483e-05
4.957824836968625969e-05
4.953355466745650455e-05
4.948886096522674941e-05
4.944416726299698749e-05
4.939947356076723235e-05
4.935477985853747721e-05
4.931008615630772207e-05
4.926539245407796693e-05
4.922069875184821179e-05
4.917600504961845665e-05
4.913131134738870151e-05
4.908661764515894637e-05
4.904192394292919123e-05
4.899723024069943609e-05
4.897745525580619316e-05
4.898259898824946243e-05
4.898774272069273170e-05
4.899288645313600097e-05
4.899803018557927025e-05
4.900317391802253952e-05
4.900831765046580879e-05
4.901346138290907806e-05
4.901860511535234734e-05
4.902374884779561661e-05
4.902889258023888588e-05
4.903403631268215515e-05
4.903918004512542442e-05
4.904432377756869370e-05
4.904946751001196297e-05
4.905461124245523224e-05
4.905975497489850151e-05
4.907152610399071314e-05
4.908992462973186036e-05
4.910832315547300757e-05
4.912672168121415479e-05
4.914512020695530878e-05
4.916351873269645599e-05
4.918191725843760320e-05
4.920031578417875042e-05
4.921871430991989763e-05
4.923711283566104484e-05
4.925551136140219206e-05
4.927390988714333927e-05
4.929230841288448649e-05
4.931070693862564048e-05
4.932910546436678769e-05
4.934750399010793490e-05
4.936590251584908212e-05
0.000000000000000000e+00
0.000000000000000000e+00
0.000000000000000000e+00
0.000000000000000000e+00
0.000000000000000000e+00
0.000000000000000000e+00
0.000000000000000000e+00
0.000000000000000000e+00
