0.000000000000000000e+00
0.000000000000000000e+00
0.000000000000000000e+00
0.000000000000000000e+00
0.000000000000000000e+00
0.000000000000000000e+00
0.000000000000000000e+00
0.000000000000000000e+00
0.000000000000000000e+00
0.000000000000000000e+00
1.525330421631440452e-35
1.521663450578880812e-35
1.517996479526321440e-35
1.514329508473761801e-35
1.510662537421202429e-35
1.506995566368642789e-35
1.503328595316083417e-35
1.499661624263523778e-35
1.495994653210964138e-35
1.492327682158404766e-35
1.488660711105845127e-35
1.484993740053285754e-35
1.481326769000726115e-35
1.477659797948166743e-35
1.473992826895607103e-35
1.470325855843047464e-35
1.466658884790488092e-35
1.468198806402301516e-35
1.474945620678488271e-35
1.481692434954675026e-35
1.488439249230861781e-35
1.495186063507048269e-35
1.501932877783235024e-35
1.508679692059421779e-35
1.515426506335608534e-35
1.522173320611795289e-35
1.528920134887981777e-35
1.535666949164168532e-35
1.542413763440355287e-35
1.549160577716542042e-35
1.555907391992728529e-35
1.562654206268915284e-35
1.569401020545102040e-35
1.576147834821288795e-35
1.587535915219105342e-35
1.603565261738551948e-35
1.619594608257998287e-35
1.635623954777444893e-35
1.651653301296891500e-35
1.667682647816337839e-35
1.683711994335784445e-35
1.699741340855231051e-35
1.715770687374677390e-35
1.731800033894123997e-35
1.747829380413570603e-35
1.763858726933016942e-35
1.779888073452463548e-35
1.795917419971910155e-35
1.811946766491356761e-35
1.827976113010803100e-35
1.844005459530249706e-35
1.600535947629789629e-10
3.201071895259579259e-10
4.801607842889369405e-10
6.402143790519158517e-10
8.002679738148947630e-10
9.603215685778738810e-10
1.120375163340852792e-09
1.280428758103831703e-09
1.440482352866810615e-09
1.600535947629789526e-09
1.760589542392768644e-09
1.920643137155747762e-09
2.080696731918726673e-09
2.240750326681705584e-09
2.400803921444684496e-09
2.560857516207663407e-09
6.311962280420108914e-07
1.888306915498854527e-06
3.145417602955698057e-06
4.402528290412541164e-06
5.659638977869384694e-06
6.916749665326228224e-06
8.173860352783073448e-06
9.430971040239915284e-06
1.068808172769676051e-05
1.194519241515360234e-05
1.320230310261044757e-05
1.445941379006728940e-05
1.571652447752413463e-05
1.697363516498097646e-05
1.823074585243782169e-05
1.948785653989466352e-05
2.074496722735150875e-05
2.343961237513306518e-05
2.757179198323933281e-05
3.170397159134560384e-05
3.583615119945187148e-05
3.996833080755813911e-05
4.410051041566440675e-05
4.823269002377067439e-05
5.236486963187694202e-05
5.649704923998320966e-05
6.062922884808947730e-05
6.476140845619574493e-05
6.889358806430201257e-05
7.302576767240828021e-05
7.715794728051454784e-05
8.129012688862081548e-05
8.542230649672706956e-05
8.955448610483335075e-05
9.246027200717374882e-05
9.413966420374829088e-05
9.581905640032281938e-05
9.749844859689736144e-05
9.917784079347190349e-05
1.008572329900464455e-04
1.025366251866209740e-04
1.042160173831955161e-04
1.058954095797700582e-04
1.075748017763446002e-04
1.092541939729191423e-04
1.109335861694936708e-04
1.126129783660682128e-04
1.142923705626427413e-04
1.159717627592172834e-04
1.176511549557918254e-04
1.193305471523663675e-04
1.208543353468627651e-04
1.223781235413591627e-04
1.239019117358555332e-04
1.254256999303519308e-04
1.269494881248483284e-04
1.284732763193447260e-04
1.299970645138410965e-04
1.315208527083374941e-04
1.330446409028338917e-04
1.345684290973302893e-04
1.360922172918266598e-04
1.376160054863230574e-04
1.391397936808194550e-04
1.406635818753158526e-04
1.421873700698122231e-04
1.437111582643086206e-04
1.445047294111949344e-04
1.445680835104711643e-04
1.446314376097473941e-04
1.446947917090235969e-04
1.447581458082998268e-04
1.448214999075760566e-04
1.448848540068522865e-04
1.449482081061285164e-04
1.450115622054047463e-04
1.450749163046809490e-04
1.451382704039571789e-04
1.452016245032334088e-04
1.452649786025096386e-04
1.453283327017858685e-04
1.453916868010620713e-04
1.454550409003383012e-04
1.455183949996145310e-04
1.454597962214571657e-04
1.452792445658661780e-04
1.450986929102751903e-04
1.449181412546842298e-04
1.447375895990932421e-04
1.445570379435022815e-04
1.443764862879112938e-04
1.441959346323203061e-04
1.440153829767293456e-04
1.438348313211383579e-04
1.436542796655473973e-04
1.434737280099564096e-04
1.432931763543654220e-04
1.431126246987744614e-04
1.429320730431834737e-04
1.427515213875925131e-04
1.425709697320015255e-04
1.425096650293007530e-04
1.424483603265999806e-04
1.423870556238992352e-04
1.423257509211984628e-04
1.422644462184976903e-04
1.422031415157969179e-04
1.421418368130961726e-04
1.420805321103954001e-04
1.420192274076946277e-04
1.419579227049938552e-04
1.418966180022931099e-04
1.418353132995923375e-04
1.417740085968915650e-04
1.417127038941907926e-04
1.416513991914900472e-04
1.415900944887892748e-04
1.416244621406881289e-04
1.417545021471865825e-04
1.418845421536850360e-04
1.420145821601834896e-04
1.421446221666819432e-04
1.422746621731803968e-04
1.424047021796788503e-04
1.425347421861773039e-04
1.426647821926757575e-04
1.427948221991742110e-04
1.429248622056726646e-04
1.430549022121711182e-04
1.431849422186695718e-04
1.433149822251680253e-04
1.434450222316664789e-04
1.435750622381649325e-04
1.437051022446633860e-04
1.436353422805406919e-04
1.433657823457968228e-04
1.430962224110529808e-04
1.428266624763091118e-04
1.425571025415652427e-04
1.422875426068213737e-04
1.420179826720775317e-04
1.417484227373336627e-04
1.414788628025897936e-04
1.412093028678459245e-04
1.409397429331020555e-04
1.406701829983582135e-04
1.404006230636143445e-04
1.401310631288704754e-04
1.398615031941266064e-04
1.395919432593827644e-04
1.393223833246388954e-04
1.390675360937477243e-04
1.388274015667092783e-04
1.385872670396708323e-04
1.383471325126323862e-04
1.381069979855939131e-04
1.378668634585554671e-04
1.376267289315170211e-04
1.373865944044785480e-04
1.371464598774401020e-04
1.369063253504016560e-04
1.366661908233632100e-04
1.364260562963247369e-04
1.361859217692862908e-04
1.359457872422478448e-04
1.357056527152093988e-04
1.354655181881709257e-04
1.352253836611324797e-04
1.352261136621711558e-04
1.352268436632098590e-04
1.352275736642485351e-04
1.352283036652872112e-04
1.352290336663259144e-04
1.352297636673645905e-04
1.352304936684032666e-04
1.352312236694419426e-04
1.352319536704806458e-04
1.352326836715193219e-04
1.352334136725579980e-04
1.352341436735967012e-04
1.352348736746353773e-04
1.352356036756740534e-04
1.352363336767127566e-04
1.352370636777514327e-04
1.352415234952248182e-04
1.352497131291329402e-04
1.352579027630410350e-04
1.352660923969491570e-04
1.352742820308572519e-04
1.352824716647653739e-04
1.352906612986734688e-04
1.352988509325815907e-04
1.353070405664897127e-04
1.353152302003978076e-04
1.353234198343059296e-04
1.353316094682140245e-04
1.353397991021221465e-04
1.353479887360302413e-04
1.353561783699383633e-04
1.353643680038464582e-04
1.353725576377545802e-04
1.352472843319188099e-04
1.349885480863392015e-04
1.347298118407595931e-04
1.344710755951799847e-04
1.342123393496003493e-04
1.339536031040207409e-04
1.336948668584411325e-04
1.334361306128614970e-04
1.331773943672818887e-04
1.329186581217022803e-04
1.326599218761226719e-04
1.324011856305430364e-04
1.321424493849634280e-04
1.318837131393838197e-04
1.316249768938042113e-04
1.313662406482245758e-04
1.311075044026449674e-04
1.309043402179689423e-04
1.307011760332929171e-04
1.304980118486168919e-04
1.302948476639408668e-04
1.300916834792648416e-04
1.298885192945887894e-04
1.296853551099127642e-04
1.294821909252367390e-04
1.292790267405607139e-04
1.290758625558846887e-04
1.288726983712086636e-04
1.286695341865326384e-04
1.284663700018566133e-04
1.282632058171805881e-04
1.280600416325045629e-04
1.278568774478285378e-04
1.277352542228148060e-04
1.276951719574633676e-04
1.276550896921119563e-04
1.276150074267605179e-04
1.275749251614090795e-04
1.275348428960576682e-04
1.274947606307062298e-04
1.274546783653548185e-04
1.274145961000033801e-04
1.273745138346519417e-04
1.273344315693005304e-04
1.272943493039490920e-04
1.272542670385976807e-04
1.272141847732462423e-04
1.271741025078948039e-04
1.271340202425433926e-04
1.270939379771919542e-04
1.270699927008624023e-04
1.270621844135547368e-04
1.270543761262470442e-04
1.270465678389393516e-04
1.270387595516316861e-04
1.270309512643239935e-04
1.270231429770163009e-04
1.270153346897086354e-04
1.270075264024009428e-04
1.269997181150932502e-04
1.269919098277855847e-04
1.269841015404778921e-04
1.269762932531701995e-04
1.269684849658625340e-04
1.269606766785548414e-04
1.269528683912471488e-04
1.269450601039394833e-04
1.267732896990758727e-04
1.264375571766563169e-04
1.261018246542367611e-04
1.257660921318172324e-04
1.254303596093976766e-04
1.250946270869781208e-04
1.247588945645585921e-04
1.244231620421390363e-04
1.240874295197195076e-04
1.237516969972999518e-04
1.234159644748803960e-04
1.230802319524608673e-04
1.227444994300413116e-04
1.224087669076217558e-04
1.220730343852022271e-04
1.217373018627826713e-04
1.214015693403631290e-04
1.212721095934055993e-04
1.211426498464480695e-04
1.210131900994905398e-04
1.208837303525330236e-04
1.207542706055754939e-04
1.206248108586179641e-04
1.204953511116604344e-04
1.203658913647029046e-04
1.202364316177453749e-04
1.201069718707878587e-04
1.199775121238303289e-04
1.198480523768727992e-04
1.197185926299152694e-04
1.195891328829577397e-04
1.194596731360002100e-04
1.193302133890426802e-04
1.193241886636704318e-04
1.194415989598834378e-04
1.195590092560964572e-04
1.196764195523094632e-04
1.197938298485224826e-04
1.199112401447354886e-04
1.200286504409485080e-04
1.201460607371615140e-04
1.202634710333745334e-04
1.203808813295875394e-04
1.204982916258005453e-04
1.206157019220135648e-04
1.207331122182265707e-04
1.208505225144395901e-04
1.209679328106525961e-04
1.210853431068656155e-04
1.212027534030786215e-04
1.212098463007255144e-04
1.211066217998062671e-04
1.210033972988870199e-04
1.209001727979677727e-04
1.207969482970485254e-04
1.206937237961292782e-04
1.205904992952100310e-04
1.204872747942907973e-04
1.203840502933715501e-04
1.202808257924523028e-04
1.201776012915330556e-04
1.200743767906138084e-04
1.199711522896945612e-04
1.198679277887753275e-04
1.197647032878560803e-04
1.196614787869368330e-04
1.195582542860175858e-04
1.194592054830258135e-04
1.193601566800340548e-04
1.192611078770422825e-04
1.191620590740505238e-04
1.190630102710587516e-04
1.189639614680669928e-04
1.188649126650752206e-04
1.187658638620834619e-04
1.186668150590916896e-04
1.185677662560999309e-04
1.184687174531081586e-04
1.183696686501163999e-04
1.182706198471246276e-04
1.181715710441328689e-04
1.180725222411410966e-04
1.179734734381493379e-04
1.178790823529677348e-04
1.177893489855962874e-04
1.176996156182248535e-04
1.176098822508534061e-04
1.175201488834819722e-04
1.174304155161105248e-04
1.173406821487390909e-04
1.172509487813676435e-04
1.171612154139962096e-04
1.170714820466247757e-04
1.169817486792533283e-04
1.168920153118818944e-04
1.168022819445104469e-04
1.167125485771390131e-04
1.166228152097675656e-04
1.165330818423961317e-04
1.164433484750246843e-04
1.163702056352025361e-04
1.163136533229296735e-04
1.162571010106568109e-04
1.162005486983839483e-04
1.161439963861110857e-04
1.160874440738382231e-04
1.160308917615653605e-04
1.159743394492924979e-04
1.159177871370196489e-04
1.158612348247467863e-04
1.158046825124739237e-04
1.157481302002010611e-04
1.156915778879281985e-04
1.156350255756553359e-04
1.155784732633824733e-04
1.155219209511096107e-04
1.154653686388367481e-04
1.154038558786983913e-04
1.153373826706945539e-04
1.152709094626907165e-04
1.152044362546868791e-04
1.151379630466830417e-04
1.150714898386792043e-04
1.150050166306753669e-04
1.149385434226715295e-04
1.148720702146676921e-04
1.148055970066638547e-04
1.147391237986600173e-04
1.146726505906561799e-04
1.146061773826523425e-04
1.145397041746485051e-04
1.144732309666446677e-04
1.144067577586408303e-04
1.143402845506369929e-04
1.141474337363720986e-04
1.139545829221072178e-04
1.137617321078423236e-04
1.135688812935774293e-04
1.133760304793125486e-04
1.131831796650476543e-04
1.129903288507827736e-04
1.127974780365178793e-04
1.126046272222529850e-04
1.124117764079881043e-04
1.122189255937232100e-04
1.120260747794583157e-04
1.118332239651934350e-04
1.116403731509285407e-04
1.114475223366636464e-04
1.112546715223987657e-04
1.110976364580121311e-04
1.109764171435037697e-04
1.108551978289954083e-04
1.107339785144870469e-04
1.106127591999786855e-04
1.104915398854703241e-04
1.103703205709619627e-04
1.102491012564536013e-04
1.101278819419452399e-04
1.100066626274368785e-04
1.098854433129285170e-04
1.097642239984201556e-04
1.096430046839117942e-04
1.095217853694034328e-04
1.094005660548950714e-04
1.092793467403867100e-04
1.091581274258783486e-04
1.090794824428585206e-04
1.090434117913272532e-04
1.090073411397959722e-04
1.089712704882647048e-04
1.089351998367334373e-04
1.088991291852021563e-04
1.088630585336708889e-04
1.088269878821396079e-04
1.087909172306083405e-04
1.087548465790770730e-04
1.087187759275457920e-04
1.086827052760145246e-04
1.086466346244832436e-04
1.086105639729519762e-04
1.085744933214207087e-04
1.085384226698894277e-04
1.085023520183581603e-04
1.084778862275112018e-04
1.084650252973485657e-04
1.084521643671859295e-04
1.084393034370232934e-04
1.084264425068606573e-04
1.084135815766980212e-04
1.084007206465353851e-04
1.083878597163727490e-04
1.083749987862100994e-04
1.083621378560474633e-04
1.083492769258848271e-04
1.083364159957221910e-04
1.083235550655595549e-04
1.083106941353969188e-04
1.082978332052342827e-04
1.082849722750716466e-04
1.082721113449090105e-04
1.082557803854031621e-04
1.082394494258973137e-04
1.082231184663914788e-04
1.082067875068856304e-04
1.081904565473797820e-04
1.081741255878739335e-04
1.081577946283680987e-04
1.081414636688622503e-04
1.081251327093564018e-04
1.081088017498505534e-04
1.080924707903447186e-04
1.080761398308388701e-04
1.080598088713330217e-04
1.080434779118271733e-04
1.080271469523213384e-04
1.080108159928154900e-04
1.079817878676166826e-04
1.079400625767249297e-04
1.078983372858331768e-04
1.078566119949414103e-04
1.078148867040496574e-04
1.077731614131579045e-04
1.077314361222661516e-04
1.076897108313743851e-04
1.076479855404826322e-04
1.076062602495908793e-04
1.075645349586991129e-04
1.075228096678073600e-04
1.074810843769156071e-04
1.074393590860238542e-04
1.073976337951320877e-04
1.073559085042403348e-04
1.073141832133485819e-04
1.073782399089380127e-04
1.075480785910086273e-04
1.077179172730792419e-04
1.078877559551498565e-04
1.080575946372204710e-04
1.082274333192910856e-04
1.083972720013617002e-04
1.085671106834323147e-04
1.087369493655029293e-04
1.089067880475735439e-04
1.090766267296441584e-04
1.092464654117147730e-04
1.094163040937853876e-04
1.095861427758560022e-04
1.097559814579266167e-04
1.099258201399972313e-04
1.100956588220678459e-04
1.100490132811051547e-04
1.100023677401424499e-04
1.099557221991797587e-04
1.099090766582170540e-04
1.098624311172543628e-04
1.098157855762916580e-04
1.097691400353289668e-04
1.097224944943662621e-04
1.096758489534035709e-04
1.096292034124408661e-04
1.095825578714781749e-04
1.095359123305154702e-04
1.094892667895527790e-04
1.094426212485900742e-04
1.093959757076273830e-04
1.093493301666646783e-04
1.092524637170263428e-04
1.091053763587123765e-04
1.089582890003984103e-04
1.088112016420844305e-04
1.086641142837704643e-04
1.085170269254564980e-04
1.083699395671425183e-04
1.082228522088285520e-04
1.080757648505145858e-04
1.079286774922006060e-04
1.077815901338866398e-04
1.076345027755726600e-04
1.074874154172586937e-04
1.073403280589447275e-04
1.071932407006307477e-04
1.070461533423167815e-04
1.068990659840028152e-04
1.068357270705547663e-04
1.068561366019726481e-04
1.068765461333905299e-04
1.068969556648083981e-04
1.069173651962262799e-04
1.069377747276441617e-04
1.069581842590620435e-04
1.069785937904799253e-04
1.069990033218978071e-04
1.070194128533156754e-04
1.070398223847335572e-04
1.070602319161514390e-04
1.070806414475693208e-04
1.071010509789872026e-04
1.071214605104050708e-04
1.071418700418229526e-04
1.071622795732408344e-04
1.071444696803316716e-04
1.070884403630954508e-04
1.070324110458592434e-04
1.069763817286230361e-04
1.069203524113868152e-04
1.068643230941506079e-04
1.068082937769144005e-04
1.067522644596781797e-04
1.066962351424419723e-04
1.066402058252057650e-04
1.065841765079695441e-04
1.065281471907333368e-04
1.064721178734971159e-04
1.064160885562609086e-04
1.063600592390247013e-04
1.063040299217884804e-04
1.062480006045522730e-04
1.061394275007723797e-04
1.060308543969924728e-04
1.059222812932125794e-04
1.058137081894326860e-04
1.057051350856527791e-04
1.055965619818728858e-04
1.054879888780929788e-04
1.053794157743130855e-04
1.052708426705331921e-04
1.051622695667532852e-04
1.050536964629733918e-04
1.049451233591934985e-04
1.048365502554135916e-04
1.047279771516336982e-04
1.046194040478538048e-04
1.045108309440738979e-04
1.045310810257837176e-04
1.046801542929832503e-04
1.048292275601827830e-04
1.049783008273823021e-04
1.051273740945818348e-04
1.052764473617813674e-04
1.054255206289809001e-04
1.055745938961804328e-04
1.057236671633799655e-04
1.058727404305794846e-04
1.060218136977790173e-04
1.061708869649785500e-04
1.063199602321780827e-04
1.064690334993776154e-04
1.066181067665771345e-04
1.067671800337766672e-04
1.069162533009761998e-04
1.069932708177347846e-04
1.069982325840524080e-04
1.070031943503700313e-04
1.070081561166876547e-04
1.070131178830052915e-04
1.070180796493229149e-04
1.070230414156405382e-04
1.070280031819581751e-04
1.070329649482757985e-04
1.070379267145934218e-04
1.070428884809110451e-04
1.070478502472286820e-04
1.070528120135463054e-04
1.070577737798639287e-04
1.070627355461815520e-04
1.070676973124991889e-04
1.070726590788168123e-04
1.069991503822236381e-04
1.069256416856304638e-04
1.068521329890372896e-04
1.067786242924441154e-04
1.067051155958509412e-04
1.066316068992577534e-04
1.065580982026645792e-04
1.064845895060714050e-04
1.064110808094782308e-04
1.063375721128850566e-04
1.062640634162918823e-04
1.061905547196987081e-04
1.061170460231055339e-04
1.060435373265123597e-04
1.059700286299191855e-04
1.058965199333260112e-04
1.058517115423440204e-04
1.058356034569732265e-04
1.058194953716024462e-04
1.058033872862316522e-04
1.057872792008608583e-04
1.057711711154900644e-04
1.057550630301192841e-04
1.057389549447484902e-04
1.057228468593776963e-04
1.057067387740069024e-04
1.056906306886361085e-04
1.056745226032653281e-04
1.056584145178945342e-04
1.056423064325237403e-04
1.056261983471529464e-04
1.056100902617821660e-04
1.055939821764113721e-04
1.055660146134501513e-04
1.055261875728984899e-04
1.054863605323468284e-04
1.054465334917951670e-04
1.054067064512435056e-04
1.053668794106918442e-04
1.053270523701401964e-04
1.052872253295885350e-04
1.052473982890368736e-04
1.052075712484852122e-04
1.051677442079335508e-04
1.051279171673819029e-04
1.050880901268302415e-04
1.050482630862785801e-04
1.050084360457269187e-04
1.049686090051752573e-04
1.049287819646235959e-04
1.048779406782229573e-04
1.048160851459733415e-04
1.047542296137237122e-04
1.046923740814740964e-04
1.046305185492244671e-04
1.045686630169748513e-04
1.045068074847252355e-04
1.044449519524756062e-04
1.043830964202259904e-04
1.043212408879763610e-04
1.042593853557267453e-04
1.041975298234771159e-04
1.041356742912275001e-04
1.040738187589778708e-04
1.040119632267282550e-04
1.039501076944786257e-04
1.038882521622290099e-04
1.039119214605356567e-04
1.039355907588422899e-04
1.039592600571489367e-04
1.039829293554555699e-04
1.040065986537622167e-04
1.040302679520688499e-04
1.040539372503754967e-04
1.040776065486821299e-04
1.041012758469887767e-04
1.041249451452954099e-04
1.041486144436020567e-04
1.041722837419086899e-04
1.041959530402153367e-04
1.042196223385219699e-04
1.042432916368286167e-04
1.042669609351352499e-04
1.042747468378400771e-04
1.042666493449430847e-04
1.042585518520460787e-04
1.042504543591490863e-04
1.042423568662520939e-04
1.042342593733550880e-04
1.042261618804580955e-04
1.042180643875611031e-04
1.042099668946640972e-04
1.042018694017671047e-04
1.041937719088701123e-04
1.041856744159731199e-04
1.041775769230761140e-04
1.041694794301791215e-04
1.041613819372821291e-04
1.041532844443851232e-04
1.041451869514881307e-04
1.041087614046714085e-04
1.040440078039349566e-04
1.039792542031985046e-04
1.039145006024620526e-04
1.038497470017256006e-04
1.037849934009891487e-04
1.037202398002526967e-04
1.036554861995162447e-04
1.035907325987797792e-04
1.035259789980433272e-04
1.034612253973068752e-04
1.033964717965704232e-04
1.033317181958339712e-04
1.032669645950975193e-04
1.032022109943610673e-04
1.031374573936246153e-04
1.030727037928881633e-04
1.031239908780349189e-04
1.031752779631816880e-04
1.032265650483284435e-04
1.032778521334752126e-04
1.033291392186219682e-04
1.033804263037687237e-04
1.034317133889154928e-04
1.034830004740622483e-04
1.035342875592090174e-04
1.035855746443557730e-04
1.036368617295025285e-04
1.036881488146492976e-04
1.037394358997960532e-04
1.037907229849428223e-04
1.038420100700895778e-04
1.038932971552363333e-04
1.038324685023545648e-04
1.036595241114442585e-04
1.034865797205339387e-04
1.033136353296236324e-04
1.031406909387133262e-04
1.029677465478030064e-04
1.027948021568927001e-04
1.026218577659823939e-04
1.024489133750720741e-04
1.022759689841617678e-04
1.021030245932514615e-04
1.019300802023411553e-04
1.017571358114308355e-04
1.015841914205205292e-04
1.014112470296102230e-04
1.012383026386999031e-04
1.010653582477895969e-04
1.009886534124161770e-04
1.010081881325796570e-04
1.010277228527431371e-04
1.010472575729066036e-04
1.010667922930700836e-04
1.010863270132335637e-04
1.011058617333970437e-04
1.011253964535605102e-04
1.011449311737239903e-04
1.011644658938874703e-04
1.011840006140509368e-04
1.012035353342144168e-04
1.012230700543778969e-04
1.012426047745413769e-04
1.012621394947048434e-04
1.012816742148683235e-04
1.013012089350318035e-04
1.013548712854162167e-04
1.014426612660215767e-04
1.015304512466269366e-04
1.016182412272322966e-04
1.017060312078376565e-04
1.017938211884430164e-04
1.018816111690483764e-04
1.019694011496537363e-04
1.020571911302590827e-04
1.021449811108644427e-04
1.022327710914698026e-04
1.023205610720751625e-04
1.024083510526805225e-04
1.024961410332858824e-04
1.025839310138912424e-04
1.026717209944966023e-04
1.027595109751019623e-04
1.026715428687482523e-04
1.025835747623945424e-04
1.024956066560408325e-04
1.024076385496871226e-04
1.023196704433334127e-04
1.022317023369797163e-04
1.021437342306260064e-04
1.020557661242722965e-04
1.019677980179185865e-04
1.018798299115648766e-04
1.017918618052111667e-04
1.017038936988574568e-04
1.016159255925037469e-04
1.015279574861500370e-04
1.014399893797963270e-04
1.013520212734426171e-04
1.012939481805368063e-04
1.012657701010788675e-04
1.012375920216209422e-04
1.012094139421630033e-04
1.011812358627050645e-04
1.011530577832471392e-04
1.011248797037892004e-04
1.010967016243312751e-04
1.010685235448733363e-04
1.010403454654153975e-04
1.010121673859574722e-04
1.009839893064995333e-04
1.009558112270416081e-04
1.009276331475836692e-04
1.008994550681257304e-04
1.008712769886678051e-04
1.008430989092098663e-04
1.008349532769933847e-04
1.008468400920183603e-04
1.008587269070433223e-04
1.008706137220682843e-04
1.008825005370932599e-04
1.008943873521182219e-04
1.009062741671431975e-04
1.009181609821681595e-04
1.009300477971931351e-04
1.009419346122180972e-04
1.009538214272430592e-04
1.009657082422680348e-04
1.009775950572929968e-04
1.009894818723179724e-04
1.010013686873429344e-04
1.010132555023679100e-04
1.010251423173928720e-04
1.009736770791498780e-04
1.009222118409068840e-04
1.008707466026639035e-04
1.008192813644209095e-04
1.007678161261779155e-04
1.007163508879349215e-04
1.006648856496919410e-04
1.006134204114489470e-04
1.005619551732059530e-04
1.005104899349629590e-04
1.004590246967199785e-04
1.004075594584769845e-04
1.003560942202339905e-04
1.003046289819909965e-04
1.002531637437480160e-04
1.002016985055050220e-04
1.001446349990627401e-04
1.000819732244211840e-04
1.000193114497796142e-04
9.995664967513804449e-05
9.989398790049648831e-05
9.983132612585491857e-05
9.976866435121336239e-05
9.970600257657179265e-05
9.964334080193022291e-05
9.958067902728866673e-05
9.951801725264709699e-05
9.945535547800554081e-05
9.939269370336397107e-05
9.933003192872241489e-05
9.926737015408084515e-05
9.920470837943927542e-05
9.914204660479771923e-05
9.916910485736721325e-05
9.928588313714778457e-05
9.940266141692835589e-05
9.951943969670891366e-05
9.963621797648948499e-05
9.975299625627005631e-05
9.986977453605061408e-05
9.998655281583118540e-05
1.001033310956117432e-04
1.002201093753923145e-04
1.003368876551728858e-04
1.004536659349534436e-04
1.005704442147340149e-04
1.006872224945145862e-04
1.008040007742951440e-04
1.009207790540757153e-04
1.010375573338562866e-04
1.010916001676547893e-04
1.010829075554712505e-04
1.010742149432876982e-04
1.010655223311041458e-04
1.010568297189206070e-04
1.010481371067370546e-04
1.010394444945535158e-04
1.010307518823699635e-04
1.010220592701864247e-04
1.010133666580028723e-04
1.010046740458193199e-04
1.009959814336357811e-04
1.009872888214522288e-04
1.009785962092686899e-04
1.009699035970851376e-04
1.009612109849015988e-04
1.009525183727180464e-04
1.008613479966250420e-04
1.007701776205320511e-04
1.006790072444390467e-04
1.005878368683460559e-04
1.004966664922530515e-04
1.004054961161600606e-04
1.003143257400670562e-04
1.002231553639740654e-04
1.001319849878810610e-04
1.000408146117880701e-04
9.994964423569506571e-05
9.985847385960207486e-05
9.976730348350907045e-05
9.967613310741607960e-05
9.958496273132307519e-05
9.949379235523008434e-05
9.944099650446494706e-05
9.942657517902767691e-05
9.941215385359040676e-05
9.939773252815313660e-05
9.938331120271586645e-05
9.936888987727859630e-05
9.935446855184132614e-05
9.934004722640405599e-05
9.932562590096678584e-05
9.931120457552950213e-05
9.929678325009223198e-05
9.928236192465496183e-05
9.926794059921769167e-05
9.925351927378042152e-05
9.923909794834315137e-05
9.922467662290588122e-05
9.921025529746861106e-05
9.918861642679667793e-05
9.915976001089006826e-05
9.913090359498347214e-05
9.910204717907687602e-05
9.907319076317026635e-05
9.904433434726367023e-05
9.901547793135706055e-05
9.898662151545046443e-05
9.895776509954385476e-05
9.892890868363725864e-05
9.890005226773066252e-05
9.887119585182405285e-05
9.884233943591745673e-05
9.881348302001084706e-05
9.878462660410425094e-05
9.875577018819765482e-05
9.872691377229104515e-05
9.875302268126805887e-05
9.883409691512868244e-05
9.891517114898929245e-05
9.899624538284991602e-05
9.907731961671053958e-05
9.915839385057116314e-05
9.923946808443177316e-05
9.932054231829239672e-05
9.940161655215302029e-05
9.948269078601364385e-05
9.956376501987425386e-05
9.964483925373487743e-05
9.972591348759550099e-05
9.980698772145612456e-05
9.988806195531673457e-05
9.996913618917735813e-05
1.000502104230379817e-04
9.999910771363684065e-05
9.994800500423568605e-05
9.989690229483454500e-05
9.984579958543339040e-05
9.979469687603224936e-05
9.974359416663109476e-05
9.969249145722995371e-05
9.964138874782881266e-05
9.959028603842765806e-05
9.953918332902651702e-05
9.948808061962536242e-05
9.943697791022422137e-05
9.938587520082306677e-05
9.933477249142192572e-05
9.928366978202078467e-05
9.923256707261963008e-05
9.920598482794579307e-05
9.920392304799924657e-05
9.920186126805270006e-05
9.919979948810616710e-05
9.919773770815962059e-05
9.919567592821307408e-05
9.919361414826654113e-05
9.919155236831999462e-05
9.918949058837346166e-05
9.918742880842691516e-05
9.918536702848036865e-05
9.918330524853383569e-05
9.918124346858728918e-05
9.917918168864074267e-05
9.917711990869420972e-05
9.917505812874766321e-05
9.917299634880111670e-05
9.913300715429764962e-05
9.905509054523724841e-05
9.897717393617683364e-05
9.889925732711643243e-05
9.882134071805603122e-05
9.874342410899563001e-05
9.866550749993521525e-05
9.858759089087481403e-05
9.850967428181441282e-05
9.843175767275401161e-05
9.835384106369359685e-05
9.827592445463319564e-05
9.819800784557279442e-05
9.812009123651239321e-05
9.804217462745197845e-05
9.796425801839157724e-05
9.788634140933117603e-05
9.793210029849295074e-05
9.797785918765471191e-05
9.802361807681648663e-05
9.806937696597824779e-05
9.811513585514002251e-05
9.816089474430178367e-05
9.820665363346355839e-05
9.825241252262533311e-05
9.829817141178709427e-05
9.834393030094886899e-05
9.838968919011063016e-05
9.843544807927240487e-05
9.848120696843416604e-05
9.852696585759594076e-05
9.857272474675771547e-05
9.861848363591947664e-05
9.863640710974867212e-05
9.862649516824531547e-05
9.861658322674193172e-05
9.860667128523857507e-05
9.859675934373519132e-05
9.858684740223183467e-05
9.857693546072845091e-05
9.856702351922509426e-05
9.855711157772171051e-05
9.854719963621835386e-05
9.853728769471497011e-05
9.852737575321161346e-05
9.851746381170822971e-05
9.850755187020487306e-05
9.849763992870148930e-05
9.848772798719813266e-05
9.847781604569474890e-05
9.847124319296283762e-05
9.846800942900237172e-05
9.846477566504190581e-05
9.846154190108143990e-05
9.845830813712098755e-05
9.845507437316052164e-05
9.845184060920005573e-05
9.844860684523958983e-05
9.844537308127912392e-05
9.844213931731865801e-05
9.843890555335819211e-05
9.843567178939772620e-05
9.843243802543726029e-05
9.842920426147680794e-05
9.842597049751634203e-05
9.842273673355587612e-05
9.841950296959541022e-05
9.838825989019850762e-05
9.832900749536516833e-05
9.826975510053182904e-05
9.821050270569848975e-05
9.815125031086515046e-05
9.809199791603181117e-05
9.803274552119847188e-05
9.797349312636513259e-05
9.791424073153179330e-05
9.785498833669845401e-05
9.779573594186511472e-05
9.773648354703177543e-05
9.767723115219843614e-05
9.761797875736509685e-05
9.755872636253175756e-05
9.749947396769841827e-05
9.744022157286507898e-05
9.753199817037956111e-05
9.762377476789405679e-05
9.771555136540853892e-05
9.780732796292303461e-05
9.789910456043751674e-05
9.799088115795201242e-05
9.808265775546649455e-05
9.817443435298097668e-05
9.826621095049547236e-05
9.835798754800995449e-05
9.844976414552445018e-05
9.854154074303893231e-05
9.863331734055342799e-05
9.872509393806791012e-05
9.881687053558239225e-05
9.890864713309688793e-05
9.892286271457181792e-05
9.885951728000718221e-05
9.879617184544254649e-05
9.873282641087791078e-05
9.866948097631327507e-05
9.860613554174863936e-05
9.854279010718401720e-05
9.847944467261938149e-05
9.841609923805474578e-05
9.835275380349011007e-05
9.828940836892547436e-05
9.822606293436085220e-05
9.816271749979621649e-05
9.809937206523158077e-05
9.803602663066694506e-05
9.797268119610230935e-05
9.790933576153767364e-05
9.789511969084024380e-05
9.793003298401000626e-05
9.796494627717978229e-05
9.799985957034954476e-05
9.803477286351930723e-05
9.806968615668906970e-05
9.810459944985884572e-05
9.813951274302860819e-05
9.817442603619837066e-05
9.820933932936813313e-05
9.824425262253790915e-05
9.827916591570767162e-05
9.831407920887743409e-05
9.834899250204719656e-05
9.838390579521697258e-05
9.841881908838673505e-05
9.845373238155649752e-05
9.841548935977115567e-05
9.837724633798581382e-05
9.833900331620048553e-05
9.830076029441514368e-05
9.826251727262980183e-05
9.822427425084445999e-05
9.818603122905913169e-05
9.814778820727378984e-05
9.810954518548844800e-05
9.807130216370310615e-05
9.803305914191777785e-05
9.799481612013243601e-05
9.795657309834709416e-05
9.791833007656175231e-05
9.788008705477642402e-05
9.784184403299108217e-05
9.784481892270591326e-05
9.788901172392090375e-05
9.793320452513589423e-05
9.797739732635088472e-05
9.802159012756587520e-05
9.806578292878086569e-05
9.810997572999585617e-05
9.815416853121084666e-05
9.819836133242583714e-05
9.824255413364084118e-05
9.828674693485583167e-05
9.833093973607082215e-05
9.837513253728581264e-05
9.841932533850080312e-05
9.846351813971579360e-05
9.850771094093078409e-05
9.855190374214577457e-05
9.856685979088470630e-05
9.855257908714756571e-05
9.853829838341043867e-05
9.852401767967329809e-05
9.850973697593615750e-05
9.849545627219903046e-05
9.848117556846188987e-05
9.846689486472474928e-05
9.845261416098762225e-05
9.843833345725048166e-05
9.842405275351334107e-05
9.840977204977620048e-05
9.839549134603907345e-05
9.838121064230193286e-05
9.836692993856479227e-05
9.835264923482766523e-05
9.833836853109052464e-05
9.829016372107437247e-05
9.820803480477920870e-05
9.812590588848404494e-05
9.804377697218889473e-05
9.796164805589373096e-05
9.787951913959856720e-05
9.779739022330340343e-05
9.771526130700823967e-05
9.763313239071308945e-05
9.755100347441792569e-05
9.746887455812276193e-05
9.738674564182759816e-05
9.730461672553243440e-05
9.722248780923727063e-05
9.714035889294212042e-05
9.705822997664695665e-05
9.697610106035179289e-05
9.698787256764555039e-05
9.699964407493932145e-05
9.701141558223307895e-05
9.702318708952685001e-05
9.703495859682060751e-05
9.704673010411436502e-05
9.705850161140813608e-05
9.707027311870189358e-05
9.708204462599566464e-05
9.709381613328942214e-05
9.710558764058317964e-05
9.711735914787695070e-05
9.712913065517070820e-05
9.714090216246447926e-05
9.715267366975823677e-05
9.716444517705199427e-05
9.716411932445205948e-05
9.715169611195841883e-05
9.713927289946479174e-05
9.712684968697115110e-05
9.711442647447751046e-05
9.710200326198388336e-05
9.708958004949024272e-05
9.707715683699660208e-05
9.706473362450297499e-05
9.705231041200933434e-05
9.703988719951569370e-05
9.702746398702205306e-05
9.701504077452842597e-05
9.700261756203478532e-05
9.699019434954114468e-05
9.697777113704751759e-05
9.696534792455387694e-05
9.694127819480613225e-05
9.690556194780428349e-05
9.686984570080242119e-05
9.683412945380057244e-05
9.679841320679872369e-05
9.676269695979687494e-05
9.672698071279501263e-05
9.669126446579316388e-05
9.665554821879131513e-05
9.661983197178946638e-05
9.658411572478760407e-05
9.654839947778575532e-05
9.651268323078390657e-05
9.647696698378205782e-05
9.644125073678019551e-05
9.640553448977834676e-05
9.636981824277649801e-05
9.640775507334220344e-05
9.644569190390789532e-05
9.648362873447360074e-05
9.652156556503930617e-05
9.655950239560499805e-05
9.659743922617070348e-05
9.663537605673640891e-05
9.667331288730210079e-05
9.671124971786780621e-05
9.674918654843351164e-05
9.678712337899920352e-05
9.682506020956490895e-05
9.686299704013061438e-05
9.690093387069630625e-05
9.693887070126201168e-05
9.697680753182771711e-05
9.697448754363622409e-05
9.693191073668753262e-05
9.688933392973885471e-05
9.684675712279017679e-05
9.680418031584148532e-05
9.676160350889280741e-05
9.671902670194411594e-05
9.667644989499543802e-05
9.663387308804676011e-05
9.659129628109806864e-05
9.654871947414939073e-05
9.650614266720069926e-05
9.646356586025202134e-05
9.642098905330332987e-05
9.637841224635465196e-05
9.633583543940597404e-05
9.629325863245728257e-05
9.624189200261276699e-05
9.618173554987240019e-05
9.612157909713203339e-05
9.606142264439166659e-05
9.600126619165129979e-05
9.594110973891093299e-05
9.588095328617056619e-05
9.582079683343019938e-05
9.576064038068983258e-05
9.570048392794946578e-05
9.564032747520909898e-05
9.558017102246873218e-05
9.552001456972836538e-05
9.545985811698799858e-05
9.539970166424763178e-05
9.533954521150726498e-05
9.527938875876689818e-05
9.532100293804741985e-05
9.546438774934883000e-05
9.560777256065024015e-05
9.575115737195165030e-05
9.589454218325306045e-05
9.603792699455447059e-05
9.618131180585588074e-05
9.632469661715729089e-05
9.646808142845870104e-05
9.661146623976011119e-05
9.675485105106152134e-05
9.689823586236291793e-05
9.704162067366432808e-05
9.718500548496573823e-05
9.732839029626714838e-05
9.747177510756855853e-05
9.761515991886996868e-05
9.753416628834727341e-05
9.745317265782456459e-05
9.737217902730186932e-05
9.729118539677917405e-05
9.721019176625646523e-05
9.712919813573376996e-05
9.704820450521107469e-05
9.696721087468836587e-05
9.688621724416567060e-05
9.680522361364297533e-05
9.672422998312026651e-05
9.664323635259757124e-05
9.656224272207487597e-05
9.648124909155216715e-05
9.640025546102947188e-05
9.631926183050677662e-05
9.627763436313298653e-05
9.627537305890812873e-05
9.627311175468327093e-05
9.627085045045841313e-05
9.626858914623355533e-05
9.626632784200869753e-05
9.626406653778383973e-05
9.626180523355898193e-05
9.625954392933412413e-05
9.625728262510925277e-05
9.625502132088439497e-05
9.625276001665953717e-05
9.625049871243467937e-05
9.624823740820982157e-05
9.624597610398496377e-05
9.624371479976010597e-05
9.624145349553524817e-05
9.623856751716430770e-05
9.623505686464731168e-05
9.623154621213031565e-05
9.622803555961331962e-05
9.622452490709632359e-05
9.622101425457931401e-05
9.621750360206231798e-05
9.621399294954532196e-05
9.621048229702832593e-05
9.620697164451131635e-05
9.620346099199432032e-05
9.619995033947732429e-05
9.619643968696032826e-05
9.619292903444333223e-05
9.618941838192632265e-05
9.618590772940932663e-05
9.618239707689233060e-05
9.619486385761557526e-05
9.620733063833881993e-05
9.621979741906205104e-05
9.623226419978529571e-05
9.624473098050854037e-05
9.625719776123178504e-05
9.626966454195502970e-05
9.628213132267826081e-05
9.629459810340150548e-05
9.630706488412475014e-05
9.631953166484799481e-05
9.633199844557122592e-05
9.634446522629447058e-05
9.635693200701771525e-05
9.636939878774095991e-05
9.638186556846420458e-05
9.635003845051566377e-05
9.627391743389535105e-05
9.619779641727503833e-05
9.612167540065472561e-05
9.604555438403441288e-05
9.596943336741410016e-05
9.589331235079378744e-05
9.581719133417347471e-05
9.574107031755316199e-05
9.566494930093284927e-05
9.558882828431253655e-05
9.551270726769222382e-05
9.543658625107191110e-05
9.536046523445159838e-05
9.528434421783128566e-05
9.520822320121097293e-05
9.513210218459066021e-05
9.507529074567150980e-05
9.503778888445353526e-05
9.500028702323556071e-05
9.496278516201758617e-05
9.492528330079961162e-05
9.488778143958163708e-05
9.485027957836364898e-05
9.481277771714567443e-05
9.477527585592769989e-05
9.473777399470972535e-05
9.470027213349175080e-05
9.466277027227376270e-05
9.462526841105578816e-05
9.458776654983781361e-05
9.455026468861983907e-05
9.451276282740186452e-05
9.447526096618388998e-05
9.447736924545941414e-05
9.451908766522843701e-05
9.456080608499745988e-05
9.460252450476648275e-05
9.464424292453551917e-05
9.468596134430454204e-05
9.472767976407356490e-05
9.476939818384260133e-05
9.481111660361162419e-05
9.485283502338064706e-05
9.489455344314966993e-05
9.493627186291870635e-05
9.497799028268772922e-05
9.501970870245675209e-05
9.506142712222577496e-05
9.510314554199481138e-05
9.514486396176383425e-05
9.523635292888244278e-05
9.532784189600105131e-05
9.541933086311967340e-05
9.551081983023828193e-05
9.560230879735689047e-05
9.569379776447549900e-05
9.578528673159410753e-05
9.587677569871271607e-05
9.596826466583133815e-05
9.605975363294994669e-05
9.615124260006855522e-05
9.624273156718716376e-05
9.633422053430577229e-05
9.642570950142439438e-05
9.651719846854300291e-05
9.660868743566161144e-05
9.663694087521552142e-05
9.660195878720473286e-05
9.656697669919394429e-05
9.653199461118315572e-05
9.649701252317236715e-05
9.646203043516157858e-05
9.642704834715079001e-05
9.639206625914000144e-05
9.635708417112922642e-05
9.632210208311843785e-05
9.628711999510764928e-05
9.625213790709686071e-05
9.621715581908607214e-05
9.618217373107528357e-05
9.614719164306449501e-05
9.611220955505370644e-05
9.607722746704291787e-05
9.605635889475663597e-05
9.604960383819486074e-05
9.604284878163308551e-05
9.603609372507131029e-05
9.602933866850952150e-05
9.602258361194774628e-05
9.601582855538597105e-05
9.600907349882419582e-05
9.600231844226242059e-05
9.599556338570064537e-05
9.598880832913887014e-05
9.598205327257709491e-05
9.597529821601531968e-05
9.596854315945353090e-05
9.596178810289175568e-05
9.595503304632998045e-05
9.594827798976820522e-05
9.592268698779725042e-05
9.587826004041712959e-05
9.583383309303700876e-05
9.578940614565688793e-05
9.574497919827676710e-05
9.570055225089664627e-05
9.565612530351652544e-05
9.561169835613640461e-05
9.556727140875628378e-05
9.552284446137616295e-05
9.547841751399604212e-05
9.543399056661590774e-05
9.538956361923578691e-05
9.534513667185566608e-05
9.530070972447554525e-05
9.525628277709542442e-05
9.521185582971530359e-05
9.523202874428783268e-05
9.525220165886036177e-05
9.527237457343287730e-05
9.529254748800540639e-05
9.531272040257793548e-05
9.533289331715046457e-05
9.535306623172299365e-05
9.537323914629550919e-05
9.539341206086803828e-05
9.541358497544056736e-05
9.543375789001309645e-05
9.545393080458561199e-05
9.547410371915814107e-05
9.549427663373067016e-05
9.551444954830319925e-05
9.553462246287572834e-05
9.554184889180961462e-05
9.553612883510485810e-05
9.553040877840011512e-05
9.552468872169535860e-05
9.551896866499061563e-05
9.551324860828585910e-05
9.550752855158111613e-05
9.550180849487635961e-05
9.549608843817161664e-05
9.549036838146686011e-05
9.548464832476210359e-05
9.547892826805736062e-05
9.547320821135260409e-05
9.546748815464786112e-05
9.546176809794310460e-05
9.545604804123836162e-05
9.545032798453360510e-05
9.543470323808181627e-05
9.540917380188299512e-05
9.538364436568416043e-05
9.535811492948532574e-05
9.533258549328650459e-05
9.530705605708766990e-05
9.528152662088884876e-05
9.525599718469001406e-05
9.523046774849119292e-05
9.520493831229235823e-05
9.517940887609352353e-05
9.515387943989470239e-05
9.512835000369586770e-05
9.510282056749704655e-05
9.507729113129821186e-05
9.505176169509939072e-05
9.502623225890055602e-05
9.502078333381448869e-05
9.501533440872842135e-05
9.500988548364235401e-05
9.500443655855628667e-05
9.499898763347021933e-05
9.499353870838415199e-05
9.498808978329808465e-05
9.498264085821201731e-05
9.497719193312593642e-05
9.497174300803986908e-05
9.496629408295380174e-05
9.496084515786773440e-05
9.495539623278166706e-05
9.494994730769559972e-05
9.494449838260953238e-05
9.493904945752346504e-05
9.492069844809457313e-05
9.488944535432287020e-05
9.485819226055116726e-05
9.482693916677945077e-05
9.479568607300774784e-05
9.476443297923604491e-05
9.473317988546432842e-05
9.470192679169262549e-05
9.467067369792092255e-05
9.463942060414920606e-05
9.460816751037750313e-05
9.457691441660578664e-05
9.454566132283408371e-05
9.451440822906238077e-05
9.448315513529066429e-05
9.445190204151896135e-05
9.442064894774725842e-05
9.439257485354184357e-05
9.436767975890271681e-05
9.434278466426359005e-05
9.431788956962446329e-05
9.429299447498535008e-05
9.426809938034622332e-05
9.424320428570709656e-05
9.421830919106796980e-05
9.419341409642884304e-05
9.416851900178972983e-05
9.414362390715060307e-05
9.411872881251147631e-05
9.409383371787234955e-05
9.406893862323323634e-05
9.404404352859410958e-05
9.401914843395498282e-05
9.399425333931585606e-05
9.399560293501395172e-05
9.402319722104926980e-05
9.405079150708458788e-05
9.407838579311989240e-05
9.410598007915521048e-05
9.413357436519051501e-05
9.416116865122583308e-05
9.418876293726115116e-05
9.421635722329645569e-05
9.424395150933177377e-05
9.427154579536707829e-05
9.429914008140239637e-05
9.432673436743771445e-05
9.435432865347301897e-05
9.438192293950833705e-05
9.440951722554364158e-05
9.443711151157895966e-05
9.450554134806574385e-05
9.457397118455252805e-05
9.464240102103931224e-05
9.471083085752609644e-05
9.477926069401289419e-05
9.484769053049967838e-05
9.491612036698646258e-05
9.498455020347324677e-05
9.505298003996003097e-05
9.512140987644681516e-05
9.518983971293359936e-05
9.525826954942038355e-05
9.532669938590718130e-05
9.539512922239396550e-05
9.546355905888074969e-05
9.553198889536753389e-05
9.555221274476583741e-05
9.552423060707564671e-05
9.549624846938546956e-05
9.546826633169529241e-05
9.544028419400510171e-05
9.541230205631492456e-05
9.538431991862474741e-05
9.535633778093455671e-05
9.532835564324437956e-05
9.530037350555420241e-05
9.527239136786401171e-05
9.524440923017383456e-05
9.521642709248365742e-05
9.518844495479346671e-05
9.516046281710328957e-05
9.513248067941311242e-05
9.510449854172292172e-05
9.503996968433415398e-05
9.493889410724678211e-05
9.483781853015941024e-05
9.473674295307203837e-05
9.463566737598466650e-05
9.453459179889729463e-05
9.443351622180992276e-05
9.433244064472255089e-05
9.423136506763517902e-05
9.413028949054780715e-05
9.402921391346043527e-05
9.392813833637307696e-05
9.382706275928570509e-05
9.372598718219833321e-05
9.362491160511096134e-05
9.352383602802358947e-05
9.342276045093621760e-05
9.348698057972823440e-05
9.355120070852023764e-05
9.361542083731225444e-05
9.367964096610425769e-05
9.374386109489627448e-05
9.380808122368827773e-05
9.387230135248029452e-05
9.393652148127231132e-05
9.400074161006431457e-05
9.406496173885633136e-05
9.412918186764833461e-05
9.419340199644035141e-05
9.425762212523235465e-05
9.432184225402437145e-05
9.438606238281638825e-05
9.445028251160839149e-05
9.446644651042669562e-05
9.443455437927128710e-05
9.440266224811587857e-05
9.437077011696047004e-05
9.433887798580504796e-05
9.430698585464963944e-05
9.427509372349423091e-05
9.424320159233882238e-05
9.421130946118341386e-05
9.417941733002800533e-05
9.414752519887259680e-05
9.411563306771718828e-05
9.408374093656177975e-05
9.405184880540635767e-05
9.401995667425094914e-05
9.398806454309554062e-05
9.395617241194013209e-05
9.391591337766833731e-05
9.386728744028014274e-05
9.381866150289196171e-05
9.377003556550376714e-05
9.372140962811557256e-05
9.367278369072739154e-05
9.362415775333919696e-05
9.357553181595101594e-05
9.352690587856282137e-05
9.347827994117462679e-05
9.342965400378644577e-05
9.338102806639825119e-05
9.333240212901007017e-05
9.328377619162187559e-05
9.323515025423368102e-05
9.318652431684549999e-05
9.313789837945730542e-05
9.314911608607926526e-05
9.322017743671135240e-05
9.329123878734343954e-05
9.336230013797554024e-05
9.343336148860762738e-05
9.350442283923972807e-05
9.357548418987181522e-05
9.364654554050390236e-05
9.371760689113600305e-05
9.378866824176809020e-05
9.385972959240019089e-05
9.393079094303227804e-05
9.400185229366436518e-05
9.407291364429646587e-05
9.414397499492855302e-05
9.421503634556065371e-05
9.428609769619274085e-05
9.427258412931752856e-05
9.425907056244230272e-05
9.424555699556709043e-05
9.423204342869186459e-05
9.421852986181665230e-05
9.420501629494142646e-05
9.419150272806621417e-05
9.417798916119100188e-05
9.416447559431577604e-05
9.415096202744056375e-05
9.413744846056533791e-05
9.412393489369012562e-05
9.411042132681489978e-05
9.409690775993968749e-05
9.408339419306447520e-05
9.406988062618924936e-05
9.406377294123796173e-05
9.406507113821058522e-05
9.406636933518322226e-05
9.406766753215584575e-05
9.406896572912848279e-05
9.407026392610110628e-05
9.407156212307374332e-05
9.407286032004636680e-05
9.407415851701900384e-05
9.407545671399164088e-05
9.407675491096426437e-05
9.407805310793690141e-05
9.407935130490952490e-05
9.408064950188216194e-05
9.408194769885478543e-05
9.408324589582742247e-05
9.408454409280004596e-05
9.406878703110839706e-05
9.403597471075246224e-05
9.400316239039654097e-05
9.397035007004060614e-05
9.393753774968467132e-05
9.390472542932875005e-05
9.387191310897281522e-05
9.383910078861688040e-05
9.380628846826095913e-05
9.377347614790502430e-05
9.374066382754908948e-05
9.370785150719315466e-05
9.367503918683723339e-05
9.364222686648129856e-05
9.360941454612536374e-05
9.357660222576944247e-05
9.354378990541350764e-05
9.362158874828435424e-05
9.369938759115518728e-05
9.377718643402603387e-05
9.385498527689686691e-05
9.393278411976771350e-05
9.401058296263856010e-05
9.408838180550939314e-05
9.416618064838023973e-05
9.424397949125107277e-05
9.432177833412191937e-05
9.439957717699276596e-05
9.447737601986359900e-05
9.455517486273444560e-05
9.463297370560527864e-05
9.471077254847612523e-05
9.478857139134697182e-05
9.478508966751358889e-05
9.470032737697600352e-05
9.461556508643841816e-05
9.453080279590081925e-05
9.444604050536323388e-05
9.436127821482564852e-05
9.427651592428806316e-05
9.419175363375046424e-05
9.410699134321287888e-05
9.402222905267529351e-05
9.393746676213769460e-05
9.385270447160010924e-05
9.376794218106252387e-05
9.368317989052493851e-05
9.359841759998733959e-05
9.351365530944975423e-05
9.342889301891216887e-05
9.339944304146217794e-05
9.342530537709978146e-05
9.345116771273738498e-05
9.347703004837500205e-05
9.350289238401260556e-05
9.352875471965020908e-05
9.355461705528781259e-05
9.358047939092542966e-05
9.360634172656303318e-05
9.363220406220063670e-05
9.365806639783825376e-05
9.368392873347585728e-05
9.370979106911346080e-05
9.373565340475106431e-05
9.376151574038868138e-05
9.378737807602628490e-05
9.381324041166388841e-05
9.380000043036481271e-05
9.374765813212903069e-05
9.369531583389324866e-05
9.364297353565746663e-05
9.359063123742168461e-05
9.353828893918590258e-05
9.348594664095012056e-05
9.343360434271433853e-05
9.338126204447855651e-05
9.332891974624277448e-05
9.327657744800699246e-05
9.322423514977121043e-05
9.317189285153542840e-05
9.311955055329964638e-05
9.306720825506386435e-05
9.301486595682808233e-05
9.296252365859230030e-05
9.295011928219052560e-05
9.293771490578875091e-05
9.292531052938696266e-05
9.291290615298518796e-05
9.290050177658341327e-05
9.288809740018163857e-05
9.287569302377986387e-05
9.286328864737808917e-05
9.285088427097630093e-05
9.283847989457452623e-05
9.282607551817275153e-05
9.281367114177097684e-05
9.280126676536920214e-05
9.278886238896741389e-05
9.277645801256563919e-05
9.276405363616386450e-05
9.281316993162863106e-05
9.292380689895992534e-05
9.303444386629123317e-05
9.314508083362252745e-05
9.325571780095383528e-05
9.336635476828512956e-05
9.347699173561643739e-05
9.358762870294773167e-05
9.369826567027903950e-05
9.380890263761034733e-05
9.391953960494164161e-05
9.403017657227294944e-05
9.414081353960424372e-05
9.425145050693555155e-05
9.436208747426684583e-05
9.447272444159815366e-05
9.458336140892944794e-05
9.463677358352691417e-05
9.463296096539052524e-05
9.462914834725413631e-05
9.462533572911776094e-05
9.462152311098137201e-05
9.461771049284498308e-05
9.461389787470860771e-05
9.461008525657221878e-05
9.460627263843584341e-05
9.460246002029945448e-05
9.459864740216306555e-05
9.459483478402669018e-05
9.459102216589030125e-05
9.458720954775391232e-05
9.458339692961753695e-05
9.457958431148114802e-05
9.457577169334475909e-05
9.457437800604529465e-05
9.457540324958274114e-05
9.457642849312018762e-05
9.457745373665763411e-05
9.457847898019509415e-05
9.457950422373254064e-05
9.458052946726998712e-05
9.458155471080743361e-05
9.458257995434488010e-05
9.458360519788232659e-05
9.458463044141977307e-05
9.458565568495721956e-05
9.458668092849467960e-05
9.458770617203212609e-05
9.458873141556957257e-05
9.458975665910701906e-05
9.459078190264446555e-05
9.449287793540889040e-05
9.439497396817331525e-05
9.429707000093774010e-05
9.419916603370216495e-05
9.410126206646658980e-05
9.400335809923101465e-05
9.390545413199543950e-05
9.380755016475986435e-05
9.370964619752430275e-05
9.361174223028872760e-05
9.351383826305315246e-05
9.341593429581757731e-05
9.331803032858200216e-05
9.322012636134642701e-05
9.312222239411085186e-05
9.302431842687527671e-05
9.301203469270808051e-05
9.308537119160926326e-05
9.315870769051044602e-05
9.323204418941162877e-05
9.330538068831281152e-05
9.337871718721399428e-05
9.345205368611517703e-05
9.352539018501635978e-05
9.359872668391754254e-05
9.367206318281872529e-05
9.374539968171990804e-05
9.381873618062109080e-05
9.389207267952227355e-05
9.396540917842345630e-05
9.403874567732463906e-05
9.411208217622582181e-05
9.418541867512700456e-05
9.418586861128616281e-05
9.411343198470329655e-05
9.404099535812043028e-05
9.396855873153756402e-05
9.389612210495468421e-05
9.382368547837181794e-05
9.375124885178895168e-05
9.367881222520608542e-05
9.360637559862321916e-05
9.353393897204035289e-05
9.346150234545748663e-05
9.338906571887462037e-05
9.331662909229174055e-05
9.324419246570887429e-05
9.317175583912600803e-05
9.309931921254314176e-05
9.302688258596027550e-05
9.303779120370029134e-05
9.304869982144032073e-05
9.305960843918033656e-05
9.307051705692035240e-05
9.308142567466038179e-05
9.309233429240039762e-05
9.310324291014042701e-05
9.311415152788044285e-05
9.312506014562045868e-05
9.313596876336048807e-05
9.314687738110050391e-05
9.315778599884051974e-05
9.316869461658054913e-05
9.317960323432056496e-05
9.319051185206058080e-05
9.320142046980061019e-05
9.319163751434606478e-05
9.316116298569695814e-05
9.313068845704785149e-05
9.310021392839875839e-05
9.306973939974965174e-05
9.303926487110054510e-05
9.300879034245143845e-05
9.297831581380233180e-05
9.294784128515323871e-05
9.291736675650413206e-05
9.288689222785502541e-05
9.285641769920591876e-05
9.282594317055681212e-05
9.279546864190770547e-05
9.276499411325861237e-05
9.273451958460950573e-05
9.270404505596039908e-05
9.269985693653743774e-05
9.272195522634060815e-05
9.274405351614377856e-05
9.276615180594696252e-05
9.278825009575013293e-05
9.281034838555330335e-05
9.283244667535648731e-05
9.285454496515965772e-05
9.287664325496284169e-05
9.289874154476601210e-05
9.292083983456918251e-05
9.294293812437236647e-05
9.296503641417553688e-05
9.298713470397870729e-05
9.300923299378189126e-05
9.303133128358506167e-05
9.305342957338823208e-05
9.305556093786752166e-05
9.303772537702290329e-05
9.301988981617828492e-05
9.300205425533366655e-05
9.298421869448904818e-05
9.296638313364442982e-05
9.294854757279981145e-05
9.293071201195519308e-05
9.291287645111057471e-05
9.289504089026595635e-05
9.287720532942133798e-05
9.285936976857673316e-05
9.284153420773211480e-05
9.282369864688749643e-05
9.280586308604287806e-05
9.278802752519825969e-05
9.277019196435364132e-05
9.282032260281534726e-05
9.287045324127705319e-05
9.292058387973875912e-05
9.297071451820045150e-05
9.302084515666215743e-05
9.307097579512386336e-05
9.312110643358556929e-05
9.317123707204727522e-05
9.322136771050898115e-05
9.327149834897067353e-05
9.332162898743237946e-05
9.337175962589408539e-05
9.342189026435579133e-05
9.347202090281749726e-05
9.352215154127920319e-05
9.357228217974090912e-05
9.360875212413788870e-05
9.363156137447016904e-05
9.365437062480244938e-05
9.367717987513472973e-05
9.369998912546699651e-05
9.372279837579927685e-05
9.374560762613155720e-05
9.376841687646383754e-05
9.379122612679610432e-05
9.381403537712838467e-05
9.383684462746066501e-05
9.385965387779294535e-05
9.388246312812522569e-05
9.390527237845749248e-05
9.392808162878977282e-05
9.395089087912205316e-05
9.397370012945433350e-05
9.394833781282883281e-05
9.387480392924555110e-05
9.380127004566228294e-05
9.372773616207901478e-05
9.365420227849573307e-05
9.358066839491246491e-05
9.350713451132918320e-05
9.343360062774591504e-05
9.336006674416263333e-05
9.328653286057936517e-05
9.321299897699609701e-05
9.313946509341281530e-05
9.306593120982954714e-05
9.299239732624626543e-05
9.291886344266299727e-05
9.284532955907971556e-05
9.277179567549644740e-05
9.277995255016424842e-05
9.278810942483204944e-05
9.279626629949985046e-05
9.280442317416763792e-05
9.281258004883543894e-05
9.282073692350323996e-05
9.282889379817104098e-05
9.283705067283884200e-05
9.284520754750664301e-05
9.285336442217443048e-05
9.286152129684223150e-05
9.286967817151003252e-05
9.287783504617783353e-05
9.288599192084563455e-05
9.289414879551343557e-05
9.290230567018123659e-05
9.291940963878702546e-05
9.294546070133080217e-05
9.297151176387457889e-05
9.299756282641835560e-05
9.302361388896213232e-05
9.304966495150590903e-05
9.307571601404968575e-05
9.310176707659346246e-05
9.312781813913723918e-05
9.315386920168101589e-05
9.317992026422479261e-05
9.320597132676856932e-05
9.323202238931234604e-05
9.325807345185612275e-05
9.328412451439989947e-05
9.331017557694367619e-05
9.333622663948745290e-05
9.335209847683191022e-05
9.335779108897703459e-05
9.336348370112214541e-05
9.336917631326726978e-05
9.337486892541239415e-05
9.338056153755751852e-05
9.338625414970262934e-05
9.339194676184775371e-05
9.339763937399287808e-05
9.340333198613800245e-05
9.340902459828312682e-05
9.341471721042823764e-05
9.342040982257336201e-05
9.342610243471848638e-05
9.343179504686361075e-05
9.343748765900872157e-05
9.344318027115384594e-05
9.345452032654537626e-05
9.347150782518332608e-05
9.348849532382127591e-05
9.350548282245922573e-05
9.352247032109717556e-05
9.353945781973512538e-05
9.355644531837307520e-05
9.357343281701102503e-05
9.359042031564897485e-05
9.360740781428692468e-05
9.362439531292487450e-05
9.364138281156282433e-05
9.365837031020077415e-05
9.367535780883872397e-05
9.369234530747667380e-05
9.370933280611462362e-05
9.372632030475257345e-05
9.370959742634269720e-05
9.369287454793282096e-05
9.367615166952294472e-05
9.365942879111306847e-05
9.364270591270319223e-05
9.362598303429332954e-05
9.360926015588345330e-05
9.359253727747357705e-05
9.357581439906370081e-05
9.355909152065382457e-05
9.354236864224394832e-05
9.352564576383407208e-05
9.350892288542419584e-05
9.349220000701431959e-05
9.347547712860444335e-05
9.345875425019456711e-05
9.344695038018711799e-05
9.344006551858209599e-05
9.343318065697707399e-05
9.342629579537205199e-05
9.341941093376702999e-05
9.341252607216200799e-05
9.340564121055698599e-05
9.339875634895196399e-05
9.339187148734694199e-05
9.338498662574191999e-05
9.337810176413689799e-05
9.337121690253187599e-05
9.336433204092685399e-05
9.335744717932183199e-05
9.335056231771680999e-05
9.334367745611178799e-05
9.333679259450676600e-05
9.332853421878076910e-05
9.331890232893379732e-05
9.330927043908682553e-05
9.329963854923985374e-05
9.329000665939288196e-05
9.328037476954592372e-05
9.327074287969895194e-05
9.326111098985198015e-05
9.325147910000500836e-05
9.324184721015805013e-05
9.323221532031107834e-05
9.322258343046410656e-05
9.321295154061713477e-05
9.320331965077016298e-05
9.319368776092320475e-05
9.318405587107623296e-05
9.317442398122926118e-05
9.314253952664492851e-05
9.311065507206059584e-05
9.307877061747626317e-05
9.304688616289193050e-05
9.301500170830758428e-05
9.298311725372325161e-05
9.295123279913891895e-05
9.291934834455458628e-05
9.288746388997025361e-05
9.285557943538592094e-05
9.282369498080158827e-05
9.279181052621725560e-05
9.275992607163290938e-05
9.272804161704857671e-05
9.269615716246424404e-05
9.266427270787991138e-05
9.264173019310619839e-05
9.262852961814310509e-05
9.261532904317999824e-05
9.260212846821690494e-05
9.258892789325381164e-05
9.257572731829071834e-05
9.256252674332761149e-05
9.254932616836451819e-05
9.253612559340142489e-05
9.252292501843833159e-05
9.250972444347523829e-05
9.249652386851213144e-05
9.248332329354903814e-05
9.247012271858594484e-05
9.245692214362285154e-05
9.244372156865974469e-05
9.243052099369665139e-05
9.244434708471141991e-05
9.248519984170403669e-05
9.252605259869666702e-05
9.256690535568928380e-05
9.260775811268190058e-05
9.264861086967453091e-05
9.268946362666714768e-05
9.273031638365977802e-05
9.277116914065239479e-05
9.281202189764501157e-05
9.285287465463764190e-05
9.289372741163025868e-05
9.293458016862288901e-05
9.297543292561550579e-05
9.301628568260812257e-05
9.305713843960075290e-05
9.309799119659336968e-05
9.310070306809809751e-05
9.306527405411490930e-05
9.302984504013172109e-05
9.299441602614853288e-05
9.295898701216534466e-05
9.292355799818217000e-05
9.288812898419898179e-05
9.285269997021579358e-05
9.281727095623260536e-05
9.278184194224943070e-05
9.274641292826624249e-05
9.271098391428305428e-05
9.267555490029986606e-05
9.264012588631667785e-05
9.260469687233350319e-05
9.256926785835031498e-05
9.253383884436712677e-05
9.255859930209630205e-05
9.258335975982547733e-05
9.260812021755465261e-05
9.263288067528382790e-05
9.265764113301300318e-05
9.268240159074217846e-05
9.270716204847135374e-05
9.273192250620052902e-05
9.275668296392971786e-05
9.278144342165889314e-05
9.280620387938806842e-05
9.283096433711724371e-05
9.285572479484641899e-05
9.288048525257559427e-05
9.290524571030476955e-05
9.293000616803394484e-05
9.296796136709612563e-05
9.301911130749133906e-05
9.307026124788652537e-05
9.312141118828173880e-05
9.317256112867692511e-05
9.322371106907213854e-05
9.327486100946732485e-05
9.332601094986253828e-05
9.337716089025772459e-05
9.342831083065293802e-05
9.347946077104812433e-05
9.353061071144333776e-05
9.358176065183852407e-05
9.363291059223373750e-05
9.368406053262892381e-05
9.373521047302413724e-05
9.378636041341932355e-05
9.384757610450623400e-05
9.391885754628485504e-05
9.399013898806347607e-05
9.406142042984208355e-05
9.413270187162070459e-05
9.420398331339931207e-05
9.427526475517793310e-05
9.434654619695655414e-05
9.441782763873516162e-05
9.448910908051378265e-05
9.456039052229239013e-05
9.463167196407101117e-05
9.470295340584963220e-05
9.477423484762823968e-05
9.484551628940686072e-05
9.491679773118546820e-05
9.498807917296408923e-05
9.493607260767939079e-05
9.488406604239470589e-05
9.483205947711000744e-05
9.478005291182532255e-05
9.472804634654062410e-05
9.467603978125593920e-05
9.462403321597124075e-05
9.457202665068655586e-05
9.452002008540185741e-05
9.446801352011717251e-05
9.441600695483247407e-05
9.436400038954778917e-05
9.431199382426309072e-05
9.425998725897840583e-05
9.420798069369370738e-05
9.415597412840902248e-05
9.413385400225200066e-05
9.414162031522264190e-05
9.414938662819329670e-05
9.415715294116395150e-05
9.416491925413459274e-05
9.417268556710524754e-05
9.418045188007590233e-05
9.418821819304654358e-05
9.419598450601719838e-05
9.420375081898785317e-05
9.421151713195849442e-05
9.421928344492914921e-05
9.422704975789980401e-05
9.423481607087044526e-05
9.424258238384110005e-05
9.425034869681175485e-05
9.425811500978239609e-05
9.421500971698718908e-05
9.412103281842613381e-05
9.402705591986506499e-05
9.393307902130400972e-05
9.383910212274294089e-05
9.374512522418188562e-05
9.365114832562081680e-05
9.355717142705976153e-05
9.346319452849869271e-05
9.336921762993762388e-05
9.327524073137656861e-05
9.318126383281549979e-05
9.308728693425444452e-05
9.299331003569337570e-05
9.289933313713232043e-05
9.280535623857125160e-05
9.271137934001019633e-05
9.269730159277710276e-05
9.276312299687199797e-05
9.282894440096689319e-05
9.289476580506178841e-05
9.296058720915668363e-05
9.302640861325157885e-05
9.309223001734647407e-05
9.315805142144136929e-05
9.322387282553626451e-05
9.328969422963115973e-05
9.335551563372605495e-05
9.342133703782093661e-05
9.348715844191583183e-05
9.355297984601072705e-05
9.361880125010562227e-05
9.368462265420051749e-05
9.375044405829541271e-05
9.369321154162896649e-05
9.363597902496252027e-05
9.357874650829608760e-05
9.352151399162964137e-05
9.346428147496319515e-05
9.340704895829674893e-05
9.334981644163030271e-05
9.329258392496387004e-05
9.323535140829742381e-05
9.317811889163097759e-05
9.312088637496453137e-05
9.306365385829809870e-05
9.300642134163165247e-05
9.294918882496520625e-05
9.289195630829876003e-05
9.283472379163231381e-05
9.281971722720906801e-05
9.284693661502900909e-05
9.287415600284893661e-05
9.290137539066887769e-05
9.292859477848881876e-05
9.295581416630875984e-05
9.298303355412868736e-05
9.301025294194862844e-05
9.303747232976856951e-05
9.306469171758851059e-05
9.309191110540845167e-05
9.311913049322837919e-05
9.314634988104832027e-05
9.317356926886826134e-05
9.320078865668820242e-05
9.322800804450812994e-05
9.325522743232807102e-05
9.326697105482144345e-05
9.326323891198823367e-05
9.325950676915503745e-05
9.325577462632182767e-05
9.325204248348863145e-05
9.324831034065542167e-05
9.324457819782222545e-05
9.324084605498901568e-05
9.323711391215581945e-05
9.323338176932262323e-05
9.322964962648941346e-05
9.322591748365621723e-05
9.322218534082300746e-05
9.321845319798981123e-05
9.321472105515660146e-05
9.321098891232340524e-05
9.320725676949019546e-05
9.319751902093741645e-05
9.318177566666505465e-05
9.316603231239269285e-05
9.315028895812033105e-05
9.313454560384796924e-05
9.311880224957560744e-05
9.310305889530324564e-05
9.308731554103088384e-05
9.307157218675852204e-05
9.305582883248616024e-05
9.304008547821379844e-05
9.302434212394143664e-05
9.300859876966907484e-05
9.299285541539671304e-05
9.297711206112435124e-05
9.296136870685198944e-05
9.294562535257962763e-05
9.296099192669874246e-05
9.297635850081784374e-05
9.299172507493695856e-05
9.300709164905607339e-05
9.302245822317517466e-05
9.303782479729428949e-05
9.305319137141340432e-05
9.306855794553251914e-05
9.308392451965162042e-05
9.309929109377073524e-05
9.311465766788985007e-05
9.313002424200895134e-05
9.314539081612806617e-05
9.316075739024718100e-05
9.317612396436628227e-05
9.319149053848539710e-05
9.322367206270964037e-05
9.327266853703901209e-05
9.332166501136838382e-05
9.337066148569774199e-05
9.341965796002711371e-05
9.346865443435648543e-05
9.351765090868585715e-05
9.356664738301522888e-05
9.361564385734460060e-05
9.366464033167395877e-05
9.371363680600333049e-05
9.376263328033270221e-05
9.381162975466207394e-05
9.386062622899144566e-05
9.390962270332080383e-05
9.395861917765017555e-05
9.400761565197954727e-05
9.402050067922717430e-05
9.399727425939304309e-05
9.397404783955892542e-05
9.395082141972480776e-05
9.392759499989067654e-05
9.390436858005655888e-05
9.388114216022242766e-05
9.385791574038831000e-05
9.383468932055417878e-05
9.381146290072006112e-05
9.378823648088594346e-05
9.376501006105181224e-05
9.374178364121769458e-05
9.371855722138356336e-05
9.369533080154944570e-05
9.367210438171531448e-05
9.364887796188119682e-05
9.373340489048370835e-05
9.381793181908621988e-05
9.390245874768873141e-05
9.398698567629124295e-05
9.407151260489375448e-05
9.415603953349626601e-05
9.424056646209877754e-05
9.432509339070128907e-05
9.440962031930380061e-05
9.449414724790631214e-05
9.457867417650882367e-05
9.466320110511133520e-05
9.474772803371384674e-05
9.483225496231635827e-05
9.491678189091886980e-05
9.500130881952138133e-05
9.502950999730197252e-05
9.500138542426064337e-05
9.497326085121931421e-05
9.494513627817799861e-05
9.491701170513666946e-05
9.488888713209534030e-05
9.486076255905402470e-05
9.483263798601269555e-05
9.480451341297137994e-05
9.477638883993005079e-05
9.474826426688872164e-05
9.472013969384740603e-05
9.469201512080607688e-05
9.466389054776474772e-05
9.463576597472343212e-05
9.460764140168210297e-05
9.457951682864077381e-05
9.458369557978975632e-05
9.462017765512902338e-05
9.465665973046830399e-05
9.469314180580758460e-05
9.472962388114685166e-05
9.476610595648613227e-05
9.480258803182539933e-05
9.483907010716467994e-05
9.487555218250394700e-05
9.491203425784322761e-05
9.494851633318250822e-05
9.498499840852177528e-05
9.502148048386105589e-05
9.505796255920032295e-05
9.509444463453960356e-05
9.513092670987888418e-05
9.516740878521815123e-05
9.518313934856744785e-05
9.517811839992676047e-05
9.517309745128607308e-05
9.516807650264537215e-05
9.516305555400468477e-05
9.515803460536399739e-05
9.515301365672331000e-05
9.514799270808262262e-05
9.514297175944192169e-05
9.513795081080123430e-05
9.513292986216054692e-05
9.512790891351985954e-05
9.512288796487917216e-05
9.511786701623848477e-05
9.511284606759778384e-05
9.510782511895709646e-05
9.510280417031640907e-05
9.506669397015034815e-05
9.503058376998428723e-05
9.499447356981821275e-05
9.495836336965215183e-05
9.492225316948609091e-05
9.488614296932002998e-05
9.485003276915396906e-05
9.481392256898789458e-05
9.477781236882183366e-05
9.474170216865577274e-05
9.470559196848971181e-05
9.466948176832363734e-05
9.463337156815757642e-05
9.459726136799151549e-05
9.456115116782545457e-05
9.452504096765939365e-05
9.448281680989919888e-05
9.443447869454488382e-05
9.438614057919056876e-05
9.433780246383626725e-05
9.428946434848195219e-05
9.424112623312763714e-05
9.419278811777332208e-05
9.414445000241900702e-05
9.409611188706469196e-05
9.404777377171039045e-05
9.399943565635607539e-05
9.395109754100176033e-05
9.390275942564744527e-05
9.385442131029313022e-05
9.380608319493882871e-05
9.375774507958451365e-05
9.370940696423019859e-05
9.366871345210368187e-05
9.363566454320496350e-05
9.360261563430623158e-05
9.356956672540751320e-05
9.353651781650879483e-05
9.350346890761006291e-05
9.347041999871134454e-05
9.343737108981262616e-05
9.340432218091389424e-05
9.337127327201517587e-05
9.333822436311645749e-05
9.330517545421773912e-05
9.327212654531900720e-05
9.323907763642028882e-05
9.320602872752157045e-05
9.317297981862283853e-05
9.313993090972412015e-05
9.326072866364851471e-05
9.338152641757289571e-05
9.350232417149729027e-05
9.362312192542168482e-05
9.374391967934607938e-05
9.386471743327046038e-05
9.398551518719485494e-05
9.410631294111924949e-05
9.422711069504364405e-05
9.434790844896802505e-05
9.446870620289241961e-05
9.458950395681681416e-05
9.471030171074119517e-05
9.483109946466558972e-05
9.495189721858998428e-05
9.507269497251437883e-05
9.512621306974999153e-05
9.511245151029683591e-05
9.509868995084368030e-05
9.508492839139053823e-05
9.507116683193738262e-05
9.505740527248422700e-05
9.504364371303107139e-05
9.502988215357791577e-05
9.501612059412476016e-05
9.500235903467161810e-05
9.498859747521846248e-05
9.497483591576530687e-05
9.496107435631215125e-05
9.494731279685899564e-05
9.493355123740585357e-05
9.491978967795269796e-05
9.490602811849954234e-05
9.491905009874152465e-05
9.495885561867864488e-05
9.499866113861575156e-05
9.503846665855287179e-05
9.507827217848999202e-05
9.511807769842711225e-05
9.515788321836421892e-05
9.519768873830133915e-05
9.523749425823845938e-05
9.527729977817557961e-05
9.531710529811269984e-05
9.535691081804980652e-05
9.539671633798692675e-05
9.543652185792404698e-05
9.547632737786116721e-05
9.551613289779827389e-05
9.555593841773539412e-05
9.555684925015002582e-05
9.551886539504216901e-05
9.548088153993431219e-05
9.544289768482645537e-05
9.540491382971859856e-05
9.536692997461074174e-05
9.532894611950288493e-05
9.529096226439502811e-05
9.525297840928717129e-05
9.521499455417931448e-05
9.517701069907145766e-05
9.513902684396360085e-05
9.510104298885574403e-05
9.506305913374788722e-05
9.502507527864003040e-05
9.498709142353217358e-05
9.494910756842431677e-05
9.488261156556501220e-05
9.481611556270570763e-05
9.474961955984640305e-05
9.468312355698709848e-05
9.461662755412779391e-05
9.455013155126848934e-05
9.448363554840918477e-05
9.441713954554988020e-05
9.435064354269057563e-05
9.428414753983127105e-05
9.421765153697196648e-05
9.415115553411266191e-05
9.408465953125335734e-05
9.401816352839405277e-05
9.395166752553474820e-05
9.388517152267544363e-05
9.386964301469520600e-05
9.390508200159406241e-05
9.394052098849291882e-05
9.397595997539176169e-05
9.401139896229061810e-05
9.404683794918947451e-05
9.408227693608833093e-05
9.411771592298717379e-05
9.415315490988603020e-05
9.418859389678488662e-05
9.422403288368372948e-05
9.425947187058258589e-05
9.429491085748144231e-05
9.433034984438029872e-05
9.436578883127914158e-05
9.440122781817799800e-05
9.443666680507685441e-05
9.444934210818415124e-05
9.443925372749991558e-05
9.442916534681567993e-05
9.441907696613143072e-05
9.440898858544719506e-05
9.439890020476295941e-05
9.438881182407871020e-05
9.437872344339447454e-05
9.436863506271023889e-05
9.435854668202598968e-05
9.434845830134175402e-05
9.433836992065751837e-05
9.432828153997326916e-05
9.431819315928903350e-05
9.430810477860479784e-05
9.429801639792054864e-05
9.428792801723631298e-05
9.429181277938807298e-05
9.429569754153981943e-05
9.429958230369157944e-05
9.430346706584332589e-05
9.430735182799508589e-05
9.431123659014684589e-05
9.431512135229859234e-05
9.431900611445035235e-05
9.432289087660209880e-05
9.432677563875385880e-05
9.433066040090561880e-05
9.433454516305736525e-05
9.433842992520912526e-05
9.434231468736087171e-05
9.434619944951263171e-05
9.435008421166439171e-05
9.435811834314255706e-05
9.437030184394714131e-05
9.438248534475172555e-05
9.439466884555630980e-05
9.440685234636089405e-05
9.441903584716547829e-05
9.443121934797006254e-05
9.444340284877464678e-05
9.445558634957923103e-05
9.446776985038381528e-05
9.447995335118839952e-05
9.449213685199298377e-05
9.450432035279756802e-05
9.451650385360215226e-05
9.452868735440673651e-05
9.454087085521132076e-05
9.455305435601590500e-05
9.455256457217861110e-05
9.453940150369943905e-05
9.452623843522026700e-05
9.451307536674109495e-05
9.449991229826192290e-05
9.448674922978275085e-05
9.447358616130357880e-05
9.446042309282440676e-05
9.444726002434523471e-05
9.443409695586606266e-05
9.442093388738689061e-05
9.440777081890771856e-05
9.439460775042854651e-05
9.438144468194937446e-05
9.436828161347020241e-05
9.435511854499103036e-05
9.434195547651185831e-05
9.433486055420400895e-05
9.433383377806748226e-05
9.433280700193095558e-05
9.433178022579442889e-05
9.433075344965788866e-05
9.432972667352136197e-05
9.432869989738483529e-05
9.432767312124830860e-05
9.432664634511178192e-05
9.432561956897525524e-05
9.432459279283872855e-05
9.432356601670220187e-05
9.432253924056566163e-05
9.432151246442913495e-05
9.432048568829260826e-05
9.431945891215608158e-05
9.431843213601955489e-05
9.426616607919730527e-05
9.421390002237505564e-05
9.416163396555280601e-05
9.410936790873055638e-05
9.405710185190830676e-05
9.400483579508605713e-05
9.395256973826380750e-05
9.390030368144155787e-05
9.384803762461930824e-05
9.379577156779705862e-05
9.374350551097480899e-05
9.369123945415255936e-05
9.363897339733030973e-05
9.358670734050806011e-05
9.353444128368581048e-05
9.348217522686356085e-05
9.348309903879264201e-05
9.353721271947306750e-05
9.359132640015349299e-05
9.364544008083390493e-05
9.369955376151433042e-05
9.375366744219475591e-05
9.380778112287518141e-05
9.386189480355559334e-05
9.391600848423601884e-05
9.397012216491644433e-05
9.402423584559685627e-05
9.407834952627728176e-05
9.413246320695770725e-05
9.418657688763813274e-05
9.424069056831854468e-05
9.429480424899897018e-05
9.434891792967939567e-05
9.437748119436353801e-05
9.438049404305142429e-05
9.438350689173931058e-05
9.438651974042719687e-05
9.438953258911508316e-05
9.439254543780296945e-05
9.439555828649085574e-05
9.439857113517874203e-05
9.440158398386662832e-05
9.440459683255451461e-05
9.440760968124240090e-05
9.441062252993028718e-05
9.441363537861817347e-05
9.441664822730605976e-05
9.441966107599394605e-05
9.442267392468183234e-05
9.442568677336971863e-05
9.439423931218904784e-05
9.436279185100837706e-05
9.433134438982770627e-05
9.429989692864703549e-05
9.426844946746636470e-05
9.423700200628569391e-05
9.420555454510502313e-05
9.417410708392435234e-05
9.414265962274368156e-05
9.411121216156301077e-05
9.407976470038233998e-05
9.404831723920166920e-05
9.401686977802099841e-05
9.398542231684032763e-05
9.395397485565965684e-05
9.392252739447898605e-05
9.388832330653459966e-05
9.385136259182647056e-05
9.381440187711835501e-05
9.377744116241022590e-05
9.374048044770211035e-05
9.370351973299398125e-05
9.366655901828586570e-05
9.362959830357773659e-05
9.359263758886962104e-05
9.355567687416150549e-05
9.351871615945337639e-05
9.348175544474526084e-05
9.344479473003713173e-05
9.340783401532901618e-05
9.337087330062088708e-05
9.333391258591277153e-05
9.329695187120464243e-05
9.329288578652359840e-05
9.332171433186961236e-05
9.335054287721562631e-05
9.337937142256165382e-05
9.340819996790766778e-05
9.343702851325368173e-05
9.346585705859969569e-05
9.349468560394572319e-05
9.352351414929173715e-05
9.355234269463775110e-05
9.358117123998377861e-05
9.360999978532979257e-05
9.363882833067580652e-05
9.366765687602182048e-05
9.369648542136784798e-05
9.372531396671386194e-05
9.375414251205987589e-05
9.377247585860238265e-05
9.378031400634138221e-05
9.378815215408038176e-05
9.379599030181938132e-05
9.380382844955838088e-05
9.381166659729738044e-05
9.381950474503637999e-05
9.382734289277536600e-05
9.383518104051436555e-05
9.384301918825336511e-05
9.385085733599236467e-05
9.385869548373136423e-05
9.386653363147036378e-05
9.387437177920934979e-05
9.388220992694834934e-05
9.389004807468734890e-05
9.389788622242634846e-05
9.387582800746229578e-05
9.385376979249825666e-05
9.383171157753420399e-05
9.380965336257015132e-05
9.378759514760611220e-05
9.376553693264205952e-05
9.374347871767800685e-05
9.372142050271396773e-05
9.369936228774991506e-05
9.367730407278586238e-05
9.365524585782182326e-05
9.363318764285777059e-05
9.361112942789371792e-05
9.358907121292967880e-05
9.356701299796562612e-05
9.354495478300157345e-05
9.353660413468560357e-05
9.354196105301770293e-05
9.354731797134980230e-05
9.355267488968190166e-05
9.355803180801400103e-05
9.356338872634610039e-05
9.356874564467819975e-05
9.357410256301029912e-05
9.357945948134239848e-05
9.358481639967451140e-05
9.359017331800661076e-05
9.359553023633871013e-05
9.360088715467080949e-05
9.360624407300290886e-05
9.361160099133500822e-05
9.361695790966710758e-05
9.362231482799920695e-05
9.361855592809085818e-05
9.360568120994206128e-05
9.359280649179326438e-05
9.357993177364446748e-05
9.356705705549567059e-05
9.355418233734687369e-05
9.354130761919807679e-05
9.352843290104927989e-05
9.351555818290048299e-05
9.350268346475168609e-05
9.348980874660288919e-05
9.347693402845409230e-05
9.346405931030529540e-05
9.345118459215649850e-05
9.343830987400770160e-05
9.342543515585890470e-05
9.341256043771010780e-05
9.341585928751318651e-05
9.343533170526814081e-05
9.345480412302309512e-05
9.347427654077804942e-05
9.349374895853300373e-05
9.351322137628795804e-05
9.353269379404291234e-05
9.355216621179786665e-05
9.357163862955282096e-05
9.359111104730777526e-05
9.361058346506272957e-05
9.363005588281768387e-05
9.364952830057263818e-05
9.366900071832759249e-05
9.368847313608254679e-05
9.370794555383750110e-05
9.372741797159245541e-05
9.373410662789552613e-05
9.374079528419861041e-05
9.374748394050168114e-05
9.375417259680476542e-05
9.376086125310783615e-05
9.376754990941092043e-05
9.377423856571399116e-05
9.378092722201707544e-05
9.378761587832014617e-05
9.379430453462323045e-05
9.380099319092630118e-05
9.380768184722937191e-05
9.381437050353245619e-05
9.382105915983552692e-05
9.382774781613861120e-05
9.383443647244168193e-05
9.383606928932549870e-05
9.383264626679006153e-05
9.382922324425461080e-05
9.382580022171917362e-05
9.382237719918373644e-05
9.381895417664828571e-05
9.381553115411284853e-05
9.381210813157739780e-05
9.380868510904196063e-05
9.380526208650652345e-05
9.380183906397107272e-05
9.379841604143563554e-05
9.379499301890018481e-05
9.379156999636474763e-05
9.378814697382931046e-05
9.378472395129385973e-05
9.378130092875842255e-05
9.376162833693551374e-05
9.372570617582516041e-05
9.368978401471480708e-05
9.365386185360445375e-05
9.361793969249410043e-05
9.358201753138374710e-05
9.354609537027339377e-05
9.351017320916304044e-05
9.347425104805268711e-05
9.343832888694233378e-05
9.340240672583198045e-05
9.336648456472161357e-05
9.333056240361126024e-05
9.329464024250090691e-05
9.325871808139055358e-05
9.322279592028020025e-05
9.318687375916984692e-05
9.321692019986908579e-05
9.324696664056832465e-05
9.327701308126756352e-05
9.330705952196680238e-05
9.333710596266604125e-05
9.336715240336528011e-05
9.339719884406451897e-05
9.342724528476375784e-05
9.345729172546299670e-05
9.348733816616223557e-05
9.351738460686147443e-05
9.354743104756071330e-05
9.357747748825995216e-05
9.360752392895919103e-05
9.363757036965842989e-05
9.366761681035766876e-05
9.366614246940204661e-05
9.363314734679154992e-05
9.360015222418105322e-05
9.356715710157055652e-05
9.353416197896005982e-05
9.350116685634956312e-05
9.346817173373906642e-05
9.343517661112856973e-05
9.340218148851807303e-05
9.336918636590757633e-05
9.333619124329707963e-05
9.330319612068658293e-05
9.327020099807608623e-05
9.323720587546558954e-05
9.320421075285509284e-05
9.317121563024459614e-05
9.313822050763409944e-05
9.315448105653088265e-05
9.321999727693493221e-05
9.328551349733899532e-05
9.335102971774304488e-05
9.341654593814710799e-05
9.348206215855115755e-05
9.354757837895522066e-05
9.361309459935927022e-05
9.367861081976331977e-05
9.374412704016738289e-05
9.380964326057143244e-05
9.387515948097549556e-05
9.394067570137954511e-05
9.400619192178360822e-05
9.407170814218765778e-05
9.413722436259172089e-05
9.420274058299577045e-05
9.419468918938554659e-05
9.411307018176102220e-05
9.403145117413649781e-05
9.394983216651197342e-05
9.386821315888744903e-05
9.378659415126292464e-05
9.370497514363840025e-05
9.362335613601387586e-05
9.354173712838935147e-05
9.346011812076482708e-05
9.337849911314030269e-05
9.329688010551577830e-05
9.321526109789125391e-05
9.313364209026672952e-05
9.305202308264220513e-05
9.297040407501768074e-05
9.288878506739315635e-05
9.296283473282015975e-05
9.303688439824716314e-05
9.311093406367415299e-05
9.318498372910115639e-05
9.325903339452815979e-05
9.333308305995516318e-05
9.340713272538216658e-05
9.348118239080915643e-05
9.355523205623615982e-05
9.362928172166316322e-05
9.370333138709016662e-05
9.377738105251715646e-05
9.385143071794415986e-05
9.392548038337116326e-05
9.399953004879816666e-05
9.407357971422517005e-05
9.409322763464363310e-05
9.405847381005358289e-05
9.402371998546353268e-05
9.398896616087348247e-05
9.395421233628343226e-05
9.391945851169338205e-05
9.388470468710331828e-05
9.384995086251326807e-05
9.381519703792321786e-05
9.378044321333316765e-05
9.374568938874311744e-05
9.371093556415305368e-05
9.367618173956300347e-05
9.364142791497295326e-05
9.360667409038290305e-05
9.357192026579285284e-05
9.353716644120280263e-05
9.352609095287122332e-05
9.353869380079812845e-05
9.355129664872503358e-05
9.356389949665193872e-05
9.357650234457884385e-05
9.358910519250574899e-05
9.360170804043265412e-05
9.361431088835955926e-05
9.362691373628645084e-05
9.363951658421335597e-05
9.365211943214026111e-05
9.366472228006716624e-05
9.367732512799407138e-05
9.368992797592097651e-05
9.370253082384788165e-05
9.371513367177478678e-05
9.372773651970169192e-05
9.370223376482384175e-05
9.367673100994600513e-05
9.365122825506815496e-05
9.362572550019031834e-05
9.360022274531246817e-05
9.357471999043461800e-05
9.354921723555678138e-05
9.352371448067893121e-05
9.349821172580109459e-05
9.347270897092324442e-05
9.344720621604539425e-05
9.342170346116755763e-05
9.339620070628970746e-05
9.337069795141187084e-05
9.334519519653402067e-05
9.331969244165617050e-05
9.332508764016851080e-05
9.336138079207102801e-05
9.339767394397354523e-05
9.343396709587606245e-05
9.347026024777857966e-05
9.350655339968109688e-05
9.354284655158361409e-05
9.357913970348613131e-05
9.361543285538864853e-05
9.365172600729116574e-05
9.368801915919368296e-05
9.372431231109620018e-05
9.376060546299871739e-05
9.379689861490123461e-05
9.383319176680375183e-05
9.386948491870626904e-05
9.390577807060878626e-05
9.392078662552675586e-05
9.391451058346019138e-05
9.390823454139361336e-05
9.390195849932703534e-05
9.389568245726047087e-05
9.388940641519389284e-05
9.388313037312731482e-05
9.387685433106075035e-05
9.387057828899417233e-05
9.386430224692759430e-05
9.385802620486102983e-05
9.385175016279445181e-05
9.384547412072787378e-05
9.383919807866130931e-05
9.383292203659473129e-05
9.382664599452815327e-05
9.382036995246158880e-05
9.381594341094410085e-05
9.381336636997570299e-05
9.381078932900730513e-05
9.380821228803892082e-05
9.380563524707052295e-05
9.380305820610212509e-05
9.380048116513372723e-05
9.379790412416532937e-05
9.379532708319694506e-05
9.379275004222854719e-05
9.379017300126014933e-05
9.378759596029175147e-05
9.378501891932335360e-05
9.378244187835495574e-05
9.377986483738657143e-05
9.377728779641817357e-05
9.377471075544977571e-05
9.376224040613239394e-05
9.374977005681499863e-05
9.373729970749761686e-05
9.372482935818023510e-05
9.371235900886283978e-05
9.369988865954545802e-05
9.368741831022806270e-05
9.367494796091068094e-05
9.366247761159329918e-05
9.365000726227590386e-05
9.363753691295852210e-05
9.362506656364114033e-05
9.361259621432374502e-05
9.360012586500636325e-05
9.358765551568898149e-05
9.357518516637158617e-05
9.355927804469564200e-05
9.353993415066113540e-05
9.352059025662662881e-05
9.350124636259212222e-05
9.348190246855761563e-05
9.346255857452310904e-05
9.344321468048860245e-05
9.342387078645409586e-05
9.340452689241958927e-05
9.338518299838509623e-05
9.336583910435058964e-05
9.334649521031608305e-05
9.332715131628157646e-05
9.330780742224706987e-05
9.328846352821256328e-05
9.326911963417805669e-05
9.324977574014355010e-05
9.325356555459203241e-05
9.328048907752350364e-05
9.330741260045496131e-05
9.333433612338643253e-05
9.336125964631790375e-05
9.338818316924936142e-05
9.341510669218083265e-05
9.344203021511230387e-05
9.346895373804376154e-05
9.349587726097523276e-05
9.352280078390670399e-05
9.354972430683817521e-05
9.357664782976963288e-05
9.360357135270110410e-05
9.363049487563257533e-05
9.365741839856403300e-05
9.368434192149550422e-05
9.367113371282834438e-05
9.365792550416118453e-05
9.364471729549402469e-05
9.363150908682686484e-05
9.361830087815970500e-05
9.360509266949254515e-05
9.359188446082538531e-05
9.357867625215822546e-05
9.356546804349106562e-05
9.355225983482390578e-05
9.353905162615674593e-05
9.352584341748958609e-05
9.351263520882242624e-05
9.349942700015526640e-05
9.348621879148810655e-05
9.347301058282094671e-05
9.349457836669784652e-05
9.355092214311883309e-05
9.360726591953981966e-05
9.366360969596080623e-05
9.371995347238179280e-05
9.377629724880277937e-05
9.383264102522375239e-05
9.388898480164473896e-05
9.394532857806572553e-05
9.400167235448671210e-05
9.405801613090769868e-05
9.411435990732867169e-05
9.417070368374965827e-05
9.422704746017064484e-05
9.428339123659163141e-05
9.433973501301261798e-05
9.439607878943360455e-05
9.441299144968514408e-05
9.439047299376725013e-05
9.436795453784936974e-05
9.434543608193147579e-05
9.432291762601358184e-05
9.430039917009570144e-05
9.427788071417780749e-05
9.425536225825991354e-05
9.423284380234201959e-05
9.421032534642413919e-05
9.418780689050624524e-05
9.416528843458835129e-05
9.414276997867047090e-05
9.412025152275257695e-05
9.409773306683468300e-05
9.407521461091680260e-05
9.405269615499890865e-05
9.404176244779758188e-05
9.404241348931280874e-05
9.404306453082803561e-05
9.404371557234326247e-05
9.404436661385848933e-05
9.404501765537371619e-05
9.404566869688894305e-05
9.404631973840416991e-05
9.404697077991939678e-05
9.404762182143462364e-05
9.404827286294985050e-05
9.404892390446507736e-05
9.404957494598030422e-05
9.405022598749553109e-05
9.405087702901075795e-05
9.405152807052598481e-05
9.405217911204121167e-05
9.406005606775847230e-05
9.406793302347573292e-05
9.407580997919300710e-05
9.408368693491026772e-05
9.409156389062752835e-05
9.409944084634478897e-05
9.410731780206204960e-05
9.411519475777932377e-05
9.412307171349658440e-05
9.413094866921384502e-05
9.413882562493110565e-05
9.414670258064837983e-05
9.415457953636564045e-05
9.416245649208290107e-05
9.417033344780016170e-05
9.417821040351742232e-05
9.415809090952985188e-05
9.410997496583745037e-05
9.406185902214503531e-05
9.401374307845263381e-05
9.396562713476023230e-05
9.391751119106781724e-05
9.386939524737541573e-05
9.382127930368300067e-05
9.377316335999059916e-05
9.372504741629819765e-05
9.367693147260578259e-05
9.362881552891338108e-05
9.358069958522096602e-05
9.353258364152856452e-05
9.348446769783616301e-05
9.343635175414374795e-05
9.338823581045134644e-05
9.339110185118709880e-05
9.344494987635101858e-05
9.349879790151493836e-05
9.355264592667885814e-05
9.360649395184276436e-05
9.366034197700668414e-05
9.371419000217060392e-05
9.376803802733452370e-05
9.382188605249844348e-05
9.387573407766236326e-05
9.392958210282628304e-05
9.398343012799020282e-05
9.403727815315412260e-05
9.409112617831802883e-05
9.414497420348194861e-05
9.419882222864586839e-05
9.425267025380978817e-05
9.429271658595810403e-05
9.431896122509081598e-05
9.434520586422352794e-05
9.437145050335623989e-05
9.439769514248895184e-05
9.442393978162166380e-05
9.445018442075437575e-05
9.447642905988708770e-05
9.450267369901981321e-05
9.452891833815252516e-05
9.455516297728523711e-05
9.458140761641794906e-05
9.460765225555066102e-05
9.463389689468337297e-05
9.466014153381608492e-05
9.468638617294879687e-05
9.471263081208150883e-05
9.467370104277537794e-05
9.463477127346924705e-05
9.459584150416312971e-05
9.455691173485699882e-05
9.451798196555086793e-05
9.447905219624473704e-05
9.444012242693860615e-05
9.440119265763248881e-05
9.436226288832635792e-05
9.432333311902022703e-05
9.428440334971409614e-05
9.424547358040797880e-05
9.420654381110184791e-05
9.416761404179571702e-05
9.412868427248958613e-05
9.408975450318345524e-05
9.407450992398378299e-05
9.408295053489056938e-05
9.409139114579735577e-05
9.409983175670412860e-05
9.410827236761091499e-05
9.411671297851770138e-05
9.412515358942448777e-05
9.413359420033126060e-05
9.414203481123804699e-05
9.415047542214483338e-05
9.415891603305160621e-05
9.416735664395839260e-05
9.417579725486517899e-05
9.418423786577196537e-05
9.419267847667873821e-05
9.420111908758552460e-05
9.420955969849231098e-05
9.421097550448454417e-05
9.420536650556222415e-05
9.419975750663991769e-05
9.419414850771759768e-05
9.418853950879529121e-05
9.418293050987297120e-05
9.417732151095066474e-05
9.417171251202834472e-05
9.416610351310603826e-05
9.416049451418371824e-05
9.415488551526141178e-05
9.414927651633909177e-05
9.414366751741678530e-05
9.413805851849446529e-05
9.413244951957215883e-05
9.412684052064983881e-05
9.412123152172753235e-05
9.411329107952408910e-05
9.410535063732063229e-05
9.409741019511718904e-05
9.408946975291374579e-05
9.408152931071028899e-05
9.407358886850684574e-05
9.406564842630338894e-05
9.405770798409994568e-05
9.404976754189650243e-05
9.404182709969304563e-05
9.403388665748960238e-05
9.402594621528615913e-05
9.401800577308270233e-05
9.401006533087925908e-05
9.400212488867581582e-05
9.399418444647235902e-05
9.397808018094429554e-05
9.395381209209159828e-05
9.392954400323891458e-05
9.390527591438621732e-05
9.388100782553352006e-05
9.385673973668083635e-05
9.383247164782813909e-05
9.380820355897545538e-05
9.378393547012275813e-05
9.375966738127006087e-05
9.373539929241737716e-05
9.371113120356467990e-05
9.368686311471199619e-05
9.366259502585929893e-05
9.363832693700660167e-05
9.361405884815391797e-05
9.358979075930122071e-05
9.359714225727321373e-05
9.363611334206988347e-05
9.367508442686653966e-05
9.371405551166320941e-05
9.375302659645987915e-05
9.379199768125654889e-05
9.383096876605320508e-05
9.386993985084987483e-05
9.390891093564654457e-05
9.394788202044321431e-05
9.398685310523988406e-05
9.402582419003654025e-05
9.406479527483320999e-05
9.410376635962987974e-05
9.414273744442654948e-05
9.418170852922320567e-05
9.422067961401987542e-05
9.422458689183582745e-05
9.419343036267106178e-05
9.416227383350629610e-05
9.413111730434153043e-05
9.409996077517676475e-05
9.406880424601199908e-05
9.403764771684723341e-05
9.400649118768246773e-05
9.397533465851768851e-05
9.394417812935292283e-05
9.391302160018815716e-05
9.388186507102339149e-05
9.385070854185862581e-05
9.381955201269386014e-05
9.378839548352909446e-05
9.375723895436432879e-05
9.372608242519956312e-05
9.379850876099722406e-05
9.387093509679488501e-05
9.394336143259254595e-05
9.401578776839020690e-05
9.408821410418785429e-05
9.416064043998551524e-05
9.423306677578317618e-05
9.430549311158083713e-05
9.437791944737849807e-05
9.445034578317615902e-05
9.452277211897381997e-05
9.459519845477148091e-05
9.466762479056912830e-05
9.474005112636678925e-05
9.481247746216445020e-05
9.488490379796211114e-05
9.490522762441813448e-05
9.487344894153250667e-05
9.484167025864687886e-05
9.480989157576125105e-05
9.477811289287562323e-05
9.474633420998999542e-05
9.471455552710436761e-05
9.468277684421873980e-05
9.465099816133311199e-05
9.461921947844748417e-05
9.458744079556185636e-05
9.455566211267622855e-05
9.452388342979060074e-05
9.449210474690497292e-05
9.446032606401934511e-05
9.442854738113371730e-05
9.439676869824808949e-05
9.438673815590345386e-05
9.439845575409979686e-05
9.441017335229615341e-05
9.442189095049249642e-05
9.443360854868883942e-05
9.444532614688519597e-05
9.445704374508153897e-05
9.446876134327788198e-05
9.448047894147423853e-05
9.449219653967058153e-05
9.450391413786692453e-05
9.451563173606326754e-05
9.452734933425962409e-05
9.453906693245596709e-05
9.455078453065231009e-05
9.456250212884866665e-05
9.457421972704500965e-05
9.453810601247011913e-05
9.450199229789522861e-05
9.446587858332033808e-05
9.442976486874544756e-05
9.439365115417055704e-05
9.435753743959566652e-05
9.432142372502077599e-05
9.428531001044588547e-05
9.424919629587098140e-05
9.421308258129609087e-05
9.417696886672120035e-05
9.414085515214630983e-05
9.410474143757141931e-05
9.406862772299652879e-05
9.403251400842163826e-05
9.399640029384674774e-05
9.397680430874957619e-05
9.397372605313012361e-05
9.397064779751068458e-05
9.396756954189123200e-05
9.396449128627177942e-05
9.396141303065232684e-05
9.395833477503288782e-05
9.395525651941343524e-05
9.395217826379398266e-05
9.394910000817453008e-05
9.394602175255507750e-05
9.394294349693563847e-05
9.393986524131618589e-05
9.393678698569673331e-05
9.393370873007728073e-05
9.393063047445784170e-05
9.392755221883838912e-05
9.393597723734744122e-05
9.395590552998501154e-05
9.397583382262258186e-05
9.399576211526015218e-05
9.401569040789772250e-05
9.403561870053529282e-05
9.405554699317284959e-05
9.407547528581041991e-05
9.409540357844799023e-05
9.411533187108556055e-05
9.413526016372313087e-05
9.415518845636068764e-05
9.417511674899825796e-05
9.419504504163582828e-05
9.421497333427339860e-05
9.423490162691096892e-05
9.425482991954853924e-05
9.426141407577765126e-05
9.425465409559831854e-05
9.424789411541898581e-05
9.424113413523965309e-05
9.423437415506032036e-05
9.422761417488098763e-05
9.422085419470165491e-05
9.421409421452232218e-05
9.420733423434300301e-05
9.420057425416367028e-05
9.419381427398433755e-05
9.418705429380500483e-05
9.418029431362567210e-05
9.417353433344633937e-05
9.416677435326700665e-05
9.416001437308767392e-05
9.415325439290834120e-05
9.419470062360292973e-05
9.423614685429751827e-05
9.427759308499209325e-05
9.431903931568668179e-05
9.436048554638127033e-05
9.440193177707585886e-05
9.444337800777044740e-05
9.448482423846503594e-05
9.452627046915961092e-05
9.456771669985419946e-05
9.460916293054878799e-05
9.465060916124337653e-05
9.469205539193796507e-05
9.473350162263254005e-05
9.477494785332712859e-05
9.481639408402171712e-05
9.482303155232273573e-05
9.479486025823019796e-05
9.476668896413764664e-05
9.473851767004510887e-05
9.471034637595255755e-05
9.468217508186001978e-05
9.465400378776746846e-05
9.462583249367493069e-05
9.459766119958237936e-05
9.456948990548982804e-05
9.454131861139729027e-05
9.451314731730473895e-05
9.448497602321220118e-05
9.445680472911964986e-05
9.442863343502711209e-05
9.440046214093456077e-05
9.437229084684202300e-05
9.435783224259577972e-05
9.435708632819584448e-05
9.435634041379589569e-05
9.435559449939596045e-05
9.435484858499602521e-05
9.435410267059607641e-05
9.435335675619614117e-05
9.435261084179620593e-05
9.435186492739625714e-05
9.435111901299632190e-05
9.435037309859638666e-05
9.434962718419645142e-05
9.434888126979650263e-05
9.434813535539656739e-05
9.434738944099663215e-05
9.434664352659668336e-05
9.434589761219674812e-05
9.432529971306175779e-05
9.430470181392678101e-05
9.428410391479179068e-05
9.426350601565680035e-05
9.424290811652182357e-05
9.422231021738683323e-05
9.420171231825184290e-05
9.418111441911686612e-05
9.416051651998187579e-05
9.413991862084688546e-05
9.411932072171190868e-05
9.409872282257691835e-05
9.407812492344192802e-05
9.405752702430695124e-05
9.403692912517196091e-05
9.401633122603697058e-05
9.401210470319332050e-05
9.402424955664101069e-05
9.403639441008870088e-05
9.404853926353637752e-05
9.406068411698406771e-05
9.407282897043175789e-05
9.408497382387944808e-05
9.409711867732712472e-05
9.410926353077481491e-05
9.412140838422250510e-05
9.413355323767018173e-05
9.414569809111787192e-05
9.415784294456556211e-05
9.416998779801325230e-05
9.418213265146092893e-05
9.419427750490861912e-05
9.420642235835630931e-05
9.422105471639346239e-05
9.423817457902010548e-05
9.425529444164673502e-05
9.427241430427336455e-05
9.428953416690000764e-05
9.430665402952663717e-05
9.432377389215328026e-05
9.434089375477990979e-05
9.435801361740655288e-05
9.437513348003318241e-05
9.439225334265981195e-05
9.440937320528645503e-05
9.442649306791308457e-05
9.444361293053972766e-05
9.446073279316635719e-05
9.447785265579298672e-05
9.449497251841962981e-05
9.449817973595786298e-05
9.448747430840769978e-05
9.447676888085753657e-05
9.446606345330735982e-05
9.445535802575719662e-05
9.444465259820703342e-05
9.443394717065687022e-05
9.442324174310670701e-05
9.441253631555653026e-05
9.440183088800636706e-05
9.439112546045620386e-05
9.438042003290604066e-05
9.436971460535587746e-05
9.435900917780571425e-05
9.434830375025553750e-05
9.433759832270537430e-05
9.432689289515521110e-05
9.438791949288058783e-05
9.444894609060596456e-05
9.450997268833132773e-05
9.457099928605670446e-05
9.463202588378208120e-05
9.469305248150745793e-05
9.475407907923283466e-05
9.481510567695819783e-05
9.487613227468357456e-05
9.493715887240895129e-05
9.499818547013432802e-05
9.505921206785969120e-05
9.512023866558506793e-05
9.518126526331044466e-05
9.524229186103582139e-05
9.530331845876119812e-05
9.533727364389221249e-05
9.534415741642887805e-05
9.535104118896555717e-05
9.535792496150222273e-05
9.536480873403888829e-05
9.537169250657556740e-05
9.537857627911223296e-05
9.538546005164889852e-05
9.539234382418556408e-05
9.539922759672224320e-05
9.540611136925890876e-05
9.541299514179557432e-05
9.541987891433225343e-05
9.542676268686891899e-05
9.543364645940558455e-05
9.544053023194226367e-05
9.544741400447892923e-05
9.543534264092368743e-05
9.540431614127653829e-05
9.537328964162938914e-05
9.534226314198222644e-05
9.531123664233507730e-05
9.528021014268792815e-05
9.524918364304077901e-05
9.521815714339362986e-05
9.518713064374646716e-05
9.515610414409931802e-05
9.512507764445216887e-05
9.509405114480501972e-05
9.506302464515787058e-05
9.503199814551072143e-05
9.500097164586355873e-05
9.496994514621640959e-05
9.493891864656926044e-05
9.495384942782024754e-05
9.496878020907123465e-05
9.498371099032222175e-05
9.499864177157320885e-05
9.501357255282420950e-05
9.502850333407519660e-05
9.504343411532618371e-05
9.505836489657717081e-05
9.507329567782815791e-05
9.508822645907914501e-05
9.510315724033013211e-05
9.511808802158111921e-05
9.513301880283211987e-05
9.514794958408310697e-05
9.516288036533409407e-05
9.517781114658508117e-05
9.517869036617446741e-05
9.516551802410223924e-05
9.515234568203002462e-05
9.513917333995781001e-05
9.512600099788558184e-05
9.511282865581336722e-05
9.509965631374115260e-05
9.508648397166892443e-05
9.507331162959670981e-05
9.506013928752449519e-05
9.504696694545226702e-05
9.503379460338005240e-05
9.502062226130783779e-05
9.500744991923560962e-05
9.499427757716339500e-05
9.498110523509118038e-05
9.496793289301895221e-05
9.496276639030351747e-05
9.496560572694486262e-05
9.496844506358620777e-05
9.497128440022755292e-05
9.497412373686889807e-05
9.497696307351024322e-05
9.497980241015158837e-05
9.498264174679293351e-05
9.498548108343427866e-05
9.498832042007561026e-05
9.499115975671695541e-05
9.499399909335830056e-05
9.499683842999964570e-05
9.499967776664099085e-05
9.500251710328233600e-05
9.500535643992368115e-05
9.500819577656502630e-05
9.500428123172979897e-05
9.499361280541801273e-05
9.498294437910621293e-05
9.497227595279441313e-05
9.496160752648262688e-05
9.495093910017082708e-05
9.494027067385904083e-05
9.492960224754724103e-05
9.491893382123545479e-05
9.490826539492365499e-05
9.489759696861185519e-05
9.488692854230006894e-05
9.487626011598826914e-05
9.486559168967648289e-05
9.485492326336468309e-05
9.484425483705289685e-05
9.483358641074109705e-05
9.484930448320790625e-05
9.486502255567471546e-05
9.488074062814152467e-05
9.489645870060834743e-05
9.491217677307515663e-05
9.492789484554196584e-05
9.494361291800877505e-05
9.495933099047558425e-05
9.497504906294239346e-05
9.499076713540921622e-05
9.500648520787602542e-05
9.502220328034283463e-05
9.503792135280964384e-05
9.505363942527645304e-05
9.506935749774326225e-05
9.508507557021007145e-05
9.509613643272363801e-05
9.510254008528396192e-05
9.510894373784428582e-05
9.511534739040460973e-05
9.512175104296492008e-05
9.512815469552524399e-05
9.513455834808556789e-05
9.514096200064589180e-05
9.514736565320621570e-05
9.515376930576652605e-05
9.516017295832684996e-05
9.516657661088717387e-05
9.517298026344749777e-05
9.517938391600780812e-05
9.518578756856813203e-05
9.519219122112845593e-05
9.519859487368877984e-05
9.520253325649016764e-05
9.520400636953263288e-05
9.520547948257509813e-05
9.520695259561756337e-05
9.520842570866002862e-05
9.520989882170249386e-05
9.521137193474495911e-05
9.521284504778742435e-05
9.521431816082988960e-05
9.521579127387236839e-05
9.521726438691483364e-05
9.521873749995729888e-05
9.522021061299976413e-05
9.522168372604222937e-05
9.522315683908469462e-05
9.522462995212715986e-05
9.522610306516962511e-05
9.522655996842464246e-05
9.522600066189222548e-05
9.522544135535979495e-05
9.522488204882736441e-05
9.522432274229494743e-05
9.522376343576251690e-05
9.522320412923008636e-05
9.522264482269766938e-05
9.522208551616523884e-05
9.522152620963280831e-05
9.522096690310039133e-05
9.522040759656796079e-05
9.521984829003554381e-05
9.521928898350311328e-05
9.521872967697068274e-05
9.521817037043826576e-05
9.521761106390583523e-05
9.521204046927199936e-05
9.520646987463816349e-05
9.520089928000431407e-05
9.519532868537047821e-05
9.518975809073664234e-05
9.518418749610280648e-05
9.517861690146897061e-05
9.517304630683512119e-05
9.516747571220128532e-05
9.516190511756744946e-05
9.515633452293361359e-05
9.515076392829976417e-05
9.514519333366592830e-05
9.513962273903209244e-05
9.513405214439825657e-05
9.512848154976442071e-05
9.512606885388800147e-05
9.512681405676902597e-05
9.512755925965003692e-05
9.512830446253106142e-05
9.512904966541208592e-05
9.512979486829309687e-05
9.513054007117412137e-05
9.513128527405513232e-05
9.513203047693615682e-05
9.513277567981718132e-05
9.513352088269819227e-05
9.513426608557921677e-05
9.513501128846022772e-05
9.513575649134125222e-05
9.513650169422227672e-05
9.513724689710328767e-05
9.513799209998431217e-05
9.512201456983374449e-05
9.508931430665159819e-05
9.505661404346945188e-05
9.502391378028730558e-05
9.499121351710514572e-05
9.495851325392299942e-05
9.492581299074085311e-05
9.489311272755870681e-05
9.486041246437656050e-05
9.482771220119441419e-05
9.479501193801226789e-05
9.476231167483012158e-05
9.472961141164796173e-05
9.469691114846581542e-05
9.466421088528366912e-05
9.463151062210152281e-05
9.459881035891937651e-05
9.461060063228815878e-05
9.462239090565692750e-05
9.463418117902570978e-05
9.464597145239447850e-05
9.465776172576326078e-05
9.466955199913202950e-05
9.468134227250081178e-05
9.469313254586958050e-05
9.470492281923836278e-05
9.471671309260713150e-05
9.472850336597591378e-05
9.474029363934468250e-05
9.475208391271346478e-05
9.476387418608223350e-05
9.477566445945101578e-05
9.478745473281978450e-05
9.481076903499083503e-05
9.484560736596416735e-05
9.488044569693748613e-05
9.491528402791081845e-05
9.495012235888413722e-05
9.498496068985746955e-05
9.501979902083078832e-05
9.505463735180412065e-05
9.508947568277745298e-05
9.512431401375077175e-05
9.515915234472410408e-05
9.519399067569742285e-05
9.522882900667075518e-05
9.526366733764407395e-05
9.529850566861740627e-05
9.533334399959072505e-05
9.536818233056405737e-05
9.537536452515631732e-05
9.535489058336750489e-05
9.533441664157870602e-05
9.531394269978990714e-05
9.529346875800109471e-05
9.527299481621229584e-05
9.525252087442349696e-05
9.523204693263468453e-05
9.521157299084588566e-05
9.519109904905708678e-05
9.517062510726827435e-05
9.515015116547947548e-05
9.512967722369067660e-05
9.510920328190186417e-05
9.508872934011306530e-05
9.506825539832426642e-05
9.504778145653545399e-05
9.506830249760390235e-05
9.512981852152958438e-05
9.519133454545526641e-05
9.525285056938094844e-05
9.531436659330663047e-05
9.537588261723232606e-05
9.543739864115800809e-05
9.549891466508369012e-05
9.556043068900937215e-05
9.562194671293506774e-05
9.568346273686074977e-05
9.574497876078643180e-05
9.580649478471211383e-05
9.586801080863779586e-05
9.592952683256349145e-05
9.599104285648917348e-05
9.605255888041485551e-05
9.604351527300639363e-05
9.603447166559791819e-05
9.602542805818945631e-05
9.601638445078099443e-05
9.600734084337251900e-05
9.599829723596405712e-05
9.598925362855559524e-05
9.598021002114713335e-05
9.597116641373865792e-05
9.596212280633019604e-05
9.595307919892173416e-05
9.594403559151325873e-05
9.593499198410479684e-05
9.592594837669633496e-05
9.591690476928785953e-05
9.590786116187939765e-05
9.587508423055697690e-05
9.581857397532061082e-05
9.576206372008424475e-05
9.570555346484787868e-05
9.564904320961149905e-05
9.559253295437513298e-05
9.553602269913876691e-05
9.547951244390240084e-05
9.542300218866602121e-05
9.536649193342965514e-05
9.530998167819328907e-05
9.525347142295692300e-05
9.519696116772055692e-05
9.514045091248417730e-05
9.508394065724781123e-05
9.502743040201144516e-05
9.497092014677507908e-05
9.496836661534278239e-05
9.501976980771456864e-05
9.507117300008636844e-05
9.512257619245815469e-05
9.517397938482994094e-05
9.522538257720174074e-05
9.527678576957352699e-05
9.532818896194531324e-05
9.537959215431711304e-05
9.543099534668889928e-05
9.548239853906068553e-05
9.553380173143247178e-05
9.558520492380427158e-05
9.563660811617605783e-05
9.568801130854784408e-05
9.573941450091964388e-05
9.579081769329143012e-05
9.576911641382727870e-05
9.574741513436312728e-05
9.572571385489897586e-05
9.570401257543482444e-05
9.568231129597067302e-05
9.566061001650652160e-05
9.563890873704237018e-05
9.561720745757821876e-05
9.559550617811406734e-05
9.557380489864991592e-05
9.555210361918576450e-05
9.553040233972161308e-05
9.550870106025746166e-05
9.548699978079331024e-05
9.546529850132915882e-05
9.544359722186500741e-05
9.542558706256898317e-05
9.541126802344111323e-05
9.539694898431322974e-05
9.538262994518535980e-05
9.536831090605747631e-05
9.535399186692960637e-05
9.533967282780172288e-05
9.532535378867385294e-05
9.531103474954596944e-05
9.529671571041808595e-05
9.528239667129021601e-05
9.526807763216233252e-05
9.525375859303446258e-05
9.523943955390657909e-05
9.522512051477870915e-05
9.521080147565082565e-05
9.519648243652295571e-05
9.520235849314765753e-05
9.522842964552494466e-05
9.525450079790223179e-05
9.528057195027951891e-05
9.530664310265679249e-05
9.533271425503407961e-05
9.535878540741136674e-05
9.538485655978865387e-05
9.541092771216594100e-05
9.543699886454322812e-05
9.546307001692051525e-05
9.548914116929780238e-05
9.551521232167508950e-05
9.554128347405236308e-05
9.556735462642965021e-05
9.559342577880693733e-05
9.561949693118422446e-05
9.562795890942306820e-05
9.561881171352346856e-05
9.560966451762388247e-05
9.560051732172428283e-05
9.559137012582468319e-05
9.558222292992509710e-05
9.557307573402549746e-05
9.556392853812589782e-05
9.555478134222631173e-05
9.554563414632671209e-05
9.553648695042711244e-05
9.552733975452751280e-05
9.551819255862792671e-05
9.550904536272832707e-05
9.549989816682872743e-05
9.549075097092914134e-05
9.548160377502954170e-05
9.550524175518618371e-05
9.552887973534282572e-05
9.555251771549946773e-05
9.557615569565610974e-05
9.559979367581275176e-05
9.562343165596939377e-05
9.564706963612603578e-05
9.567070761628267779e-05
9.569434559643931980e-05
9.571798357659596181e-05
9.574162155675260382e-05
9.576525953690924583e-05
9.578889751706588785e-05
9.581253549722252986e-05
9.583617347737917187e-05
9.585981145753581388e-05
9.584865257110490859e-05
9.580269681808644246e-05
9.575674106506798988e-05
9.571078531204952374e-05
9.566482955903105761e-05
9.561887380601260503e-05
9.557291805299413889e-05
9.552696229997568631e-05
9.548100654695722018e-05
9.543505079393875404e-05
9.538909504092030146e-05
9.534313928790183533e-05
9.529718353488338275e-05
9.525122778186491661e-05
9.520527202884645048e-05
9.515931627582799790e-05
9.511336052280953176e-05
9.510446415835010451e-05
9.513262718244968903e-05
9.516079020654928710e-05
9.518895323064887162e-05
9.521711625474846969e-05
9.524527927884805420e-05
9.527344230294763872e-05
9.530160532704723679e-05
9.532976835114682131e-05
9.535793137524641938e-05
9.538609439934600390e-05
9.541425742344560197e-05
9.544242044754518649e-05
9.547058347164478456e-05
9.549874649574436908e-05
9.552690951984396715e-05
9.555507254394355167e-05
9.558097003048530169e-05
9.560686751702705171e-05
9.563276500356878817e-05
9.565866249011053819e-05
9.568455997665228821e-05
9.571045746319403822e-05
9.573635494973578824e-05
9.576225243627753826e-05
9.578814992281927472e-05
9.581404740936102474e-05
9.583994489590277476e-05
9.586584238244452477e-05
9.589173986898627479e-05
9.591763735552801126e-05
9.594353484206976127e-05
9.596943232861151129e-05
9.598271720933114004e-05
9.598338948422866109e-05
9.598406175912616858e-05
9.598473403402368962e-05
9.598540630892119711e-05
9.598607858381871815e-05
9.598675085871622565e-05
9.598742313361374669e-05
9.598809540851125418e-05
9.598876768340877522e-05
9.598943995830629627e-05
9.599011223320380376e-05
9.599078450810132480e-05
9.599145678299883229e-05
9.599212905789635333e-05
9.599280133279386082e-05
9.599347360769138187e-05
9.601732258818282265e-05
9.606434827426818318e-05
9.611137396035354370e-05
9.615839964643891778e-05
9.620542533252427831e-05
9.625245101860963883e-05
9.629947670469499936e-05
9.634650239078037344e-05
9.639352807686573396e-05
9.644055376295109449e-05
9.648757944903646857e-05
9.653460513512182909e-05
9.658163082120718962e-05
9.662865650729255014e-05
9.667568219337792422e-05
9.672270787946328475e-05
9.676973356554864527e-05
9.678006369849732828e-05
9.675369827830933376e-05
9.672733285812133925e-05
9.670096743793334473e-05
9.667460201774535022e-05
9.664823659755735570e-05
9.662187117736936118e-05
9.659550575718136667e-05
9.656914033699337215e-05
9.654277491680537764e-05
9.651640949661738312e-05
9.649004407642938861e-05
9.646367865624139409e-05
9.643731323605339958e-05
9.641094781586540506e-05
9.638458239567741055e-05
9.635821697548941603e-05
9.635923520290945270e-05
9.636025343032950292e-05
9.636127165774953959e-05
9.636228988516958981e-05
9.636330811258962648e-05
9.636432634000966315e-05
9.636534456742971337e-05
9.636636279484975004e-05
9.636738102226980027e-05
9.636839924968983694e-05
9.636941747710987361e-05
9.637043570452992383e-05
9.637145393194996050e-05
9.637247215937001072e-05
9.637349038679004739e-05
9.637450861421008406e-05
9.636918362846441546e-05
9.635751542955302805e-05
9.634584723064162708e-05
9.633417903173023967e-05
9.632251083281885226e-05
9.631084263390746485e-05
9.629917443499606388e-05
9.628750623608467647e-05
9.627583803717328905e-05
9.626416983826190164e-05
9.625250163935051423e-05
9.624083344043911326e-05
9.622916524152772585e-05
9.621749704261633844e-05
9.620582884370495102e-05
9.619416064479355006e-05
9.618249244588216265e-05
9.619211621749503569e-05
9.622303195963216919e-05
9.625394770176928913e-05
9.628486344390642263e-05
9.631577918604355612e-05
9.634669492818067607e-05
9.637761067031780956e-05
9.640852641245494306e-05
9.643944215459206301e-05
9.647035789672919650e-05
9.650127363886633000e-05
9.653218938100346350e-05
9.656310512314058344e-05
9.659402086527771694e-05
9.662493660741485043e-05
9.665585234955197038e-05
9.668676809168910387e-05
9.665875225885158710e-05
9.663073642601407033e-05
9.660272059317656711e-05
9.657470476033905033e-05
9.654668892750153356e-05
9.651867309466401678e-05
9.649065726182651356e-05
9.646264142898899679e-05
9.643462559615148001e-05
9.640660976331396324e-05
9.637859393047646002e-05
9.635057809763894325e-05
9.632256226480142647e-05
9.629454643196390970e-05
9.626653059912640648e-05
9.623851476628888970e-05
9.621325630662160586e-05
9.619075522012456849e-05
9.616825413362751758e-05
9.614575304713046666e-05
9.612325196063342930e-05
9.610075087413637838e-05
9.607824978763932747e-05
9.605574870114229010e-05
9.603324761464523919e-05
9.601074652814818827e-05
9.598824544165115091e-05
9.596574435515409999e-05
9.594324326865704908e-05
9.592074218216001171e-05
9.589824109566296080e-05
9.587574000916590988e-05
9.585323892266887252e-05
9.586410907169971320e-05
9.590835045625844548e-05
9.595259184081717776e-05
9.599683322537591005e-05
9.604107460993464233e-05
9.608531599449337461e-05
9.612955737905210689e-05
9.617379876361083918e-05
9.621804014816957146e-05
9.626228153272830374e-05
9.630652291728703602e-05
9.635076430184576831e-05
9.639500568640450059e-05
9.643924707096323287e-05
9.648348845552196516e-05
9.652772984008069744e-05
9.657197122463942972e-05
9.659455579407191610e-05
9.659548354837815657e-05
9.659641130268439705e-05
9.659733905699063752e-05
9.659826681129687800e-05
9.659919456560311847e-05
9.660012231990935895e-05
9.660105007421559942e-05
9.660197782852185345e-05
9.660290558282809393e-05
9.660383333713433440e-05
9.660476109144057488e-05
9.660568884574681535e-05
9.660661660005305583e-05
9.660754435435929630e-05
9.660847210866553678e-05
9.660939986297177725e-05
9.664155821283810718e-05
9.667371656270445067e-05
9.670587491257078060e-05
9.673803326243712408e-05
9.677019161230345401e-05
9.680234996216979749e-05
9.683450831203612743e-05
9.686666666190245736e-05
9.689882501176880084e-05
9.693098336163513077e-05
9.696314171150147425e-05
9.699530006136780418e-05
9.702745841123414767e-05
9.705961676110047760e-05
9.709177511096680753e-05
9.712393346083315101e-05
9.712679401856931028e-05
9.710035678417529889e-05
9.707391954978128749e-05
9.704748231538726255e-05
9.702104508099325115e-05
9.699460784659923976e-05
9.696817061220522837e-05
9.694173337781121697e-05
9.691529614341720558e-05
9.688885890902318063e-05
9.686242167462916924e-05
9.683598444023515785e-05
9.680954720584114645e-05
9.678310997144713506e-05
9.675667273705311012e-05
9.673023550265909872e-05
9.670379826826508733e-05
9.668586314594645429e-05
9.667643013570318604e-05
9.666699712545993135e-05
9.665756411521666310e-05
9.664813110497339486e-05
9.663869809473014016e-05
9.662926508448687192e-05
9.661983207424361723e-05
9.661039906400034898e-05
9.660096605375708073e-05
9.659153304351382604e-05
9.658210003327055780e-05
9.657266702302730310e-05
9.656323401278403486e-05
9.655380100254076661e-05
9.654436799229751192e-05
9.653493498205424368e-05
9.652009270223268101e-05
9.649984115283281037e-05
9.647958960343295328e-05
9.645933805403308263e-05
9.643908650463321199e-05
9.641883495523335490e-05
9.639858340583348426e-05
9.637833185643361362e-05
9.635808030703375653e-05
9.633782875763388588e-05
9.631757720823401524e-05
9.629732565883414460e-05
9.627707410943428751e-05
9.625682256003441687e-05
9.623657101063454622e-05
9.621631946123468913e-05
9.619606791183481849e-05
9.627463140650002174e-05
9.635319490116521144e-05
9.643175839583041468e-05
9.651032189049560438e-05
9.658888538516080763e-05
9.666744887982601088e-05
9.674601237449120057e-05
9.682457586915640382e-05
9.690313936382159352e-05
9.698170285848679677e-05
9.706026635315200002e-05
9.713882984781718971e-05
9.721739334248239296e-05
9.729595683714758266e-05
9.737452033181278591e-05
9.745308382647798915e-05
9.745044549160356473e-05
9.736660532718952618e-05
9.728276516277548764e-05
9.719892499836144909e-05
9.711508483394739699e-05
9.703124466953335844e-05
9.694740450511931990e-05
9.686356434070528135e-05
9.677972417629124280e-05
9.669588401187720426e-05
9.661204384746316571e-05
9.652820368304912716e-05
9.644436351863508862e-05
9.636052335422103652e-05
9.627668318980699797e-05
9.619284302539295943e-05
9.610900286097892088e-05
9.609103883215446386e-05
9.613895093891957483e-05
9.618686304568468579e-05
9.623477515244979676e-05
9.628268725921490772e-05
9.633059936598001869e-05
9.637851147274512965e-05
9.642642357951024062e-05
9.647433568627535158e-05
9.652224779304046254e-05
9.657015989980557351e-05
9.661807200657069803e-05
9.666598411333580899e-05
9.671389622010091996e-05
9.676180832686603092e-05
9.680972043363114188e-05
9.685763254039625285e-05
9.683666991836114711e-05
9.681570729632602782e-05
9.679474467429092209e-05
9.677378205225580280e-05
9.675281943022069706e-05
9.673185680818557777e-05
9.671089418615047204e-05
9.668993156411535275e-05
9.666896894208024701e-05
9.664800632004512772e-05
9.662704369801002199e-05
9.660608107597490270e-05
9.658511845393979696e-05
9.656415583190467767e-05
9.654319320986957194e-05
9.652223058783445265e-05
9.653815434443532037e-05
9.659096447967216155e-05
9.664377461490900273e-05
9.669658475014584391e-05
9.674939488538268509e-05
9.680220502061952627e-05
9.685501515585636745e-05
9.690782529109320863e-05
9.696063542633003626e-05
9.701344556156687744e-05
9.706625569680371862e-05
9.711906583204055980e-05
9.717187596727740097e-05
9.722468610251424215e-05
9.727749623775108333e-05
9.733030637298792451e-05
9.738311650822476569e-05
9.741506881282040653e-05
9.742616328677486056e-05
9.743725776072930105e-05
9.744835223468375509e-05
9.745944670863819557e-05
9.747054118259264961e-05
9.748163565654709010e-05
9.749273013050154413e-05
9.750382460445598462e-05
9.751491907841042511e-05
9.752601355236487914e-05
9.753710802631931963e-05
9.754820250027377367e-05
9.755929697422821415e-05
9.757039144818266819e-05
9.758148592213710868e-05
9.759258039609156271e-05
9.758640865677280631e-05
9.756297070418085300e-05
9.753953275158889970e-05
9.751609479899694640e-05
9.749265684640499310e-05
9.746921889381303980e-05
9.744578094122108649e-05
9.742234298862913319e-05
9.739890503603716634e-05
9.737546708344521303e-05
9.735202913085325973e-05
9.732859117826130643e-05
9.730515322566935313e-05
9.728171527307739983e-05
9.725827732048544652e-05
9.723483936789349322e-05
9.721140141530153992e-05
9.726545778261391111e-05
9.731951414992628230e-05
9.737357051723865349e-05
9.742762688455101113e-05
9.748168325186338233e-05
9.753573961917575352e-05
9.758979598648812471e-05
9.764385235380049590e-05
9.769790872111286709e-05
9.775196508842522473e-05
9.780602145573759592e-05
9.786007782304996711e-05
9.791413419036233831e-05
9.796819055767470950e-05
9.802224692498708069e-05
9.807630329229945188e-05
9.811452605416159229e-05
9.813691521057352901e-05
9.815930436698546574e-05
9.818169352339740246e-05
9.820408267980932564e-05
9.822647183622126236e-05
9.824886099263319909e-05
9.827125014904513581e-05
9.829363930545707254e-05
9.831602846186899571e-05
9.833841761828093244e-05
9.836080677469286916e-05
9.838319593110480589e-05
9.840558508751672906e-05
9.842797424392866579e-05
9.845036340034060251e-05
9.847275255675253924e-05
9.852464105812118575e-05
9.860602890444655560e-05
9.868741675077191190e-05
9.876880459709728175e-05
9.885019244342265160e-05
9.893158028974800790e-05
9.901296813607337775e-05
9.909435598239874760e-05
9.917574382872410390e-05
9.925713167504947375e-05
9.933851952137484360e-05
9.941990736770021345e-05
9.950129521402556975e-05
9.958268306035093960e-05
9.966407090667630945e-05
9.974545875300166575e-05
9.982684659932703560e-05
9.985256662783488165e-05
9.987828665634272771e-05
9.990400668485058732e-05
9.992972671335843338e-05
9.995544674186627944e-05
9.998116677037412550e-05
1.000068867988819716e-04
1.000326068273898312e-04
1.000583268558976772e-04
1.000840468844055233e-04
1.001097669129133693e-04
1.001354869414212290e-04
1.001612069699290750e-04
1.001869269984369211e-04
1.002126470269447671e-04
1.002383670554526132e-04
1.002700647321893494e-04
1.003077400571549758e-04
1.003454153821206022e-04
1.003830907070862286e-04
1.004207660320518549e-04
1.004584413570174813e-04
1.004961166819831077e-04
1.005337920069487341e-04
1.005714673319143605e-04
1.006091426568799733e-04
1.006468179818455997e-04
1.006844933068112261e-04
1.007221686317768525e-04
1.007598439567424788e-04
1.007975192817081052e-04
1.008351946066737316e-04
1.008728699316393580e-04
1.009038305968948038e-04
1.009280766024400826e-04
1.009523226079853613e-04
1.009765686135306265e-04
1.010008146190759053e-04
1.010250606246211841e-04
1.010493066301664628e-04
1.010735526357117416e-04
1.010977986412570204e-04
1.011220446468022856e-04
1.011462906523475643e-04
1.011705366578928431e-04
1.011947826634381219e-04
1.012190286689834006e-04
1.012432746745286659e-04
1.012675206800739446e-04
1.012917666856192234e-04
1.013045224398205626e-04
1.013057879426779623e-04
1.013070534455353620e-04
1.013083189483927616e-04
1.013095844512501613e-04
1.013108499541075610e-04
1.013121154569649607e-04
1.013133809598223603e-04
1.013146464626797600e-04
1.013159119655371597e-04
1.013171774683945594e-04
1.013184429712519591e-04
1.013197084741093587e-04
1.013209739769667584e-04
1.013222394798241581e-04
1.013235049826815578e-04
1.013247704855389574e-04
1.013758147288042487e-04
1.014268589720695399e-04
1.014779032153348312e-04
1.015289474586001224e-04
1.015799917018654137e-04
1.016310359451307049e-04
1.016820801883959962e-04
1.017331244316612874e-04
1.017841686749265787e-04
1.018352129181918699e-04
1.018862571614571612e-04
1.019373014047224524e-04
1.019883456479877436e-04
1.020393898912530349e-04
1.020904341345183261e-04
1.021414783777836174e-04
1.021804971011092188e-04
1.022074903044951439e-04
1.022344835078810554e-04
1.022614767112669669e-04
1.022884699146528920e-04
1.023154631180388035e-04
1.023424563214247286e-04
1.023694495248106401e-04
1.023964427281965652e-04
1.024234359315824767e-04
1.024504291349683882e-04
1.024774223383543133e-04
1.025044155417402248e-04
1.025314087451261499e-04
1.025584019485120614e-04
1.025853951518979729e-04
1.026123883552838980e-04
1.026162673538810532e-04
1.025970321476894520e-04
1.025777969414978509e-04
1.025585617353062497e-04
1.025393265291146486e-04
1.025200913229230474e-04
1.025008561167314462e-04
1.024816209105398451e-04
1.024623857043482304e-04
1.024431504981566292e-04
1.024239152919650280e-04
1.024046800857734269e-04
1.023854448795818257e-04
1.023662096733902245e-04
1.023469744671986234e-04
1.023277392610070222e-04
1.023085040548154211e-04
1.023239319398013876e-04
1.023393598247873405e-04
1.023547877097733070e-04
1.023702155947592735e-04
1.023856434797452264e-04
1.024010713647311929e-04
1.024164992497171594e-04
1.024319271347031124e-04
1.024473550196890789e-04
1.024627829046750454e-04
1.024782107896609983e-04
1.024936386746469648e-04
1.025090665596329313e-04
1.025244944446188842e-04
1.025399223296048507e-04
1.025553502145908172e-04
1.025370391126851884e-04
1.024849890238879643e-04
1.024329389350907537e-04
1.023808888462935296e-04
1.023288387574963055e-04
1.022767886686990949e-04
1.022247385799018708e-04
1.021726884911046602e-04
1.021206384023074361e-04
1.020685883135102120e-04
1.020165382247130014e-04
1.019644881359157773e-04
1.019124380471185667e-04
1.018603879583213426e-04
1.018083378695241184e-04
1.017562877807269079e-04
1.017042376919296838e-04
1.016709531292428427e-04
1.016564340926663846e-04
1.016419150560899265e-04
1.016273960195134685e-04
1.016128769829369969e-04
1.015983579463605388e-04
1.015838389097840807e-04
1.015693198732076227e-04
1.015548008366311511e-04
1.015402818000546930e-04
1.015257627634782349e-04
1.015112437269017769e-04
1.014967246903253188e-04
1.014822056537488472e-04
1.014676866171723891e-04
1.014531675805959311e-04
1.014386485440194730e-04
1.014422147543867544e-04
1.014638662116977889e-04
1.014855176690088233e-04
1.015071691263198577e-04
1.015288205836309057e-04
1.015504720409419402e-04
1.015721234982529746e-04
1.015937749555640091e-04
1.016154264128750435e-04
1.016370778701860780e-04
1.016587293274971124e-04
1.016803807848081469e-04
1.017020322421191949e-04
1.017236836994302293e-04
1.017453351567412637e-04
1.017669866140522982e-04
1.017886380713633326e-04
1.017695461628698883e-04
1.017504542543764439e-04
1.017313623458829995e-04
1.017122704373895552e-04
1.016931785288961108e-04
1.016740866204026800e-04
1.016549947119092356e-04
1.016359028034157912e-04
1.016168108949223469e-04
1.015977189864289025e-04
1.015786270779354581e-04
1.015595351694420137e-04
1.015404432609485694e-04
1.015213513524551250e-04
1.015022594439616806e-04
1.014831675354682363e-04
1.014860124415644451e-04
1.015107941622502799e-04
1.015355758829361284e-04
1.015603576036219633e-04
1.015851393243078117e-04
1.016099210449936466e-04
1.016347027656794950e-04
1.016594844863653299e-04
1.016842662070511648e-04
1.017090479277370132e-04
1.017338296484228481e-04
1.017586113691086965e-04
1.017833930897945314e-04
1.018081748104803798e-04
1.018329565311662147e-04
1.018577382518520632e-04
1.018825199725378980e-04
1.018556723560410477e-04
1.017771954023614852e-04
1.016987184486819226e-04
1.016202414950023600e-04
1.015417645413227974e-04
1.014632875876432348e-04
1.013848106339636723e-04
1.013063336802841097e-04
1.012278567266045471e-04
1.011493797729249845e-04
1.010709028192454219e-04
1.009924258655658594e-04
1.009139489118862968e-04
1.008354719582067342e-04
1.007569950045271716e-04
1.006785180508476090e-04
1.006000410971680465e-04
0.000000000000000000e+00
0.000000000000000000e+00
0.000000000000000000e+00
0.000000000000000000e+00
0.000000000000000000e+00
0.000000000000000000e+00
0.000000000000000000e+00
0.000000000000000000e+00
